Project ID,Report Date,Number of Tasks Completed,Number of Tasks In Progress,Number of Delayed Tasks,Daily Progress Percentage
PRJ_001,2023-01-01,0,9,0,2.67
PRJ_001,2023-01-02,3,8,0,5.53
PRJ_001,2023-01-03,5,8,0,8.07
PRJ_001,2023-01-04,8,8,0,10.6
PRJ_001,2023-01-05,10,7,0,13.0
PRJ_001,2023-01-06,13,6,0,15.07
PRJ_001,2023-01-07,15,10,0,16.93
PRJ_001,2023-01-08,16,13,1,19.57
PRJ_001,2023-01-09,19,12,1,22.74
PRJ_001,2023-01-10,22,10,2,25.45
PRJ_001,2023-01-11,23,14,3,27.36
PRJ_001,2023-01-12,25,16,4,30.16
PRJ_001,2023-01-13,26,18,6,33.49
PRJ_001,2023-01-14,30,17,4,37.49
PRJ_001,2023-01-15,35,12,3,41.26
PRJ_001,2023-01-16,39,11,4,43.79
PRJ_001,2023-01-17,43,12,5,46.27
PRJ_001,2023-01-18,44,15,5,48.6
PRJ_001,2023-01-19,46,16,6,51.77
PRJ_001,2023-01-20,49,14,7,54.9
PRJ_001,2023-01-21,52,16,7,57.44
PRJ_001,2023-01-22,54,18,8,60.2
PRJ_002,2023-01-01,0,4,0,0.67
PRJ_002,2023-01-02,0,7,0,2.0
PRJ_002,2023-01-03,2,5,0,4.17
PRJ_002,2023-01-04,4,7,0,5.67
PRJ_002,2023-01-05,6,9,0,7.48
PRJ_002,2023-01-06,6,10,0,9.66
PRJ_002,2023-01-07,8,9,4,12.17
PRJ_002,2023-01-08,11,14,4,14.1
PRJ_002,2023-01-09,13,14,5,17.06
PRJ_002,2023-01-10,14,15,6,20.14
PRJ_002,2023-01-11,19,14,7,23.29
PRJ_002,2023-01-12,22,16,8,25.99
PRJ_002,2023-01-13,23,17,9,29.09
PRJ_002,2023-01-14,25,20,11,32.5
PRJ_002,2023-01-15,29,22,13,35.96
PRJ_002,2023-01-16,32,19,12,39.3
PRJ_002,2023-01-17,33,20,13,41.9
PRJ_002,2023-01-18,37,23,13,44.82
PRJ_002,2023-01-19,39,23,12,48.42
PRJ_002,2023-01-20,43,21,11,52.47
PRJ_002,2023-01-21,46,18,11,55.97
PRJ_002,2023-01-22,50,19,13,58.72
PRJ_003,2023-01-01,0,2,0,0.33
PRJ_003,2023-01-02,0,6,0,1.0
PRJ_003,2023-01-03,1,9,0,3.0
PRJ_003,2023-01-04,2,9,0,5.62
PRJ_003,2023-01-05,6,5,0,8.25
PRJ_003,2023-01-06,8,8,0,9.54
PRJ_003,2023-01-07,9,11,4,11.24
PRJ_003,2023-01-08,9,15,6,13.37
PRJ_003,2023-01-09,12,18,7,16.32
PRJ_003,2023-01-10,13,19,7,19.67
PRJ_003,2023-01-11,17,19,7,23.13
PRJ_003,2023-01-12,20,19,8,26.8
PRJ_003,2023-01-13,21,20,11,30.19
PRJ_003,2023-01-14,25,20,12,33.82
PRJ_003,2023-01-15,29,18,10,37.08
PRJ_003,2023-01-16,32,19,11,40.27
PRJ_003,2023-01-17,36,17,10,43.68
PRJ_003,2023-01-18,39,15,11,46.53
PRJ_003,2023-01-19,42,15,11,48.85
PRJ_003,2023-01-20,46,13,9,50.66
PRJ_003,2023-01-21,48,16,9,52.38
PRJ_003,2023-01-22,49,18,11,54.69
PRJ_004,2023-01-01,0,6,0,1.0
PRJ_004,2023-01-02,1,6,0,2.78
PRJ_004,2023-01-03,2,7,0,4.57
PRJ_004,2023-01-04,4,7,0,6.68
PRJ_004,2023-01-05,6,7,0,8.67
PRJ_004,2023-01-06,9,9,0,10.5
PRJ_004,2023-01-07,10,12,2,12.34
PRJ_004,2023-01-08,11,15,4,14.79
PRJ_004,2023-01-09,13,17,4,17.82
PRJ_004,2023-01-10,15,17,6,21.26
PRJ_004,2023-01-11,16,20,7,24.71
PRJ_004,2023-01-12,22,17,7,28.79
PRJ_004,2023-01-13,25,17,9,31.86
PRJ_004,2023-01-14,28,17,10,34.68
PRJ_004,2023-01-15,30,16,8,37.31
PRJ_004,2023-01-16,32,17,10,40.05
PRJ_004,2023-01-17,36,17,8,42.83
PRJ_004,2023-01-18,40,17,8,45.83
PRJ_004,2023-01-19,42,18,8,48.71
PRJ_004,2023-01-20,46,19,8,51.47
PRJ_004,2023-01-21,47,21,10,54.48
PRJ_004,2023-01-22,48,23,12,57.77
PRJ_005,2023-01-01,0,3,0,1.67
PRJ_005,2023-01-02,2,5,0,2.67
PRJ_005,2023-01-03,3,6,0,4.12
PRJ_005,2023-01-04,3,6,0,5.9
PRJ_005,2023-01-05,5,7,0,7.68
PRJ_005,2023-01-06,8,4,0,9.59
PRJ_005,2023-01-07,9,5,2,10.58
PRJ_005,2023-01-08,11,9,3,12.04
PRJ_005,2023-01-09,11,11,6,14.0
PRJ_005,2023-01-10,13,13,7,16.39
PRJ_005,2023-01-11,15,14,8,18.67
PRJ_005,2023-01-12,16,15,11,20.84
PRJ_005,2023-01-13,19,19,12,23.27
PRJ_005,2023-01-14,20,21,14,26.33
PRJ_005,2023-01-15,22,22,14,29.56
PRJ_005,2023-01-16,25,23,16,32.92
PRJ_005,2023-01-17,26,24,18,35.84
PRJ_005,2023-01-18,30,25,19,38.84
PRJ_005,2023-01-19,31,24,19,41.85
PRJ_005,2023-01-20,33,27,20,44.77
PRJ_005,2023-01-21,37,26,18,48.35
PRJ_005,2023-01-22,37,32,20,51.98
PRJ_006,2023-01-01,0,6,0,1.67
PRJ_006,2023-01-02,2,8,0,3.53
PRJ_006,2023-01-03,3,7,0,5.93
PRJ_006,2023-01-04,5,7,0,8.0
PRJ_006,2023-01-05,8,6,0,10.07
PRJ_006,2023-01-06,9,6,0,11.53
PRJ_006,2023-01-07,12,8,1,13.05
PRJ_006,2023-01-08,12,13,2,14.55
PRJ_006,2023-01-09,12,15,3,17.02
PRJ_006,2023-01-10,15,16,4,20.03
PRJ_006,2023-01-11,17,16,5,23.3
PRJ_006,2023-01-12,21,16,6,26.44
PRJ_006,2023-01-13,24,15,5,29.76
PRJ_006,2023-01-14,26,13,8,32.79
PRJ_006,2023-01-15,29,18,10,35.28
PRJ_006,2023-01-16,33,17,10,38.04
PRJ_006,2023-01-17,33,20,11,40.71
PRJ_006,2023-01-18,36,18,11,44.13
PRJ_006,2023-01-19,40,18,12,47.25
PRJ_006,2023-01-20,45,20,10,50.25
PRJ_006,2023-01-21,46,21,11,53.6
PRJ_006,2023-01-22,49,22,13,57.04
PRJ_007,2023-01-01,0,5,0,1.0
PRJ_007,2023-01-02,1,5,0,2.4
PRJ_007,2023-01-03,2,6,0,3.8
PRJ_007,2023-01-04,3,7,0,5.26
PRJ_007,2023-01-05,4,9,0,6.86
PRJ_007,2023-01-06,6,12,0,9.13
PRJ_007,2023-01-07,8,11,1,12.15
PRJ_007,2023-01-08,11,13,3,14.69
PRJ_007,2023-01-09,13,14,5,17.09
PRJ_007,2023-01-10,14,16,7,19.55
PRJ_007,2023-01-11,17,19,8,22.35
PRJ_007,2023-01-12,19,21,9,25.77
PRJ_007,2023-01-13,21,22,8,29.34
PRJ_007,2023-01-14,26,18,9,33.42
PRJ_007,2023-01-15,28,19,11,36.36
PRJ_007,2023-01-16,31,18,12,39.11
PRJ_007,2023-01-17,32,20,12,41.45
PRJ_007,2023-01-18,34,20,12,44.52
PRJ_007,2023-01-19,38,19,10,47.66
PRJ_007,2023-01-20,46,14,7,50.56
PRJ_007,2023-01-21,46,19,8,52.27
PRJ_007,2023-01-22,47,21,10,55.24
PRJ_008,2023-01-01,0,3,0,1.0
PRJ_008,2023-01-02,1,3,0,2.0
PRJ_008,2023-01-03,2,5,0,2.83
PRJ_008,2023-01-04,3,8,0,4.12
PRJ_008,2023-01-05,3,12,0,5.82
PRJ_008,2023-01-06,5,13,0,8.63
PRJ_008,2023-01-07,6,12,3,11.69
PRJ_008,2023-01-08,9,11,4,14.42
PRJ_008,2023-01-09,12,12,6,16.98
PRJ_008,2023-01-10,15,15,9,19.46
PRJ_008,2023-01-11,18,15,8,22.54
PRJ_008,2023-01-12,21,14,8,25.31
PRJ_008,2023-01-13,24,14,8,27.79
PRJ_008,2023-01-14,25,18,9,30.24
PRJ_008,2023-01-15,27,19,12,33.29
PRJ_008,2023-01-16,30,19,12,36.45
PRJ_008,2023-01-17,32,21,13,39.43
PRJ_008,2023-01-18,34,21,13,42.83
PRJ_008,2023-01-19,35,22,16,46.39
PRJ_008,2023-01-20,41,24,17,50.29
PRJ_008,2023-01-21,45,24,15,54.3
PRJ_008,2023-01-22,48,23,16,58.08
PRJ_009,2023-01-01,0,5,0,1.67
PRJ_009,2023-01-02,2,6,0,3.2
PRJ_009,2023-01-03,3,8,0,5.07
PRJ_009,2023-01-04,4,10,0,7.47
PRJ_009,2023-01-05,7,9,0,10.4
PRJ_009,2023-01-06,10,9,0,12.78
PRJ_009,2023-01-07,12,10,1,15.29
PRJ_009,2023-01-08,14,11,3,17.91
PRJ_009,2023-01-09,18,11,4,21.0
PRJ_009,2023-01-10,20,11,4,23.58
PRJ_009,2023-01-11,23,12,5,26.15
PRJ_009,2023-01-12,24,14,6,28.71
PRJ_009,2023-01-13,26,16,9,31.67
PRJ_009,2023-01-14,30,14,8,35.04
PRJ_009,2023-01-15,32,13,8,37.59
PRJ_009,2023-01-16,37,10,8,39.81
PRJ_009,2023-01-17,37,12,9,41.25
PRJ_009,2023-01-18,38,16,10,43.1
PRJ_009,2023-01-19,39,18,12,45.89
PRJ_009,2023-01-20,41,21,12,48.96
PRJ_009,2023-01-21,45,19,12,52.3
PRJ_009,2023-01-22,48,18,13,54.84
PRJ_010,2023-01-01,0,5,0,2.67
PRJ_010,2023-01-02,3,4,0,4.33
PRJ_010,2023-01-03,5,2,0,5.5
PRJ_010,2023-01-04,5,7,0,6.0
PRJ_010,2023-01-05,6,10,0,7.7
PRJ_010,2023-01-06,6,11,0,10.0
PRJ_010,2023-01-07,8,10,1,12.64
PRJ_010,2023-01-08,12,12,1,14.73
PRJ_010,2023-01-09,13,15,4,17.04
PRJ_010,2023-01-10,13,17,7,19.83
PRJ_010,2023-01-11,18,15,7,23.05
PRJ_010,2023-01-12,20,21,7,25.74
PRJ_010,2023-01-13,22,22,9,29.22
PRJ_010,2023-01-14,23,23,11,32.64
PRJ_010,2023-01-15,27,22,11,36.2
PRJ_010,2023-01-16,29,22,10,39.98
PRJ_010,2023-01-17,34,21,10,43.99
PRJ_010,2023-01-18,38,22,9,47.38
PRJ_010,2023-01-19,43,18,8,50.86
PRJ_010,2023-01-20,45,18,8,53.56
PRJ_010,2023-01-21,49,18,7,56.59
PRJ_010,2023-01-22,51,21,8,59.89
PRJ_011,2023-01-01,0,6,0,2.33
PRJ_011,2023-01-02,3,6,0,4.33
PRJ_011,2023-01-03,4,6,0,6.17
PRJ_011,2023-01-04,6,6,0,8.0
PRJ_011,2023-01-05,8,8,0,9.7
PRJ_011,2023-01-06,9,7,0,11.64
PRJ_011,2023-01-07,10,10,1,13.24
PRJ_011,2023-01-08,13,11,2,15.54
PRJ_011,2023-01-09,14,14,3,18.21
PRJ_011,2023-01-10,16,12,4,21.52
PRJ_011,2023-01-11,19,11,6,24.17
PRJ_011,2023-01-12,22,13,8,26.04
PRJ_011,2023-01-13,25,13,7,27.63
PRJ_011,2023-01-14,26,15,8,29.58
PRJ_011,2023-01-15,26,21,9,31.97
PRJ_011,2023-01-16,28,22,10,35.69
PRJ_011,2023-01-17,29,27,11,39.51
PRJ_011,2023-01-18,34,24,13,44.43
PRJ_011,2023-01-19,39,23,14,48.55
PRJ_011,2023-01-20,42,21,15,52.41
PRJ_011,2023-01-21,46,19,14,55.81
PRJ_011,2023-01-22,50,19,16,58.6
PRJ_012,2023-01-01,0,8,0,2.67
PRJ_012,2023-01-02,3,6,0,5.25
PRJ_012,2023-01-03,5,4,0,7.17
PRJ_012,2023-01-04,7,3,0,8.42
PRJ_012,2023-01-05,9,5,0,9.2
PRJ_012,2023-01-06,9,7,0,10.3
PRJ_012,2023-01-07,9,8,1,11.86
PRJ_012,2023-01-08,11,11,1,13.76
PRJ_012,2023-01-09,13,12,2,16.57
PRJ_012,2023-01-10,14,14,4,19.44
PRJ_012,2023-01-11,18,12,7,22.73
PRJ_012,2023-01-12,20,14,10,25.27
PRJ_012,2023-01-13,23,15,11,27.89
PRJ_012,2023-01-14,26,15,11,30.27
PRJ_012,2023-01-15,29,16,11,32.59
PRJ_012,2023-01-16,30,20,11,34.89
PRJ_012,2023-01-17,31,19,13,37.93
PRJ_012,2023-01-18,33,21,12,40.63
PRJ_012,2023-01-19,35,20,15,43.67
PRJ_012,2023-01-20,37,21,16,46.17
PRJ_012,2023-01-21,41,22,16,49.12
PRJ_012,2023-01-22,41,27,18,52.01
PRJ_013,2023-01-01,0,5,0,2.0
PRJ_013,2023-01-02,3,3,0,3.67
PRJ_013,2023-01-03,3,4,0,4.67
PRJ_013,2023-01-04,5,3,0,6.0
PRJ_013,2023-01-05,6,3,0,7.0
PRJ_013,2023-01-06,7,4,0,8.0
PRJ_013,2023-01-07,8,3,1,9.33
PRJ_013,2023-01-08,9,7,4,10.33
PRJ_013,2023-01-09,11,10,5,12.17
PRJ_013,2023-01-10,11,14,8,14.36
PRJ_013,2023-01-11,14,15,10,17.38
PRJ_013,2023-01-12,16,17,12,19.87
PRJ_013,2023-01-13,18,19,15,22.27
PRJ_013,2023-01-14,19,21,16,24.94
PRJ_013,2023-01-15,20,22,18,27.77
PRJ_013,2023-01-16,23,24,19,30.68
PRJ_013,2023-01-17,23,28,19,33.74
PRJ_013,2023-01-18,25,29,20,37.69
PRJ_013,2023-01-19,29,28,22,41.97
PRJ_013,2023-01-20,32,30,22,46.03
PRJ_013,2023-01-21,37,29,21,50.22
PRJ_013,2023-01-22,41,27,22,54.09
PRJ_014,2023-01-01,0,4,0,1.33
PRJ_014,2023-01-02,1,5,0,2.67
PRJ_014,2023-01-03,3,4,0,4.33
PRJ_014,2023-01-04,4,5,0,5.67
PRJ_014,2023-01-05,6,3,0,7.2
PRJ_014,2023-01-06,7,5,0,8.07
PRJ_014,2023-01-07,8,6,3,9.47
PRJ_014,2023-01-08,8,10,4,11.07
PRJ_014,2023-01-09,11,12,6,13.23
PRJ_014,2023-01-10,12,14,7,15.6
PRJ_014,2023-01-11,14,16,9,17.88
PRJ_014,2023-01-12,17,17,10,20.71
PRJ_014,2023-01-13,17,18,13,23.41
PRJ_014,2023-01-14,21,20,14,26.19
PRJ_014,2023-01-15,22,23,15,29.12
PRJ_014,2023-01-16,22,27,18,32.79
PRJ_014,2023-01-17,27,26,18,37.54
PRJ_014,2023-01-18,30,27,20,41.79
PRJ_014,2023-01-19,34,26,21,46.11
PRJ_014,2023-01-20,38,25,20,49.72
PRJ_014,2023-01-21,44,25,20,53.18
PRJ_014,2023-01-22,46,27,20,56.81
PRJ_015,2023-01-01,0,3,0,1.33
PRJ_015,2023-01-02,2,4,0,2.33
PRJ_015,2023-01-03,2,8,0,3.67
PRJ_015,2023-01-04,3,10,0,5.9
PRJ_015,2023-01-05,6,11,0,8.8
PRJ_015,2023-01-06,7,11,0,11.81
PRJ_015,2023-01-07,10,12,2,14.59
PRJ_015,2023-01-08,15,10,5,17.06
PRJ_015,2023-01-09,16,12,4,18.88
PRJ_015,2023-01-10,17,12,5,21.27
PRJ_015,2023-01-11,19,14,7,23.66
PRJ_015,2023-01-12,21,14,7,26.56
PRJ_015,2023-01-13,22,15,8,29.18
PRJ_015,2023-01-14,26,14,10,31.91
PRJ_015,2023-01-15,28,16,10,34.27
PRJ_015,2023-01-16,31,17,10,37.03
PRJ_015,2023-01-17,36,15,10,39.6
PRJ_015,2023-01-18,37,17,10,41.73
PRJ_015,2023-01-19,37,21,11,44.18
PRJ_015,2023-01-20,38,22,14,47.48
PRJ_015,2023-01-21,42,23,14,50.98
PRJ_015,2023-01-22,46,25,15,54.48
PRJ_016,2023-01-02,0,5,0,2.0
PRJ_016,2023-01-03,3,5,0,3.53
PRJ_016,2023-01-04,3,7,0,4.93
PRJ_016,2023-01-05,4,10,0,7.0
PRJ_016,2023-01-06,6,9,0,9.93
PRJ_016,2023-01-07,9,9,0,12.53
PRJ_016,2023-01-08,13,7,0,15.27
PRJ_016,2023-01-09,14,7,2,17.33
PRJ_016,2023-01-10,18,5,4,19.4
PRJ_016,2023-01-11,19,7,5,20.42
PRJ_016,2023-01-12,20,10,6,21.59
PRJ_016,2023-01-13,21,11,6,23.51
PRJ_016,2023-01-14,22,11,8,25.43
PRJ_016,2023-01-15,25,14,8,27.35
PRJ_016,2023-01-16,25,16,10,29.49
PRJ_016,2023-01-17,26,19,13,32.3
PRJ_016,2023-01-18,28,23,16,35.13
PRJ_016,2023-01-19,30,24,18,38.33
PRJ_016,2023-01-20,32,26,19,41.48
PRJ_016,2023-01-21,35,25,19,45.18
PRJ_016,2023-01-22,36,27,21,48.49
PRJ_017,2023-01-02,0,5,0,1.67
PRJ_017,2023-01-03,2,5,0,3.33
PRJ_017,2023-01-04,3,5,0,5.0
PRJ_017,2023-01-05,5,6,0,6.67
PRJ_017,2023-01-06,7,7,0,8.4
PRJ_017,2023-01-07,8,6,0,10.33
PRJ_017,2023-01-08,9,7,2,11.93
PRJ_017,2023-01-09,11,8,4,13.87
PRJ_017,2023-01-10,13,10,5,15.49
PRJ_017,2023-01-11,16,10,5,17.53
PRJ_017,2023-01-12,16,13,6,19.09
PRJ_017,2023-01-13,18,15,8,21.3
PRJ_017,2023-01-14,19,16,10,23.78
PRJ_017,2023-01-15,20,18,12,26.48
PRJ_017,2023-01-16,23,18,13,29.58
PRJ_017,2023-01-17,25,20,16,32.3
PRJ_017,2023-01-18,28,20,16,35.44
PRJ_017,2023-01-19,29,20,18,37.94
PRJ_017,2023-01-20,32,22,20,40.44
PRJ_017,2023-01-21,33,26,20,43.31
PRJ_017,2023-01-22,37,23,20,46.97
PRJ_018,2023-01-02,0,6,0,2.67
PRJ_018,2023-01-03,3,6,0,4.67
PRJ_018,2023-01-04,5,5,0,6.67
PRJ_018,2023-01-05,6,7,0,8.33
PRJ_018,2023-01-06,9,9,0,10.36
PRJ_018,2023-01-07,10,10,0,12.67
PRJ_018,2023-01-08,11,11,1,15.14
PRJ_018,2023-01-09,15,11,2,17.94
PRJ_018,2023-01-10,16,13,4,20.7
PRJ_018,2023-01-11,18,13,5,23.88
PRJ_018,2023-01-12,22,13,5,26.8
PRJ_018,2023-01-13,25,12,6,29.73
PRJ_018,2023-01-14,28,13,6,32.24
PRJ_018,2023-01-15,31,13,6,34.81
PRJ_018,2023-01-16,34,13,7,37.38
PRJ_018,2023-01-17,35,15,8,39.7
PRJ_018,2023-01-18,37,15,9,42.29
PRJ_018,2023-01-19,39,14,9,44.62
PRJ_018,2023-01-20,40,18,10,46.76
PRJ_018,2023-01-21,42,19,11,49.75
PRJ_018,2023-01-22,45,19,12,53.07
PRJ_019,2023-01-02,0,4,0,2.0
PRJ_019,2023-01-03,3,4,0,3.25
PRJ_019,2023-01-04,3,6,0,4.5
PRJ_019,2023-01-05,3,7,0,6.21
PRJ_019,2023-01-06,7,7,0,8.08
PRJ_019,2023-01-07,8,6,0,9.82
PRJ_019,2023-01-08,8,10,1,11.22
PRJ_019,2023-01-09,11,11,3,13.64
PRJ_019,2023-01-10,11,12,6,15.98
PRJ_019,2023-01-11,14,14,6,18.65
PRJ_019,2023-01-12,18,15,7,21.27
PRJ_019,2023-01-13,19,15,10,23.79
PRJ_019,2023-01-14,20,20,11,26.17
PRJ_019,2023-01-15,23,21,12,29.48
PRJ_019,2023-01-16,24,25,13,32.95
PRJ_019,2023-01-17,28,26,12,37.43
PRJ_019,2023-01-18,32,25,13,42.02
PRJ_019,2023-01-19,36,23,14,46.39
PRJ_019,2023-01-20,40,20,14,49.97
PRJ_019,2023-01-21,43,22,15,52.85
PRJ_019,2023-01-22,46,25,14,56.25
PRJ_020,2023-01-02,0,6,0,1.03
PRJ_020,2023-01-03,0,10,0,2.68
PRJ_020,2023-01-04,2,9,0,5.2
PRJ_020,2023-01-05,4,12,0,7.38
PRJ_020,2023-01-06,6,13,0,10.05
PRJ_020,2023-01-07,7,15,0,12.84
PRJ_020,2023-01-08,10,12,1,16.11
PRJ_020,2023-01-09,14,12,0,18.59
PRJ_020,2023-01-10,17,12,1,21.14
PRJ_020,2023-01-11,19,12,1,23.66
PRJ_020,2023-01-12,22,11,2,26.12
PRJ_020,2023-01-13,23,12,3,28.09
PRJ_020,2023-01-14,26,14,3,29.95
PRJ_020,2023-01-15,27,17,4,32.3
PRJ_020,2023-01-16,30,19,6,35.39
PRJ_020,2023-01-17,31,23,7,39.13
PRJ_020,2023-01-18,35,22,7,43.3
PRJ_020,2023-01-19,38,21,10,47.2
PRJ_020,2023-01-20,41,21,11,50.69
PRJ_020,2023-01-21,45,19,12,54.25
PRJ_020,2023-01-22,50,18,10,57.23
PRJ_021,2023-01-02,0,5,0,2.0
PRJ_021,2023-01-03,2,5,0,3.67
PRJ_021,2023-01-04,4,5,0,5.17
PRJ_021,2023-01-05,5,6,0,6.53
PRJ_021,2023-01-06,6,7,0,8.23
PRJ_021,2023-01-07,7,9,0,10.1
PRJ_021,2023-01-08,9,8,2,12.34
PRJ_021,2023-01-09,12,8,2,14.25
PRJ_021,2023-01-10,13,11,3,15.97
PRJ_021,2023-01-11,15,11,6,18.35
PRJ_021,2023-01-12,17,12,7,20.81
PRJ_021,2023-01-13,19,17,8,23.52
PRJ_021,2023-01-14,22,16,10,26.77
PRJ_021,2023-01-15,25,22,11,29.29
PRJ_021,2023-01-16,26,22,13,32.68
PRJ_021,2023-01-17,27,24,15,36.07
PRJ_021,2023-01-18,30,23,16,39.81
PRJ_021,2023-01-19,34,21,14,42.97
PRJ_021,2023-01-20,37,21,15,45.73
PRJ_021,2023-01-21,37,25,15,48.44
PRJ_021,2023-01-22,41,22,15,52.09
PRJ_022,2023-01-02,0,6,0,1.17
PRJ_022,2023-01-03,0,9,0,2.87
PRJ_022,2023-01-04,2,7,0,5.48
PRJ_022,2023-01-05,5,7,0,7.43
PRJ_022,2023-01-06,7,6,0,9.33
PRJ_022,2023-01-07,9,4,0,10.9
PRJ_022,2023-01-08,10,7,1,12.02
PRJ_022,2023-01-09,12,10,2,13.59
PRJ_022,2023-01-10,13,12,3,15.88
PRJ_022,2023-01-11,14,16,4,18.37
PRJ_022,2023-01-12,17,19,6,21.65
PRJ_022,2023-01-13,18,19,8,25.22
PRJ_022,2023-01-14,22,18,9,28.93
PRJ_022,2023-01-15,27,13,11,32.34
PRJ_022,2023-01-16,28,15,12,34.31
PRJ_022,2023-01-17,30,15,13,36.44
PRJ_022,2023-01-18,31,19,14,38.36
PRJ_022,2023-01-19,34,20,13,41.41
PRJ_022,2023-01-20,36,22,13,44.43
PRJ_022,2023-01-21,40,22,14,48.08
PRJ_022,2023-01-22,41,25,14,51.83
PRJ_023,2023-01-02,0,2,0,0.83
PRJ_023,2023-01-03,0,5,0,1.42
PRJ_023,2023-01-04,2,4,0,2.87
PRJ_023,2023-01-05,2,6,0,4.07
PRJ_023,2023-01-06,4,6,0,5.74
PRJ_023,2023-01-07,5,9,0,7.23
PRJ_023,2023-01-08,7,12,3,9.16
PRJ_023,2023-01-09,8,16,4,11.85
PRJ_023,2023-01-10,9,16,7,15.13
PRJ_023,2023-01-11,12,17,9,18.42
PRJ_023,2023-01-12,16,18,10,21.55
PRJ_023,2023-01-13,19,18,10,24.74
PRJ_023,2023-01-14,22,18,11,27.9
PRJ_023,2023-01-15,24,19,13,30.87
PRJ_023,2023-01-16,25,21,13,33.92
PRJ_023,2023-01-17,29,17,14,37.06
PRJ_023,2023-01-18,32,18,14,39.31
PRJ_023,2023-01-19,34,21,14,41.48
PRJ_023,2023-01-20,35,26,14,44.4
PRJ_023,2023-01-21,38,26,14,48.69
PRJ_023,2023-01-22,42,23,13,53.33
PRJ_024,2023-01-02,0,6,0,1.33
PRJ_024,2023-01-03,1,5,0,3.07
PRJ_024,2023-01-04,3,5,0,4.47
PRJ_024,2023-01-05,4,9,0,5.87
PRJ_024,2023-01-06,4,11,0,8.11
PRJ_024,2023-01-07,8,9,0,11.02
PRJ_024,2023-01-08,10,11,1,13.31
PRJ_024,2023-01-09,12,13,2,15.87
PRJ_024,2023-01-10,15,13,4,18.63
PRJ_024,2023-01-11,17,13,6,21.58
PRJ_024,2023-01-12,19,16,7,24.32
PRJ_024,2023-01-13,21,15,8,27.55
PRJ_024,2023-01-14,25,13,8,30.45
PRJ_024,2023-01-15,28,16,10,33.07
PRJ_024,2023-01-16,30,16,10,35.73
PRJ_024,2023-01-17,31,15,11,38.36
PRJ_024,2023-01-18,36,15,10,40.66
PRJ_024,2023-01-19,39,17,10,42.91
PRJ_024,2023-01-20,39,21,11,45.5
PRJ_024,2023-01-21,41,25,12,48.99
PRJ_024,2023-01-22,43,25,14,52.87
PRJ_025,2023-01-02,0,8,0,2.67
PRJ_025,2023-01-03,3,6,0,5.33
PRJ_025,2023-01-04,5,7,0,7.2
PRJ_025,2023-01-05,8,6,0,9.32
PRJ_025,2023-01-06,8,10,0,11.1
PRJ_025,2023-01-07,10,10,0,14.22
PRJ_025,2023-01-08,14,7,1,16.93
PRJ_025,2023-01-09,18,7,1,18.64
PRJ_025,2023-01-10,18,11,1,20.36
PRJ_025,2023-01-11,18,12,4,23.07
PRJ_025,2023-01-12,22,13,5,26.11
PRJ_025,2023-01-13,25,14,5,28.77
PRJ_025,2023-01-14,26,14,5,31.55
PRJ_025,2023-01-15,28,17,8,34.33
PRJ_025,2023-01-16,32,14,9,37.58
PRJ_025,2023-01-17,35,15,7,39.9
PRJ_025,2023-01-18,38,13,8,42.63
PRJ_025,2023-01-19,38,16,9,44.82
PRJ_025,2023-01-20,42,16,10,47.52
PRJ_025,2023-01-21,44,15,9,49.95
PRJ_025,2023-01-22,46,14,11,52.21
PRJ_026,2023-01-02,0,5,0,2.67
PRJ_026,2023-01-03,4,2,0,4.33
PRJ_026,2023-01-04,4,4,0,5.0
PRJ_026,2023-01-05,5,4,0,6.2
PRJ_026,2023-01-06,6,8,0,7.4
PRJ_026,2023-01-07,7,10,0,9.72
PRJ_026,2023-01-08,8,12,0,12.49
PRJ_026,2023-01-09,12,9,3,15.8
PRJ_026,2023-01-10,15,12,4,18.24
PRJ_026,2023-01-11,18,12,7,20.78
PRJ_026,2023-01-12,19,14,8,23.19
PRJ_026,2023-01-13,22,15,9,25.75
PRJ_026,2023-01-14,24,16,9,28.52
PRJ_026,2023-01-15,26,16,9,31.29
PRJ_026,2023-01-16,29,15,10,33.95
PRJ_026,2023-01-17,30,17,13,36.02
PRJ_026,2023-01-18,30,22,14,38.24
PRJ_026,2023-01-19,34,22,14,41.28
PRJ_026,2023-01-20,34,24,16,44.42
PRJ_026,2023-01-21,35,31,16,47.96
PRJ_026,2023-01-22,40,27,16,52.81
PRJ_027,2023-01-02,0,6,0,1.0
PRJ_027,2023-01-03,1,6,0,2.73
PRJ_027,2023-01-04,2,8,0,4.47
PRJ_027,2023-01-05,4,7,0,6.73
PRJ_027,2023-01-06,5,7,0,8.67
PRJ_027,2023-01-07,9,6,0,10.6
PRJ_027,2023-01-08,10,6,1,12.47
PRJ_027,2023-01-09,12,8,3,14.33
PRJ_027,2023-01-10,15,9,3,16.74
PRJ_027,2023-01-11,16,12,6,18.84
PRJ_027,2023-01-12,19,14,7,21.44
PRJ_027,2023-01-13,20,15,9,24.02
PRJ_027,2023-01-14,22,16,12,26.68
PRJ_027,2023-01-15,25,17,12,29.16
PRJ_027,2023-01-16,26,18,13,31.6
PRJ_027,2023-01-17,27,17,14,34.37
PRJ_027,2023-01-18,29,17,16,36.8
PRJ_027,2023-01-19,32,19,16,38.98
PRJ_027,2023-01-20,32,23,18,41.51
PRJ_027,2023-01-21,33,25,20,44.97
PRJ_027,2023-01-22,38,28,20,48.36
PRJ_028,2023-01-02,0,4,0,0.33
PRJ_028,2023-01-03,0,7,0,1.53
PRJ_028,2023-01-04,1,9,0,3.54
PRJ_028,2023-01-05,3,9,0,6.09
PRJ_028,2023-01-06,5,9,0,8.29
PRJ_028,2023-01-07,8,7,0,10.28
PRJ_028,2023-01-08,8,13,3,11.66
PRJ_028,2023-01-09,10,12,5,14.22
PRJ_028,2023-01-10,12,14,4,16.59
PRJ_028,2023-01-11,15,12,5,19.63
PRJ_028,2023-01-12,16,14,6,21.95
PRJ_028,2023-01-13,20,13,8,24.43
PRJ_028,2023-01-14,21,15,9,26.67
PRJ_028,2023-01-15,24,17,10,29.31
PRJ_028,2023-01-16,27,17,10,32.0
PRJ_028,2023-01-17,29,21,11,34.45
PRJ_028,2023-01-18,31,22,11,37.64
PRJ_028,2023-01-19,32,25,14,41.4
PRJ_028,2023-01-20,35,28,16,45.72
PRJ_028,2023-01-21,39,26,17,50.48
PRJ_028,2023-01-22,44,23,16,54.48
PRJ_029,2023-01-02,0,4,0,1.0
PRJ_029,2023-01-03,1,4,0,2.33
PRJ_029,2023-01-04,2,5,0,3.67
PRJ_029,2023-01-05,4,6,0,5.33
PRJ_029,2023-01-06,5,7,0,7.14
PRJ_029,2023-01-07,7,8,0,9.29
PRJ_029,2023-01-08,9,9,3,11.44
PRJ_029,2023-01-09,11,10,5,13.67
PRJ_029,2023-01-10,12,12,6,15.73
PRJ_029,2023-01-11,14,14,9,18.2
PRJ_029,2023-01-12,17,16,9,20.88
PRJ_029,2023-01-13,19,16,9,23.8
PRJ_029,2023-01-14,22,14,10,26.71
PRJ_029,2023-01-15,24,16,12,29.15
PRJ_029,2023-01-16,26,18,13,31.49
PRJ_029,2023-01-17,27,19,16,34.36
PRJ_029,2023-01-18,29,21,16,37.32
PRJ_029,2023-01-19,32,21,17,40.36
PRJ_029,2023-01-20,34,20,18,42.95
PRJ_029,2023-01-21,36,22,19,45.2
PRJ_029,2023-01-22,39,21,18,47.74
PRJ_030,2023-01-03,0,5,0,1.67
PRJ_030,2023-01-04,2,5,0,3.2
PRJ_030,2023-01-05,3,6,0,4.6
PRJ_030,2023-01-06,4,8,0,6.03
PRJ_030,2023-01-07,5,11,0,8.0
PRJ_030,2023-01-08,6,14,0,10.83
PRJ_030,2023-01-09,9,12,1,14.59
PRJ_030,2023-01-10,13,11,2,17.82
PRJ_030,2023-01-11,18,9,2,20.59
PRJ_030,2023-01-12,20,11,4,22.65
PRJ_030,2023-01-13,22,13,6,25.02
PRJ_030,2023-01-14,23,17,7,27.8
PRJ_030,2023-01-15,25,20,8,31.25
PRJ_030,2023-01-16,30,17,7,35.32
PRJ_030,2023-01-17,32,18,8,38.5
PRJ_030,2023-01-18,35,15,10,41.78
PRJ_030,2023-01-19,37,17,11,44.06
PRJ_030,2023-01-20,40,15,11,46.74
PRJ_030,2023-01-21,41,20,11,48.92
PRJ_030,2023-01-22,44,19,11,52.29
PRJ_031,2023-01-03,0,6,0,1.33
PRJ_031,2023-01-04,1,6,0,3.2
PRJ_031,2023-01-05,3,6,0,5.07
PRJ_031,2023-01-06,5,7,0,6.93
PRJ_031,2023-01-07,6,8,0,9.0
PRJ_031,2023-01-08,9,7,0,11.4
PRJ_031,2023-01-09,11,8,2,13.39
PRJ_031,2023-01-10,13,9,3,15.38
PRJ_031,2023-01-11,15,9,4,16.93
PRJ_031,2023-01-12,16,10,6,18.41
PRJ_031,2023-01-13,16,13,7,20.22
PRJ_031,2023-01-14,18,15,8,22.64
PRJ_031,2023-01-15,20,15,9,25.48
PRJ_031,2023-01-16,22,16,10,28.31
PRJ_031,2023-01-17,25,14,11,31.18
PRJ_031,2023-01-18,28,18,15,33.33
PRJ_031,2023-01-19,31,23,15,36.17
PRJ_031,2023-01-20,31,24,15,39.73
PRJ_031,2023-01-21,34,24,18,43.36
PRJ_031,2023-01-22,37,28,18,46.73
PRJ_032,2023-01-03,0,8,0,2.17
PRJ_032,2023-01-04,2,9,0,4.4
PRJ_032,2023-01-05,3,10,0,6.97
PRJ_032,2023-01-06,6,7,0,9.78
PRJ_032,2023-01-07,9,5,0,11.77
PRJ_032,2023-01-08,12,4,0,13.08
PRJ_032,2023-01-09,13,6,0,14.11
PRJ_032,2023-01-10,14,7,0,15.76
PRJ_032,2023-01-11,15,8,2,17.73
PRJ_032,2023-01-12,17,9,3,19.82
PRJ_032,2023-01-13,19,12,4,21.75
PRJ_032,2023-01-14,21,14,7,23.95
PRJ_032,2023-01-15,22,17,9,26.57
PRJ_032,2023-01-16,24,18,11,29.48
PRJ_032,2023-01-17,27,16,11,32.46
PRJ_032,2023-01-18,28,19,13,35.0
PRJ_032,2023-01-19,31,21,15,37.73
PRJ_032,2023-01-20,33,22,15,40.66
PRJ_032,2023-01-21,33,24,17,43.63
PRJ_032,2023-01-22,37,24,17,47.03
PRJ_033,2023-01-03,0,2,0,0.0
PRJ_033,2023-01-04,0,5,0,0.53
PRJ_033,2023-01-05,0,8,0,1.93
PRJ_033,2023-01-06,1,9,0,3.98
PRJ_033,2023-01-07,3,9,0,5.98
PRJ_033,2023-01-08,5,10,0,7.51
PRJ_033,2023-01-09,6,14,3,9.26
PRJ_033,2023-01-10,6,19,5,11.72
PRJ_033,2023-01-11,8,20,6,15.12
PRJ_033,2023-01-12,12,19,6,18.58
PRJ_033,2023-01-13,13,21,8,21.62
PRJ_033,2023-01-14,17,22,9,24.84
PRJ_033,2023-01-15,19,25,11,28.41
PRJ_033,2023-01-16,21,27,11,32.7
PRJ_033,2023-01-17,27,27,9,37.55
PRJ_033,2023-01-18,30,28,12,42.36
PRJ_033,2023-01-19,37,25,10,47.36
PRJ_033,2023-01-20,40,24,9,52.32
PRJ_033,2023-01-21,45,21,10,57.09
PRJ_033,2023-01-22,53,14,9,61.1
PRJ_034,2023-01-03,0,1,0,0.0
PRJ_034,2023-01-04,0,4,0,0.2
PRJ_034,2023-01-05,0,6,0,1.23
PRJ_034,2023-01-06,0,9,0,2.77
PRJ_034,2023-01-07,2,9,0,4.96
PRJ_034,2023-01-08,4,13,0,6.94
PRJ_034,2023-01-09,5,17,3,9.6
PRJ_034,2023-01-10,7,20,5,12.59
PRJ_034,2023-01-11,11,18,7,16.0
PRJ_034,2023-01-12,11,19,8,18.83
PRJ_034,2023-01-13,12,22,10,22.01
PRJ_034,2023-01-14,16,20,10,25.85
PRJ_034,2023-01-15,23,17,8,29.33
PRJ_034,2023-01-16,25,18,8,32.36
PRJ_034,2023-01-17,26,20,10,35.36
PRJ_034,2023-01-18,29,22,13,38.55
PRJ_034,2023-01-19,35,21,9,42.23
PRJ_034,2023-01-20,38,23,9,46.2
PRJ_034,2023-01-21,41,23,11,50.58
PRJ_034,2023-01-22,46,22,10,54.55
PRJ_035,2023-01-03,0,5,0,1.25
PRJ_035,2023-01-04,1,5,0,2.75
PRJ_035,2023-01-05,2,5,0,4.12
PRJ_035,2023-01-06,4,6,0,5.35
PRJ_035,2023-01-07,5,7,0,6.64
PRJ_035,2023-01-08,5,10,0,8.27
PRJ_035,2023-01-09,7,13,2,10.73
PRJ_035,2023-01-10,9,14,2,13.41
PRJ_035,2023-01-11,13,13,3,16.13
PRJ_035,2023-01-12,13,16,6,18.52
PRJ_035,2023-01-13,15,17,9,21.65
PRJ_035,2023-01-14,17,20,9,25.2
PRJ_035,2023-01-15,22,17,10,29.18
PRJ_035,2023-01-16,27,17,9,32.39
PRJ_035,2023-01-17,29,18,11,35.44
PRJ_035,2023-01-18,33,18,10,38.35
PRJ_035,2023-01-19,36,17,12,41.44
PRJ_035,2023-01-20,37,20,13,44.06
PRJ_035,2023-01-21,39,18,14,47.21
PRJ_035,2023-01-22,40,24,15,49.69
PRJ_036,2023-01-03,0,4,0,0.67
PRJ_036,2023-01-04,1,4,0,1.83
PRJ_036,2023-01-05,1,5,0,2.92
PRJ_036,2023-01-06,2,9,0,4.25
PRJ_036,2023-01-07,4,7,0,6.14
PRJ_036,2023-01-08,5,11,0,7.52
PRJ_036,2023-01-09,6,13,3,9.39
PRJ_036,2023-01-10,7,17,6,11.87
PRJ_036,2023-01-11,9,20,6,15.48
PRJ_036,2023-01-12,12,18,7,19.72
PRJ_036,2023-01-13,16,19,9,23.38
PRJ_036,2023-01-14,20,18,10,26.94
PRJ_036,2023-01-15,23,17,11,29.99
PRJ_036,2023-01-16,27,16,11,32.82
PRJ_036,2023-01-17,29,18,11,35.27
PRJ_036,2023-01-18,31,20,11,37.78
PRJ_036,2023-01-19,34,19,10,40.78
PRJ_036,2023-01-20,35,20,12,43.68
PRJ_036,2023-01-21,39,20,12,46.76
PRJ_036,2023-01-22,40,22,14,49.23
PRJ_037,2023-01-03,0,2,0,0.33
PRJ_037,2023-01-04,0,4,0,1.0
PRJ_037,2023-01-05,1,5,0,2.33
PRJ_037,2023-01-06,2,7,0,3.81
PRJ_037,2023-01-07,4,10,0,5.79
PRJ_037,2023-01-08,5,11,0,8.16
PRJ_037,2023-01-09,7,10,4,10.88
PRJ_037,2023-01-10,9,13,6,13.12
PRJ_037,2023-01-11,11,14,8,15.65
PRJ_037,2023-01-12,13,16,8,18.08
PRJ_037,2023-01-13,16,17,9,21.06
PRJ_037,2023-01-14,18,18,10,23.92
PRJ_037,2023-01-15,20,20,10,26.86
PRJ_037,2023-01-16,23,22,10,30.37
PRJ_037,2023-01-17,25,24,13,34.23
PRJ_037,2023-01-18,30,20,12,38.49
PRJ_037,2023-01-19,33,21,12,41.7
PRJ_037,2023-01-20,36,20,13,44.91
PRJ_037,2023-01-21,37,21,14,47.79
PRJ_037,2023-01-22,42,19,14,50.73
PRJ_038,2023-01-03,0,8,0,3.0
PRJ_038,2023-01-04,3,6,0,5.53
PRJ_038,2023-01-05,6,4,0,7.4
PRJ_038,2023-01-06,7,5,0,8.6
PRJ_038,2023-01-07,8,7,0,9.97
PRJ_038,2023-01-08,10,10,0,11.7
PRJ_038,2023-01-09,11,10,0,14.13
PRJ_038,2023-01-10,12,10,0,16.57
PRJ_038,2023-01-11,14,13,2,19.0
PRJ_038,2023-01-12,17,12,4,21.86
PRJ_038,2023-01-13,21,10,4,24.43
PRJ_038,2023-01-14,24,10,3,26.51
PRJ_038,2023-01-15,25,12,6,28.38
PRJ_038,2023-01-16,27,14,7,30.93
PRJ_038,2023-01-17,28,16,8,33.62
PRJ_038,2023-01-18,31,16,11,36.72
PRJ_038,2023-01-19,34,18,11,39.35
PRJ_038,2023-01-20,36,17,12,42.02
PRJ_038,2023-01-21,38,20,14,44.35
PRJ_038,2023-01-22,40,20,15,47.35
PRJ_039,2023-01-03,0,2,0,1.0
PRJ_039,2023-01-04,1,6,0,1.67
PRJ_039,2023-01-05,2,6,0,3.2
PRJ_039,2023-01-06,2,7,0,4.6
PRJ_039,2023-01-07,4,10,0,6.25
PRJ_039,2023-01-08,4,12,0,8.12
PRJ_039,2023-01-09,5,13,3,10.32
PRJ_039,2023-01-10,10,12,2,12.85
PRJ_039,2023-01-11,10,17,4,15.08
PRJ_039,2023-01-12,12,19,6,18.14
PRJ_039,2023-01-13,14,21,7,21.56
PRJ_039,2023-01-14,18,18,8,25.32
PRJ_039,2023-01-15,19,21,10,28.25
PRJ_039,2023-01-16,23,19,11,31.32
PRJ_039,2023-01-17,27,20,10,34.02
PRJ_039,2023-01-18,29,22,10,37.07
PRJ_039,2023-01-19,32,23,9,40.39
PRJ_039,2023-01-20,34,24,10,43.8
PRJ_039,2023-01-21,36,26,11,47.35
PRJ_039,2023-01-22,40,23,11,51.41
PRJ_040,2023-01-03,0,2,0,0.0
PRJ_040,2023-01-04,0,6,0,0.53
PRJ_040,2023-01-05,0,9,0,2.23
PRJ_040,2023-01-06,1,12,0,4.77
PRJ_040,2023-01-07,4,9,0,7.7
PRJ_040,2023-01-08,7,9,0,9.64
PRJ_040,2023-01-09,8,9,3,11.25
PRJ_040,2023-01-10,9,10,5,12.73
PRJ_040,2023-01-11,11,10,6,14.71
PRJ_040,2023-01-12,12,11,6,16.44
PRJ_040,2023-01-13,14,15,7,18.66
PRJ_040,2023-01-14,16,15,8,21.38
PRJ_040,2023-01-15,19,16,10,24.22
PRJ_040,2023-01-16,21,19,12,27.09
PRJ_040,2023-01-17,24,19,13,29.84
PRJ_040,2023-01-18,28,20,14,32.71
PRJ_040,2023-01-19,28,23,16,35.67
PRJ_040,2023-01-20,30,27,17,38.89
PRJ_040,2023-01-21,33,27,18,42.52
PRJ_040,2023-01-22,33,29,19,46.24
PRJ_041,2023-01-03,0,5,0,2.0
PRJ_041,2023-01-04,2,6,0,3.67
PRJ_041,2023-01-05,4,6,0,5.67
PRJ_041,2023-01-06,5,6,0,7.67
PRJ_041,2023-01-07,8,6,0,9.5
PRJ_041,2023-01-08,10,8,0,11.11
PRJ_041,2023-01-09,10,9,2,13.26
PRJ_041,2023-01-10,12,12,3,15.51
PRJ_041,2023-01-11,15,12,5,18.02
PRJ_041,2023-01-12,16,14,5,20.26
PRJ_041,2023-01-13,19,13,6,23.12
PRJ_041,2023-01-14,20,16,8,25.69
PRJ_041,2023-01-15,22,18,10,28.47
PRJ_041,2023-01-16,26,17,9,31.28
PRJ_041,2023-01-17,27,21,10,33.89
PRJ_041,2023-01-18,30,21,11,37.47
PRJ_041,2023-01-19,31,22,13,40.91
PRJ_041,2023-01-20,35,21,12,44.26
PRJ_041,2023-01-21,38,20,12,47.25
PRJ_041,2023-01-22,41,20,13,50.26
PRJ_042,2023-01-03,0,8,0,2.67
PRJ_042,2023-01-04,3,7,0,5.2
PRJ_042,2023-01-05,5,7,0,7.32
PRJ_042,2023-01-06,7,10,0,9.43
PRJ_042,2023-01-07,8,13,0,12.08
PRJ_042,2023-01-08,12,11,0,15.63
PRJ_042,2023-01-09,14,10,0,18.53
PRJ_042,2023-01-10,17,10,1,20.97
PRJ_042,2023-01-11,21,8,1,23.4
PRJ_042,2023-01-12,21,10,2,25.52
PRJ_042,2023-01-13,24,7,3,28.17
PRJ_042,2023-01-14,28,8,2,29.82
PRJ_042,2023-01-15,29,11,2,31.58
PRJ_042,2023-01-16,30,14,3,34.04
PRJ_042,2023-01-17,33,13,6,37.24
PRJ_042,2023-01-18,36,13,6,39.98
PRJ_042,2023-01-19,38,16,7,42.34
PRJ_042,2023-01-20,40,20,9,45.31
PRJ_042,2023-01-21,42,21,10,49.28
PRJ_042,2023-01-22,44,22,11,53.25
PRJ_043,2023-01-03,0,7,0,1.0
PRJ_043,2023-01-04,0,11,0,3.2
PRJ_043,2023-01-05,3,9,0,6.73
PRJ_043,2023-01-06,6,6,0,9.6
PRJ_043,2023-01-07,10,3,0,11.47
PRJ_043,2023-01-08,12,2,0,12.33
PRJ_043,2023-01-09,12,5,3,12.87
PRJ_043,2023-01-10,13,9,3,14.4
PRJ_043,2023-01-11,13,11,3,16.36
PRJ_043,2023-01-12,16,10,3,18.99
PRJ_043,2023-01-13,18,9,5,21.08
PRJ_043,2023-01-14,20,10,7,22.97
PRJ_043,2023-01-15,22,12,10,24.68
PRJ_043,2023-01-16,23,16,12,26.45
PRJ_043,2023-01-17,24,16,12,28.64
PRJ_043,2023-01-18,25,16,15,30.63
PRJ_043,2023-01-19,26,21,16,32.61
PRJ_043,2023-01-20,27,24,17,35.23
PRJ_043,2023-01-21,29,25,20,38.36
PRJ_043,2023-01-22,30,29,21,41.44
PRJ_044,2023-01-03,0,3,0,1.0
PRJ_044,2023-01-04,1,3,0,1.87
PRJ_044,2023-01-05,2,7,0,2.73
PRJ_044,2023-01-06,2,10,0,4.51
PRJ_044,2023-01-07,3,10,0,6.94
PRJ_044,2023-01-08,6,9,0,9.38
PRJ_044,2023-01-09,8,11,2,11.39
PRJ_044,2023-01-10,10,15,4,13.91
PRJ_044,2023-01-11,12,14,6,17.1
PRJ_044,2023-01-12,15,15,7,19.92
PRJ_044,2023-01-13,18,14,7,22.74
PRJ_044,2023-01-14,19,17,8,25.17
PRJ_044,2023-01-15,22,18,11,28.56
PRJ_044,2023-01-16,24,23,12,32.11
PRJ_044,2023-01-17,29,19,10,36.42
PRJ_044,2023-01-18,33,18,10,39.79
PRJ_044,2023-01-19,37,15,11,42.86
PRJ_044,2023-01-20,39,17,12,44.91
PRJ_044,2023-01-21,41,19,13,47.15
PRJ_044,2023-01-22,41,21,13,49.85
PRJ_045,2023-01-04,0,6,0,1.58
PRJ_045,2023-01-05,1,8,0,3.5
PRJ_045,2023-01-06,3,8,0,6.08
PRJ_045,2023-01-07,6,8,0,8.53
PRJ_045,2023-01-08,9,8,0,10.72
PRJ_045,2023-01-09,10,11,0,12.48
PRJ_045,2023-01-10,11,14,2,14.76
PRJ_045,2023-01-11,13,13,3,17.74
PRJ_045,2023-01-12,15,12,3,20.52
PRJ_045,2023-01-13,17,12,3,23.11
PRJ_045,2023-01-14,19,13,5,25.52
PRJ_045,2023-01-15,24,12,3,28.24
PRJ_045,2023-01-16,27,11,3,30.81
PRJ_045,2023-01-17,29,12,5,33.17
PRJ_045,2023-01-18,31,14,5,35.64
PRJ_045,2023-01-19,34,15,7,38.05
PRJ_045,2023-01-20,36,18,8,40.59
PRJ_045,2023-01-21,38,19,9,43.64
PRJ_045,2023-01-22,41,18,10,47.1
PRJ_046,2023-01-04,0,8,0,2.58
PRJ_046,2023-01-05,2,8,0,5.17
PRJ_046,2023-01-06,5,7,0,7.75
PRJ_046,2023-01-07,8,8,0,9.92
PRJ_046,2023-01-08,10,9,0,11.99
PRJ_046,2023-01-09,11,9,0,14.18
PRJ_046,2023-01-10,13,10,1,16.24
PRJ_046,2023-01-11,14,13,1,18.45
PRJ_046,2023-01-12,16,11,2,21.28
PRJ_046,2023-01-13,19,10,1,23.67
PRJ_046,2023-01-14,22,9,2,25.93
PRJ_046,2023-01-15,25,10,1,27.79
PRJ_046,2023-01-16,26,10,2,30.03
PRJ_046,2023-01-17,29,10,4,32.28
PRJ_046,2023-01-18,30,14,6,34.6
PRJ_046,2023-01-19,33,13,7,37.33
PRJ_046,2023-01-20,36,13,9,39.77
PRJ_046,2023-01-21,37,16,10,41.68
PRJ_046,2023-01-22,39,20,11,43.83
PRJ_047,2023-01-04,0,3,0,1.0
PRJ_047,2023-01-05,1,6,0,1.87
PRJ_047,2023-01-06,2,9,0,3.6
PRJ_047,2023-01-07,2,9,0,6.07
PRJ_047,2023-01-08,5,7,0,8.53
PRJ_047,2023-01-09,8,5,0,10.33
PRJ_047,2023-01-10,9,7,2,11.6
PRJ_047,2023-01-11,12,8,3,13.67
PRJ_047,2023-01-12,13,8,4,15.61
PRJ_047,2023-01-13,16,9,5,17.3
PRJ_047,2023-01-14,17,9,6,19.07
PRJ_047,2023-01-15,17,9,9,20.58
PRJ_047,2023-01-16,20,12,12,22.09
PRJ_047,2023-01-17,20,17,14,23.44
PRJ_047,2023-01-18,20,20,14,25.7
PRJ_047,2023-01-19,22,22,16,28.58
PRJ_047,2023-01-20,24,28,19,31.98
PRJ_047,2023-01-21,26,29,19,35.91
PRJ_047,2023-01-22,28,28,22,40.04
PRJ_048,2023-01-04,0,5,0,2.08
PRJ_048,2023-01-05,1,7,0,3.58
PRJ_048,2023-01-06,4,5,0,5.48
PRJ_048,2023-01-07,5,6,0,6.72
PRJ_048,2023-01-08,6,9,0,8.15
PRJ_048,2023-01-09,6,14,0,9.82
PRJ_048,2023-01-10,9,14,1,12.71
PRJ_048,2023-01-11,10,14,1,15.47
PRJ_048,2023-01-12,13,14,3,18.07
PRJ_048,2023-01-13,15,16,5,20.4
PRJ_048,2023-01-14,16,18,6,22.91
PRJ_048,2023-01-15,19,20,6,25.84
PRJ_048,2023-01-16,21,22,6,29.05
PRJ_048,2023-01-17,23,25,6,32.84
PRJ_048,2023-01-18,25,24,7,37.09
PRJ_048,2023-01-19,30,23,8,41.39
PRJ_048,2023-01-20,37,19,6,45.55
PRJ_048,2023-01-21,42,18,6,49.07
PRJ_048,2023-01-22,45,17,5,52.42
PRJ_049,2023-01-04,0,5,0,0.92
PRJ_049,2023-01-05,1,7,0,2.33
PRJ_049,2023-01-06,1,8,0,4.2
PRJ_049,2023-01-07,3,11,0,6.21
PRJ_049,2023-01-08,6,11,0,8.71
PRJ_049,2023-01-09,7,12,0,11.09
PRJ_049,2023-01-10,10,12,3,13.54
PRJ_049,2023-01-11,11,17,3,15.78
PRJ_049,2023-01-12,12,20,3,19.12
PRJ_049,2023-01-13,15,19,4,22.94
PRJ_049,2023-01-14,17,24,7,26.6
PRJ_049,2023-01-15,23,20,5,31.22
PRJ_049,2023-01-16,28,17,4,35.15
PRJ_049,2023-01-17,31,19,5,38.55
PRJ_049,2023-01-18,34,16,5,42.26
PRJ_049,2023-01-19,37,14,5,45.34
PRJ_049,2023-01-20,44,12,4,48.09
PRJ_049,2023-01-21,45,15,3,50.38
PRJ_049,2023-01-22,47,16,3,53.17
PRJ_050,2023-01-04,0,5,0,1.67
PRJ_050,2023-01-05,2,7,0,3.33
PRJ_050,2023-01-06,3,8,0,5.67
PRJ_050,2023-01-07,5,7,0,8.2
PRJ_050,2023-01-08,9,4,0,10.4
PRJ_050,2023-01-09,10,3,0,11.6
PRJ_050,2023-01-10,11,2,2,12.47
PRJ_050,2023-01-11,13,3,4,13.0
PRJ_050,2023-01-12,13,7,4,13.49
PRJ_050,2023-01-13,13,10,4,14.59
PRJ_050,2023-01-14,14,10,6,16.55
PRJ_050,2023-01-15,15,12,8,18.39
PRJ_050,2023-01-16,17,15,11,20.37
PRJ_050,2023-01-17,17,18,14,22.71
PRJ_050,2023-01-18,19,24,17,25.54
PRJ_050,2023-01-19,22,25,19,29.31
PRJ_050,2023-01-20,24,25,19,32.65
PRJ_050,2023-01-21,28,24,20,35.69
PRJ_050,2023-01-22,28,29,23,38.27
PRJ_051,2023-01-04,0,5,0,1.67
PRJ_051,2023-01-05,2,7,0,3.07
PRJ_051,2023-01-06,3,7,0,4.92
PRJ_051,2023-01-07,3,8,0,6.77
PRJ_051,2023-01-08,5,9,0,8.74
PRJ_051,2023-01-09,9,8,0,11.05
PRJ_051,2023-01-10,10,9,0,12.94
PRJ_051,2023-01-11,13,11,1,15.08
PRJ_051,2023-01-12,14,13,3,17.24
PRJ_051,2023-01-13,15,15,5,19.85
PRJ_051,2023-01-14,16,17,7,22.74
PRJ_051,2023-01-15,19,19,9,26.2
PRJ_051,2023-01-16,22,18,10,29.89
PRJ_051,2023-01-17,26,16,10,33.23
PRJ_051,2023-01-18,31,12,9,35.98
PRJ_051,2023-01-19,34,12,8,37.84
PRJ_051,2023-01-20,36,14,9,40.05
PRJ_051,2023-01-21,37,18,10,42.42
PRJ_051,2023-01-22,39,21,12,45.47
PRJ_052,2023-01-04,0,6,0,1.33
PRJ_052,2023-01-05,1,8,0,3.25
PRJ_052,2023-01-06,3,8,0,5.75
PRJ_052,2023-01-07,5,8,0,8.17
PRJ_052,2023-01-08,8,7,0,10.45
PRJ_052,2023-01-09,10,6,0,12.48
PRJ_052,2023-01-10,12,6,3,14.27
PRJ_052,2023-01-11,14,8,3,15.89
PRJ_052,2023-01-12,16,9,3,17.59
PRJ_052,2023-01-13,17,11,3,19.32
PRJ_052,2023-01-14,18,13,5,21.41
PRJ_052,2023-01-15,20,14,7,23.72
PRJ_052,2023-01-16,21,15,9,25.94
PRJ_052,2023-01-17,22,17,11,28.31
PRJ_052,2023-01-18,24,20,12,30.88
PRJ_052,2023-01-19,26,23,13,34.19
PRJ_052,2023-01-20,28,25,14,38.21
PRJ_052,2023-01-21,33,23,14,42.6
PRJ_052,2023-01-22,37,22,16,46.46
PRJ_053,2023-01-04,0,5,0,2.0
PRJ_053,2023-01-05,3,5,0,3.67
PRJ_053,2023-01-06,3,6,0,5.33
PRJ_053,2023-01-07,5,7,0,7.33
PRJ_053,2023-01-08,8,5,0,9.46
PRJ_053,2023-01-09,9,7,0,10.92
PRJ_053,2023-01-10,11,9,1,12.91
PRJ_053,2023-01-11,12,15,4,15.22
PRJ_053,2023-01-12,14,15,5,18.57
PRJ_053,2023-01-13,16,14,6,21.66
PRJ_053,2023-01-14,19,13,8,24.16
PRJ_053,2023-01-15,23,11,7,26.2
PRJ_053,2023-01-16,23,17,9,27.87
PRJ_053,2023-01-17,25,19,9,30.93
PRJ_053,2023-01-18,27,20,8,34.36
PRJ_053,2023-01-19,29,21,10,37.87
PRJ_053,2023-01-20,34,19,11,41.5
PRJ_053,2023-01-21,36,22,13,44.64
PRJ_053,2023-01-22,39,21,13,47.95
PRJ_054,2023-01-04,0,5,0,2.0
PRJ_054,2023-01-05,2,7,0,3.53
PRJ_054,2023-01-06,4,5,0,5.43
PRJ_054,2023-01-07,4,8,0,6.67
PRJ_054,2023-01-08,6,9,0,8.55
PRJ_054,2023-01-09,7,11,0,10.56
PRJ_054,2023-01-10,8,10,1,12.88
PRJ_054,2023-01-11,12,11,0,15.0
PRJ_054,2023-01-12,14,9,3,17.25
PRJ_054,2023-01-13,14,14,3,19.1
PRJ_054,2023-01-14,18,12,5,22.26
PRJ_054,2023-01-15,19,17,6,24.65
PRJ_054,2023-01-16,24,15,7,27.71
PRJ_054,2023-01-17,24,17,9,29.95
PRJ_054,2023-01-18,27,16,10,32.85
PRJ_054,2023-01-19,29,20,11,35.52
PRJ_054,2023-01-20,31,19,13,39.1
PRJ_054,2023-01-21,34,20,11,42.35
PRJ_054,2023-01-22,37,23,15,46.07
PRJ_055,2023-01-04,0,6,0,1.67
PRJ_055,2023-01-05,2,5,0,3.67
PRJ_055,2023-01-06,3,7,0,5.33
PRJ_055,2023-01-07,6,4,0,7.5
PRJ_055,2023-01-08,7,4,0,8.67
PRJ_055,2023-01-09,9,4,0,9.83
PRJ_055,2023-01-10,9,9,2,10.68
PRJ_055,2023-01-11,10,11,4,12.58
PRJ_055,2023-01-12,11,10,3,14.62
PRJ_055,2023-01-13,14,11,6,16.49
PRJ_055,2023-01-14,14,15,7,18.23
PRJ_055,2023-01-15,14,18,10,20.82
PRJ_055,2023-01-16,18,20,11,24.07
PRJ_055,2023-01-17,20,22,12,27.54
PRJ_055,2023-01-18,22,21,13,30.96
PRJ_055,2023-01-19,28,20,13,34.17
PRJ_055,2023-01-20,30,21,15,37.31
PRJ_055,2023-01-21,31,24,17,40.52
PRJ_055,2023-01-22,35,24,17,43.78
PRJ_056,2023-01-04,0,7,0,2.53
PRJ_056,2023-01-05,3,6,0,4.73
PRJ_056,2023-01-06,4,6,0,6.52
PRJ_056,2023-01-07,6,8,0,8.17
PRJ_056,2023-01-08,8,10,0,10.16
PRJ_056,2023-01-09,9,10,0,12.55
PRJ_056,2023-01-10,11,11,0,15.01
PRJ_056,2023-01-11,13,12,2,17.55
PRJ_056,2023-01-12,16,11,2,20.36
PRJ_056,2023-01-13,18,12,3,22.81
PRJ_056,2023-01-14,21,12,4,25.49
PRJ_056,2023-01-15,25,12,4,27.98
PRJ_056,2023-01-16,27,12,5,30.15
PRJ_056,2023-01-17,28,14,6,32.07
PRJ_056,2023-01-18,29,16,7,34.07
PRJ_056,2023-01-19,31,15,9,36.3
PRJ_056,2023-01-20,32,19,11,38.19
PRJ_056,2023-01-21,32,25,11,40.88
PRJ_056,2023-01-22,34,26,12,44.61
PRJ_057,2023-01-04,0,4,0,1.33
PRJ_057,2023-01-05,2,6,0,2.53
PRJ_057,2023-01-06,2,8,0,4.27
PRJ_057,2023-01-07,3,9,0,6.67
PRJ_057,2023-01-08,6,9,0,9.27
PRJ_057,2023-01-09,9,8,0,11.87
PRJ_057,2023-01-10,11,6,1,14.13
PRJ_057,2023-01-11,14,8,3,15.87
PRJ_057,2023-01-12,16,10,5,17.8
PRJ_057,2023-01-13,16,12,5,20.02
PRJ_057,2023-01-14,20,11,6,22.4
PRJ_057,2023-01-15,22,11,7,24.58
PRJ_057,2023-01-16,22,13,8,26.54
PRJ_057,2023-01-17,25,16,10,28.92
PRJ_057,2023-01-18,26,16,13,31.66
PRJ_057,2023-01-19,28,18,13,34.14
PRJ_057,2023-01-20,31,20,14,36.99
PRJ_057,2023-01-21,31,24,17,40.11
PRJ_057,2023-01-22,34,25,18,43.92
PRJ_058,2023-01-04,0,4,0,0.92
PRJ_058,2023-01-05,0,5,0,2.17
PRJ_058,2023-01-06,2,4,0,3.75
PRJ_058,2023-01-07,4,4,0,4.92
PRJ_058,2023-01-08,5,9,0,5.94
PRJ_058,2023-01-09,5,12,0,8.17
PRJ_058,2023-01-10,7,11,3,11.4
PRJ_058,2023-01-11,10,13,4,14.38
PRJ_058,2023-01-12,13,14,6,17.19
PRJ_058,2023-01-13,15,15,8,19.87
PRJ_058,2023-01-14,18,19,8,22.75
PRJ_058,2023-01-15,20,20,10,26.46
PRJ_058,2023-01-16,24,17,10,30.33
PRJ_058,2023-01-17,28,18,10,33.51
PRJ_058,2023-01-18,30,18,10,36.67
PRJ_058,2023-01-19,32,17,12,39.63
PRJ_058,2023-01-20,35,18,13,42.14
PRJ_058,2023-01-21,37,21,13,44.37
PRJ_058,2023-01-22,37,23,14,47.16
PRJ_059,2023-01-05,0,5,0,1.67
PRJ_059,2023-01-06,2,6,0,3.33
PRJ_059,2023-01-07,3,7,0,5.25
PRJ_059,2023-01-08,5,9,0,7.5
PRJ_059,2023-01-09,7,8,0,10.21
PRJ_059,2023-01-10,10,8,0,12.58
PRJ_059,2023-01-11,13,6,2,14.67
PRJ_059,2023-01-12,14,8,4,16.08
PRJ_059,2023-01-13,15,10,4,17.41
PRJ_059,2023-01-14,16,14,6,19.16
PRJ_059,2023-01-15,16,16,7,21.73
PRJ_059,2023-01-16,19,17,5,24.62
PRJ_059,2023-01-17,22,17,8,27.93
PRJ_059,2023-01-18,23,21,9,31.06
PRJ_059,2023-01-19,28,22,10,34.96
PRJ_059,2023-01-20,31,21,11,38.82
PRJ_059,2023-01-21,33,21,12,42.4
PRJ_059,2023-01-22,37,19,13,45.98
PRJ_060,2023-01-05,0,5,0,1.58
PRJ_060,2023-01-06,1,6,0,3.17
PRJ_060,2023-01-07,3,6,0,5.08
PRJ_060,2023-01-08,5,7,0,6.73
PRJ_060,2023-01-09,7,11,0,8.67
PRJ_060,2023-01-10,7,15,0,11.49
PRJ_060,2023-01-11,9,15,2,15.17
PRJ_060,2023-01-12,14,11,3,18.61
PRJ_060,2023-01-13,17,13,3,20.98
PRJ_060,2023-01-14,20,12,4,23.98
PRJ_060,2023-01-15,21,15,6,26.86
PRJ_060,2023-01-16,25,14,5,30.16
PRJ_060,2023-01-17,28,13,5,33.03
PRJ_060,2023-01-18,30,16,6,35.65
PRJ_060,2023-01-19,33,14,7,38.92
PRJ_060,2023-01-20,36,14,8,41.61
PRJ_060,2023-01-21,40,15,6,44.02
PRJ_060,2023-01-22,41,15,6,46.62
PRJ_061,2023-01-05,0,7,0,1.33
PRJ_061,2023-01-06,1,10,0,3.53
PRJ_061,2023-01-07,3,9,0,6.6
PRJ_061,2023-01-08,6,7,0,9.33
PRJ_061,2023-01-09,9,4,0,11.4
PRJ_061,2023-01-10,11,4,0,12.47
PRJ_061,2023-01-11,13,3,2,13.67
PRJ_061,2023-01-12,13,7,2,14.53
PRJ_061,2023-01-13,15,9,2,16.22
PRJ_061,2023-01-14,15,11,3,18.22
PRJ_061,2023-01-15,17,13,5,20.88
PRJ_061,2023-01-16,20,14,7,23.83
PRJ_061,2023-01-17,22,16,10,26.72
PRJ_061,2023-01-18,25,17,11,30.03
PRJ_061,2023-01-19,27,17,13,33.03
PRJ_061,2023-01-20,31,17,15,35.78
PRJ_061,2023-01-21,32,18,15,38.01
PRJ_061,2023-01-22,34,17,15,40.07
PRJ_062,2023-01-05,0,5,0,1.33
PRJ_062,2023-01-06,1,6,0,3.0
PRJ_062,2023-01-07,3,5,0,5.0
PRJ_062,2023-01-08,5,5,0,6.46
PRJ_062,2023-01-09,7,6,0,7.78
PRJ_062,2023-01-10,7,7,0,9.31
PRJ_062,2023-01-11,8,10,3,11.17
PRJ_062,2023-01-12,10,13,4,13.44
PRJ_062,2023-01-13,12,12,5,16.2
PRJ_062,2023-01-14,14,12,6,18.76
PRJ_062,2023-01-15,18,9,7,21.2
PRJ_062,2023-01-16,20,9,9,22.59
PRJ_062,2023-01-17,21,11,10,23.86
PRJ_062,2023-01-18,21,12,12,25.04
PRJ_062,2023-01-19,23,13,13,26.29
PRJ_062,2023-01-20,23,19,14,27.83
PRJ_062,2023-01-21,23,22,16,30.6
PRJ_062,2023-01-22,26,25,17,34.1
PRJ_063,2023-01-05,0,6,0,1.67
PRJ_063,2023-01-06,2,6,0,3.53
PRJ_063,2023-01-07,3,8,0,5.32
PRJ_063,2023-01-08,5,7,0,7.44
PRJ_063,2023-01-09,6,8,0,9.1
PRJ_063,2023-01-10,9,8,0,10.89
PRJ_063,2023-01-11,9,11,1,12.56
PRJ_063,2023-01-12,11,13,3,15.11
PRJ_063,2023-01-13,13,14,3,17.96
PRJ_063,2023-01-14,16,14,3,21.08
PRJ_063,2023-01-15,19,14,5,23.93
PRJ_063,2023-01-16,22,17,7,26.91
PRJ_063,2023-01-17,24,17,7,30.2
PRJ_063,2023-01-18,28,17,9,33.89
PRJ_063,2023-01-19,31,18,10,36.96
PRJ_063,2023-01-20,33,19,11,39.79
PRJ_063,2023-01-21,36,20,11,42.95
PRJ_063,2023-01-22,37,21,11,46.53
PRJ_064,2023-01-05,0,4,0,0.67
PRJ_064,2023-01-06,1,7,0,1.87
PRJ_064,2023-01-07,1,8,0,3.93
PRJ_064,2023-01-08,3,6,0,6.2
PRJ_064,2023-01-09,6,6,0,7.8
PRJ_064,2023-01-10,7,7,0,9.4
PRJ_064,2023-01-11,8,11,2,11.23
PRJ_064,2023-01-12,12,16,4,13.83
PRJ_064,2023-01-13,13,20,4,17.33
PRJ_064,2023-01-14,14,20,5,21.37
PRJ_064,2023-01-15,18,18,8,25.41
PRJ_064,2023-01-16,21,17,11,28.7
PRJ_064,2023-01-17,25,14,9,31.36
PRJ_064,2023-01-18,27,16,10,33.49
PRJ_064,2023-01-19,29,16,9,35.89
PRJ_064,2023-01-20,32,17,7,38.3
PRJ_064,2023-01-21,35,18,7,41.12
PRJ_064,2023-01-22,35,23,8,44.39
PRJ_065,2023-01-05,0,4,0,1.33
PRJ_065,2023-01-06,2,5,0,2.67
PRJ_065,2023-01-07,2,7,0,4.2
PRJ_065,2023-01-08,4,8,0,6.4
PRJ_065,2023-01-09,6,7,0,8.8
PRJ_065,2023-01-10,8,7,0,10.87
PRJ_065,2023-01-11,11,8,2,12.93
PRJ_065,2023-01-12,12,10,4,15.2
PRJ_065,2023-01-13,15,10,5,17.62
PRJ_065,2023-01-14,17,12,6,19.66
PRJ_065,2023-01-15,18,14,7,21.77
PRJ_065,2023-01-16,21,13,8,24.29
PRJ_065,2023-01-17,22,14,9,26.35
PRJ_065,2023-01-18,24,14,10,28.29
PRJ_065,2023-01-19,25,15,11,30.01
PRJ_065,2023-01-20,25,19,13,31.94
PRJ_065,2023-01-21,27,20,15,34.69
PRJ_065,2023-01-22,29,22,15,37.51
PRJ_066,2023-01-05,0,4,0,0.67
PRJ_066,2023-01-06,0,6,0,1.83
PRJ_066,2023-01-07,2,6,0,3.67
PRJ_066,2023-01-08,3,6,0,5.37
PRJ_066,2023-01-09,5,8,0,6.93
PRJ_066,2023-01-10,6,10,0,8.74
PRJ_066,2023-01-11,7,12,3,10.71
PRJ_066,2023-01-12,10,14,4,13.38
PRJ_066,2023-01-13,11,17,5,16.12
PRJ_066,2023-01-14,13,20,7,19.57
PRJ_066,2023-01-15,16,21,8,23.38
PRJ_066,2023-01-16,21,19,9,27.35
PRJ_066,2023-01-17,24,22,9,30.81
PRJ_066,2023-01-18,25,24,11,34.65
PRJ_066,2023-01-19,30,22,11,38.87
PRJ_066,2023-01-20,33,22,11,42.28
PRJ_066,2023-01-21,36,23,10,45.72
PRJ_066,2023-01-22,40,20,10,49.61
PRJ_067,2023-01-05,0,6,0,2.0
PRJ_067,2023-01-06,2,8,0,3.87
PRJ_067,2023-01-07,4,8,0,6.4
PRJ_067,2023-01-08,5,9,0,8.8
PRJ_067,2023-01-09,9,8,0,11.53
PRJ_067,2023-01-10,11,7,0,13.72
PRJ_067,2023-01-11,13,5,1,15.72
PRJ_067,2023-01-12,16,4,2,17.04
PRJ_067,2023-01-13,17,5,3,17.91
PRJ_067,2023-01-14,17,7,3,18.72
PRJ_067,2023-01-15,18,6,5,19.83
PRJ_067,2023-01-16,18,10,6,20.61
PRJ_067,2023-01-17,19,12,7,22.34
PRJ_067,2023-01-18,20,17,9,24.68
PRJ_067,2023-01-19,23,19,11,28.17
PRJ_067,2023-01-20,25,20,13,31.72
PRJ_067,2023-01-21,29,19,16,35.09
PRJ_067,2023-01-22,31,24,18,38.0
PRJ_068,2023-01-05,0,6,0,1.92
PRJ_068,2023-01-06,2,5,0,3.83
PRJ_068,2023-01-07,3,7,0,5.42
PRJ_068,2023-01-08,6,6,0,7.67
PRJ_068,2023-01-09,7,8,0,9.37
PRJ_068,2023-01-10,10,5,0,11.57
PRJ_068,2023-01-11,10,11,1,12.77
PRJ_068,2023-01-12,12,11,3,15.37
PRJ_068,2023-01-13,13,12,4,17.73
PRJ_068,2023-01-14,16,10,5,20.12
PRJ_068,2023-01-15,19,10,4,22.01
PRJ_068,2023-01-16,21,12,7,23.77
PRJ_068,2023-01-17,22,16,7,26.29
PRJ_068,2023-01-18,23,19,9,29.13
PRJ_068,2023-01-19,27,17,9,32.77
PRJ_068,2023-01-20,29,17,12,35.47
PRJ_068,2023-01-21,32,19,14,38.06
PRJ_068,2023-01-22,34,18,14,40.45
PRJ_069,2023-01-05,0,4,0,1.33
PRJ_069,2023-01-06,2,5,0,2.53
PRJ_069,2023-01-07,2,6,0,4.07
PRJ_069,2023-01-08,3,6,0,5.93
PRJ_069,2023-01-09,6,4,0,7.8
PRJ_069,2023-01-10,8,5,0,9.0
PRJ_069,2023-01-11,9,6,1,10.53
PRJ_069,2023-01-12,10,10,4,12.27
PRJ_069,2023-01-13,12,14,6,14.94
PRJ_069,2023-01-14,13,16,7,17.95
PRJ_069,2023-01-15,17,16,9,20.88
PRJ_069,2023-01-16,20,14,10,23.45
PRJ_069,2023-01-17,21,16,12,25.23
PRJ_069,2023-01-18,23,17,12,27.82
PRJ_069,2023-01-19,23,19,14,30.47
PRJ_069,2023-01-20,26,20,15,33.8
PRJ_069,2023-01-21,28,21,16,36.58
PRJ_069,2023-01-22,30,22,19,39.44
PRJ_070,2023-01-05,0,6,0,1.58
PRJ_070,2023-01-06,2,7,0,3.5
PRJ_070,2023-01-07,2,8,0,5.58
PRJ_070,2023-01-08,6,6,0,8.0
PRJ_070,2023-01-09,8,7,0,9.83
PRJ_070,2023-01-10,9,9,0,12.0
PRJ_070,2023-01-11,11,9,1,14.67
PRJ_070,2023-01-12,15,6,3,16.87
PRJ_070,2023-01-13,17,8,3,18.1
PRJ_070,2023-01-14,17,12,5,19.48
PRJ_070,2023-01-15,17,19,7,21.59
PRJ_070,2023-01-16,19,18,7,25.17
PRJ_070,2023-01-17,21,19,8,28.45
PRJ_070,2023-01-18,26,17,8,32.03
PRJ_070,2023-01-19,27,18,9,35.21
PRJ_070,2023-01-20,29,22,12,38.61
PRJ_070,2023-01-21,37,19,11,42.76
PRJ_070,2023-01-22,37,21,12,45.77
PRJ_071,2023-01-05,0,9,0,3.0
PRJ_071,2023-01-06,3,6,0,5.87
PRJ_071,2023-01-07,6,5,0,7.73
PRJ_071,2023-01-08,8,4,0,9.18
PRJ_071,2023-01-09,8,6,0,10.22
PRJ_071,2023-01-10,10,6,0,11.83
PRJ_071,2023-01-11,11,7,0,13.5
PRJ_071,2023-01-12,13,8,0,15.36
PRJ_071,2023-01-13,15,10,1,17.3
PRJ_071,2023-01-14,17,11,4,19.55
PRJ_071,2023-01-15,18,16,5,21.61
PRJ_071,2023-01-16,19,17,7,24.49
PRJ_071,2023-01-17,20,18,9,27.31
PRJ_071,2023-01-18,24,16,10,30.34
PRJ_071,2023-01-19,26,16,9,32.63
PRJ_071,2023-01-20,29,14,9,35.22
PRJ_071,2023-01-21,32,14,9,37.37
PRJ_071,2023-01-22,35,18,11,39.82
PRJ_072,2023-01-05,0,5,0,2.0
PRJ_072,2023-01-06,2,4,0,3.67
PRJ_072,2023-01-07,4,4,0,5.0
PRJ_072,2023-01-08,5,8,0,6.07
PRJ_072,2023-01-09,6,10,0,7.93
PRJ_072,2023-01-10,6,13,0,10.29
PRJ_072,2023-01-11,7,14,2,13.19
PRJ_072,2023-01-12,12,12,3,16.11
PRJ_072,2023-01-13,14,17,4,18.34
PRJ_072,2023-01-14,15,18,6,21.29
PRJ_072,2023-01-15,20,17,5,24.31
PRJ_072,2023-01-16,20,17,5,27.4
PRJ_072,2023-01-17,23,17,7,30.5
PRJ_072,2023-01-18,27,15,9,33.62
PRJ_072,2023-01-19,28,18,9,36.05
PRJ_072,2023-01-20,31,18,9,39.13
PRJ_072,2023-01-21,34,18,7,41.91
PRJ_072,2023-01-22,40,16,10,45.07
PRJ_073,2023-01-06,0,1,0,0.67
PRJ_073,2023-01-07,1,4,0,1.0
PRJ_073,2023-01-08,1,8,0,2.07
PRJ_073,2023-01-09,1,12,0,4.01
PRJ_073,2023-01-10,3,13,0,6.62
PRJ_073,2023-01-11,4,15,0,9.17
PRJ_073,2023-01-12,7,17,3,12.02
PRJ_073,2023-01-13,9,16,4,15.01
PRJ_073,2023-01-14,11,19,6,17.74
PRJ_073,2023-01-15,12,19,6,21.16
PRJ_073,2023-01-16,17,17,5,24.61
PRJ_073,2023-01-17,20,19,7,27.72
PRJ_073,2023-01-18,23,22,7,30.89
PRJ_073,2023-01-19,26,23,6,34.81
PRJ_073,2023-01-20,30,21,6,38.92
PRJ_073,2023-01-21,34,21,6,43.08
PRJ_073,2023-01-22,39,18,5,47.16
PRJ_074,2023-01-06,0,7,0,1.67
PRJ_074,2023-01-07,1,7,0,3.87
PRJ_074,2023-01-08,4,7,0,5.9
PRJ_074,2023-01-09,6,8,0,7.93
PRJ_074,2023-01-10,6,9,0,9.94
PRJ_074,2023-01-11,10,10,0,12.29
PRJ_074,2023-01-12,11,9,2,14.39
PRJ_074,2023-01-13,13,11,1,16.16
PRJ_074,2023-01-14,15,10,2,18.55
PRJ_074,2023-01-15,16,14,5,20.65
PRJ_074,2023-01-16,18,14,5,23.78
PRJ_074,2023-01-17,19,14,7,26.68
PRJ_074,2023-01-18,25,11,8,29.66
PRJ_074,2023-01-19,29,13,6,31.73
PRJ_074,2023-01-20,31,13,8,34.24
PRJ_074,2023-01-21,32,16,8,36.53
PRJ_074,2023-01-22,35,15,11,39.08
PRJ_075,2023-01-06,0,5,0,2.33
PRJ_075,2023-01-07,3,4,0,4.0
PRJ_075,2023-01-08,4,5,0,5.03
PRJ_075,2023-01-09,5,5,0,6.18
PRJ_075,2023-01-10,5,9,0,7.14
PRJ_075,2023-01-11,5,12,0,9.27
PRJ_075,2023-01-12,7,11,1,12.31
PRJ_075,2023-01-13,11,11,1,15.24
PRJ_075,2023-01-14,15,8,2,17.88
PRJ_075,2023-01-15,17,9,5,19.69
PRJ_075,2023-01-16,19,13,7,21.69
PRJ_075,2023-01-17,20,17,8,24.01
PRJ_075,2023-01-18,23,19,9,26.91
PRJ_075,2023-01-19,24,19,9,30.11
PRJ_075,2023-01-20,25,20,11,33.12
PRJ_075,2023-01-21,29,17,13,36.22
PRJ_075,2023-01-22,30,20,15,38.47
PRJ_076,2023-01-06,0,4,0,1.83
PRJ_076,2023-01-07,1,9,0,3.08
PRJ_076,2023-01-08,4,8,0,5.45
PRJ_076,2023-01-09,4,11,0,7.57
PRJ_076,2023-01-10,7,10,0,10.52
PRJ_076,2023-01-11,9,11,0,12.93
PRJ_076,2023-01-12,11,12,2,15.46
PRJ_076,2023-01-13,13,13,2,17.9
PRJ_076,2023-01-14,17,11,3,20.45
PRJ_076,2023-01-15,19,15,3,22.38
PRJ_076,2023-01-16,20,17,4,25.08
PRJ_076,2023-01-17,20,19,5,28.24
PRJ_076,2023-01-18,22,18,7,31.78
PRJ_076,2023-01-19,28,16,6,34.96
PRJ_076,2023-01-20,30,20,6,37.97
PRJ_076,2023-01-21,35,18,6,41.67
PRJ_076,2023-01-22,40,20,5,44.96
PRJ_077,2023-01-06,0,7,0,2.0
PRJ_077,2023-01-07,2,6,0,4.33
PRJ_077,2023-01-08,4,5,0,6.33
PRJ_077,2023-01-09,7,5,0,8.0
PRJ_077,2023-01-10,8,7,0,9.67
PRJ_077,2023-01-11,9,10,0,12.0
PRJ_077,2023-01-12,12,8,2,15.12
PRJ_077,2023-01-13,15,8,3,17.34
PRJ_077,2023-01-14,18,7,3,19.3
PRJ_077,2023-01-15,18,9,6,20.46
PRJ_077,2023-01-16,20,9,8,21.81
PRJ_077,2023-01-17,20,15,8,22.98
PRJ_077,2023-01-18,20,20,9,25.29
PRJ_077,2023-01-19,22,21,8,28.79
PRJ_077,2023-01-20,24,22,11,32.83
PRJ_077,2023-01-21,26,26,13,36.85
PRJ_077,2023-01-22,32,21,14,41.36
PRJ_078,2023-01-06,0,5,0,0.33
PRJ_078,2023-01-07,0,7,0,1.57
PRJ_078,2023-01-08,1,10,0,3.47
PRJ_078,2023-01-09,1,12,0,6.04
PRJ_078,2023-01-10,5,11,0,9.06
PRJ_078,2023-01-11,9,10,0,11.48
PRJ_078,2023-01-12,10,11,2,13.42
PRJ_078,2023-01-13,12,10,3,15.51
PRJ_078,2023-01-14,13,10,5,17.32
PRJ_078,2023-01-15,15,11,5,18.92
PRJ_078,2023-01-16,15,17,6,20.58
PRJ_078,2023-01-17,16,20,8,22.97
PRJ_078,2023-01-18,20,19,8,25.84
PRJ_078,2023-01-19,22,21,8,28.39
PRJ_078,2023-01-20,23,27,9,31.38
PRJ_078,2023-01-21,23,31,12,35.76
PRJ_078,2023-01-22,28,27,13,41.13
PRJ_079,2023-01-06,0,2,0,0.5
PRJ_079,2023-01-07,0,4,0,1.0
PRJ_079,2023-01-08,0,8,0,2.17
PRJ_079,2023-01-09,2,12,0,4.32
PRJ_079,2023-01-10,4,12,0,7.3
PRJ_079,2023-01-11,6,10,0,10.28
PRJ_079,2023-01-12,8,10,2,12.58
PRJ_079,2023-01-13,11,13,5,14.72
PRJ_079,2023-01-14,13,14,7,16.95
PRJ_079,2023-01-15,13,17,7,19.06
PRJ_079,2023-01-16,17,15,7,21.91
PRJ_079,2023-01-17,19,18,6,24.46
PRJ_079,2023-01-18,21,18,8,28.02
PRJ_079,2023-01-19,23,19,8,31.58
PRJ_079,2023-01-20,27,17,11,34.98
PRJ_079,2023-01-21,30,17,11,37.57
PRJ_079,2023-01-22,33,17,12,39.89
PRJ_080,2023-01-06,0,4,0,1.67
PRJ_080,2023-01-07,2,5,0,3.0
PRJ_080,2023-01-08,3,4,0,4.53
PRJ_080,2023-01-09,4,5,0,5.73
PRJ_080,2023-01-10,6,7,0,7.06
PRJ_080,2023-01-11,6,9,0,8.78
PRJ_080,2023-01-12,8,8,2,11.01
PRJ_080,2023-01-13,10,9,3,13.03
PRJ_080,2023-01-14,11,9,5,14.66
PRJ_080,2023-01-15,14,13,7,16.16
PRJ_080,2023-01-16,14,17,8,18.45
PRJ_080,2023-01-17,16,15,8,21.45
PRJ_080,2023-01-18,19,15,10,24.16
PRJ_080,2023-01-19,22,20,12,26.53
PRJ_080,2023-01-20,22,21,13,29.76
PRJ_080,2023-01-21,24,20,17,33.08
PRJ_080,2023-01-22,29,23,17,36.02
PRJ_081,2023-01-06,0,6,0,2.0
PRJ_081,2023-01-07,2,7,0,4.0
PRJ_081,2023-01-08,4,6,0,6.33
PRJ_081,2023-01-09,6,6,0,8.33
PRJ_081,2023-01-10,9,6,0,10.12
PRJ_081,2023-01-11,10,5,0,11.83
PRJ_081,2023-01-12,11,6,2,13.21
PRJ_081,2023-01-13,13,9,3,14.83
PRJ_081,2023-01-14,14,11,4,16.78
PRJ_081,2023-01-15,15,13,5,19.23
PRJ_081,2023-01-16,18,13,7,22.1
PRJ_081,2023-01-17,21,17,7,24.83
PRJ_081,2023-01-18,23,17,9,28.16
PRJ_081,2023-01-19,26,17,10,31.23
PRJ_081,2023-01-20,28,18,12,34.22
PRJ_081,2023-01-21,30,20,14,36.91
PRJ_081,2023-01-22,33,20,15,39.85
PRJ_082,2023-01-06,0,7,0,2.33
PRJ_082,2023-01-07,2,5,0,4.67
PRJ_082,2023-01-08,5,4,0,6.33
PRJ_082,2023-01-09,7,5,0,7.58
PRJ_082,2023-01-10,7,7,0,9.08
PRJ_082,2023-01-11,8,7,0,11.25
PRJ_082,2023-01-12,11,7,2,13.42
PRJ_082,2023-01-13,14,8,2,15.31
PRJ_082,2023-01-14,15,8,3,16.98
PRJ_082,2023-01-15,16,9,6,18.64
PRJ_082,2023-01-16,17,11,7,20.38
PRJ_082,2023-01-17,19,14,8,22.28
PRJ_082,2023-01-18,21,13,9,24.58
PRJ_082,2023-01-19,22,15,10,26.42
PRJ_082,2023-01-20,23,18,12,28.36
PRJ_082,2023-01-21,24,23,14,30.64
PRJ_082,2023-01-22,26,28,16,33.85
PRJ_083,2023-01-06,0,3,0,1.33
PRJ_083,2023-01-07,2,4,0,2.2
PRJ_083,2023-01-08,2,4,0,3.08
PRJ_083,2023-01-09,2,10,0,3.95
PRJ_083,2023-01-10,3,12,0,6.4
PRJ_083,2023-01-11,4,15,0,9.13
PRJ_083,2023-01-12,8,15,1,12.52
PRJ_083,2023-01-13,9,19,4,15.65
PRJ_083,2023-01-14,13,19,5,19.48
PRJ_083,2023-01-15,17,17,5,23.36
PRJ_083,2023-01-16,20,18,7,26.65
PRJ_083,2023-01-17,22,18,7,30.02
PRJ_083,2023-01-18,26,17,7,33.16
PRJ_083,2023-01-19,30,18,6,36.39
PRJ_083,2023-01-20,32,16,6,39.77
PRJ_083,2023-01-21,37,14,5,42.66
PRJ_083,2023-01-22,38,14,6,45.1
PRJ_084,2023-01-06,0,3,0,0.33
PRJ_084,2023-01-07,0,6,0,1.25
PRJ_084,2023-01-08,1,10,0,3.0
PRJ_084,2023-01-09,2,12,0,5.63
PRJ_084,2023-01-10,5,11,0,8.32
PRJ_084,2023-01-11,7,13,0,10.55
PRJ_084,2023-01-12,7,15,4,13.17
PRJ_084,2023-01-13,11,15,4,16.24
PRJ_084,2023-01-14,13,15,6,19.36
PRJ_084,2023-01-15,16,15,4,22.41
PRJ_084,2023-01-16,20,12,5,25.23
PRJ_084,2023-01-17,22,14,5,27.32
PRJ_084,2023-01-18,24,16,7,29.89
PRJ_084,2023-01-19,27,19,6,32.94
PRJ_084,2023-01-20,29,19,8,36.34
PRJ_084,2023-01-21,35,15,5,39.31
PRJ_084,2023-01-22,36,18,7,41.71
PRJ_085,2023-01-06,0,5,0,1.33
PRJ_085,2023-01-07,2,8,0,2.78
PRJ_085,2023-01-08,2,10,0,5.02
PRJ_085,2023-01-09,3,11,0,7.67
PRJ_085,2023-01-10,7,9,0,10.43
PRJ_085,2023-01-11,9,10,0,12.47
PRJ_085,2023-01-12,12,9,1,14.93
PRJ_085,2023-01-13,13,9,2,17.28
PRJ_085,2023-01-14,16,10,2,19.62
PRJ_085,2023-01-15,19,11,2,22.05
PRJ_085,2023-01-16,21,14,4,24.29
PRJ_085,2023-01-17,23,15,5,27.03
PRJ_085,2023-01-18,25,16,7,29.97
PRJ_085,2023-01-19,27,16,8,32.99
PRJ_085,2023-01-20,29,20,9,35.75
PRJ_085,2023-01-21,31,21,11,39.12
PRJ_085,2023-01-22,36,16,9,42.77
PRJ_086,2023-01-06,0,6,0,1.67
PRJ_086,2023-01-07,2,6,0,3.67
PRJ_086,2023-01-08,3,8,0,5.5
PRJ_086,2023-01-09,6,7,0,7.92
PRJ_086,2023-01-10,7,6,0,10.0
PRJ_086,2023-01-11,9,7,0,11.75
PRJ_086,2023-01-12,12,6,2,13.6
PRJ_086,2023-01-13,13,5,3,15.07
PRJ_086,2023-01-14,15,5,3,16.37
PRJ_086,2023-01-15,16,8,5,17.15
PRJ_086,2023-01-16,16,14,6,18.59
PRJ_086,2023-01-17,17,19,7,21.05
PRJ_086,2023-01-18,19,19,10,24.41
PRJ_086,2023-01-19,21,24,11,27.56
PRJ_086,2023-01-20,23,22,13,31.6
PRJ_086,2023-01-21,26,23,15,35.1
PRJ_086,2023-01-22,30,24,18,38.87
PRJ_087,2023-01-06,0,5,0,1.0
PRJ_087,2023-01-07,1,5,0,2.67
PRJ_087,2023-01-08,2,5,0,4.33
PRJ_087,2023-01-09,5,6,0,6.0
PRJ_087,2023-01-10,6,8,0,7.87
PRJ_087,2023-01-11,7,9,0,10.27
PRJ_087,2023-01-12,10,8,3,13.0
PRJ_087,2023-01-13,12,11,5,15.27
PRJ_087,2023-01-14,15,10,5,17.76
PRJ_087,2023-01-15,17,9,7,19.55
PRJ_087,2023-01-16,19,9,8,21.13
PRJ_087,2023-01-17,20,10,8,22.21
PRJ_087,2023-01-18,21,12,9,23.35
PRJ_087,2023-01-19,21,16,10,24.9
PRJ_087,2023-01-20,21,19,12,27.53
PRJ_087,2023-01-21,22,20,14,30.76
PRJ_087,2023-01-22,26,20,17,33.82
PRJ_088,2023-01-07,0,5,0,2.67
PRJ_088,2023-01-08,3,5,0,4.33
PRJ_088,2023-01-09,5,5,0,5.83
PRJ_088,2023-01-10,5,8,0,7.33
PRJ_088,2023-01-11,7,8,0,9.62
PRJ_088,2023-01-12,9,10,0,11.9
PRJ_088,2023-01-13,10,12,1,14.49
PRJ_088,2023-01-14,14,12,1,17.49
PRJ_088,2023-01-15,17,11,4,20.5
PRJ_088,2023-01-16,18,14,5,22.81
PRJ_088,2023-01-17,22,16,5,25.78
PRJ_088,2023-01-18,24,16,6,29.01
PRJ_088,2023-01-19,26,17,6,32.49
PRJ_088,2023-01-20,29,15,7,36.06
PRJ_088,2023-01-21,34,13,8,38.96
PRJ_088,2023-01-22,36,13,8,41.39
PRJ_089,2023-01-07,0,6,0,2.33
PRJ_089,2023-01-08,3,6,0,4.2
PRJ_089,2023-01-09,4,6,0,6.07
PRJ_089,2023-01-10,5,8,0,7.93
PRJ_089,2023-01-11,8,8,0,10.18
PRJ_089,2023-01-12,10,7,0,11.99
PRJ_089,2023-01-13,11,9,0,13.39
PRJ_089,2023-01-14,13,9,2,15.16
PRJ_089,2023-01-15,13,10,4,17.01
PRJ_089,2023-01-16,14,11,5,19.2
PRJ_089,2023-01-17,16,11,6,21.24
PRJ_089,2023-01-18,19,10,7,23.06
PRJ_089,2023-01-19,21,11,7,24.63
PRJ_089,2023-01-20,24,10,8,26.41
PRJ_089,2023-01-21,25,18,10,28.06
PRJ_089,2023-01-22,26,20,12,30.84
PRJ_090,2023-01-07,0,5,0,1.33
PRJ_090,2023-01-08,1,8,0,3.0
PRJ_090,2023-01-09,3,7,0,5.67
PRJ_090,2023-01-10,5,8,0,8.0
PRJ_090,2023-01-11,9,8,0,10.44
PRJ_090,2023-01-12,10,8,0,12.89
PRJ_090,2023-01-13,12,8,3,15.33
PRJ_090,2023-01-14,16,8,4,17.78
PRJ_090,2023-01-15,17,9,5,19.49
PRJ_090,2023-01-16,19,10,5,21.27
PRJ_090,2023-01-17,20,10,7,23.0
PRJ_090,2023-01-18,21,13,8,24.73
PRJ_090,2023-01-19,23,15,7,27.07
PRJ_090,2023-01-20,24,15,9,30.05
PRJ_090,2023-01-21,27,14,10,33.02
PRJ_090,2023-01-22,30,12,12,35.28
PRJ_091,2023-01-07,0,5,0,1.67
PRJ_091,2023-01-08,2,4,0,3.2
PRJ_091,2023-01-09,3,6,0,4.4
PRJ_091,2023-01-10,4,7,0,5.97
PRJ_091,2023-01-11,5,11,0,7.87
PRJ_091,2023-01-12,7,9,0,10.81
PRJ_091,2023-01-13,9,9,1,13.22
PRJ_091,2023-01-14,13,9,3,15.4
PRJ_091,2023-01-15,15,10,3,17.47
PRJ_091,2023-01-16,16,10,6,19.62
PRJ_091,2023-01-17,19,10,8,21.78
PRJ_091,2023-01-18,20,13,8,23.44
PRJ_091,2023-01-19,22,16,8,25.53
PRJ_091,2023-01-20,23,22,11,28.54
PRJ_091,2023-01-21,24,24,13,32.82
PRJ_091,2023-01-22,29,22,13,37.26
PRJ_092,2023-01-07,0,4,0,1.0
PRJ_092,2023-01-08,1,6,0,2.2
PRJ_092,2023-01-09,2,6,0,3.93
PRJ_092,2023-01-10,3,9,0,5.67
PRJ_092,2023-01-11,5,8,0,7.84
PRJ_092,2023-01-12,7,7,0,9.67
PRJ_092,2023-01-13,9,7,2,11.31
PRJ_092,2023-01-14,10,13,3,12.86
PRJ_092,2023-01-15,12,14,5,15.39
PRJ_092,2023-01-16,13,17,6,18.18
PRJ_092,2023-01-17,15,16,8,21.42
PRJ_092,2023-01-18,18,15,9,24.12
PRJ_092,2023-01-19,21,17,11,26.3
PRJ_092,2023-01-20,22,21,11,28.77
PRJ_092,2023-01-21,23,24,13,32.28
PRJ_092,2023-01-22,26,24,12,36.46
PRJ_093,2023-01-07,0,6,0,1.33
PRJ_093,2023-01-08,2,6,0,3.03
PRJ_093,2023-01-09,2,7,0,4.73
PRJ_093,2023-01-10,3,8,0,6.63
PRJ_093,2023-01-11,7,8,0,8.78
PRJ_093,2023-01-12,8,9,0,10.59
PRJ_093,2023-01-13,9,10,1,12.78
PRJ_093,2023-01-14,12,13,2,15.22
PRJ_093,2023-01-15,13,15,3,18.33
PRJ_093,2023-01-16,16,16,5,21.62
PRJ_093,2023-01-17,21,14,5,24.99
PRJ_093,2023-01-18,22,16,7,27.95
PRJ_093,2023-01-19,26,16,8,31.19
PRJ_093,2023-01-20,30,16,7,34.3
PRJ_093,2023-01-21,31,16,9,37.34
PRJ_093,2023-01-22,33,16,10,40.39
PRJ_094,2023-01-07,0,3,0,1.0
PRJ_094,2023-01-08,1,4,0,2.0
PRJ_094,2023-01-09,2,7,0,3.33
PRJ_094,2023-01-10,3,8,0,5.53
PRJ_094,2023-01-11,5,6,0,7.93
PRJ_094,2023-01-12,8,4,0,9.67
PRJ_094,2023-01-13,9,4,3,10.73
PRJ_094,2023-01-14,10,8,5,11.57
PRJ_094,2023-01-15,12,10,6,13.1
PRJ_094,2023-01-16,12,11,7,14.92
PRJ_094,2023-01-17,14,13,7,17.07
PRJ_094,2023-01-18,16,12,9,19.63
PRJ_094,2023-01-19,17,14,13,21.72
PRJ_094,2023-01-20,20,17,15,23.74
PRJ_094,2023-01-21,20,22,18,25.59
PRJ_094,2023-01-22,20,26,20,28.47
PRJ_095,2023-01-07,0,8,0,1.67
PRJ_095,2023-01-08,1,8,0,4.2
PRJ_095,2023-01-09,4,6,0,6.73
PRJ_095,2023-01-10,7,4,0,8.6
PRJ_095,2023-01-11,8,6,0,9.8
PRJ_095,2023-01-12,10,5,0,11.53
PRJ_095,2023-01-13,11,6,2,13.07
PRJ_095,2023-01-14,13,9,2,14.8
PRJ_095,2023-01-15,14,9,2,16.79
PRJ_095,2023-01-16,16,7,5,18.77
PRJ_095,2023-01-17,18,8,6,20.23
PRJ_095,2023-01-18,20,8,8,21.5
PRJ_095,2023-01-19,20,11,9,22.65
PRJ_095,2023-01-20,21,15,11,24.06
PRJ_095,2023-01-21,22,18,13,26.41
PRJ_095,2023-01-22,22,19,15,28.78
PRJ_096,2023-01-07,0,5,0,1.0
PRJ_096,2023-01-08,1,5,0,2.4
PRJ_096,2023-01-09,2,6,0,3.67
PRJ_096,2023-01-10,3,7,0,5.27
PRJ_096,2023-01-11,3,7,0,7.2
PRJ_096,2023-01-12,7,5,0,9.13
PRJ_096,2023-01-13,10,8,1,10.67
PRJ_096,2023-01-14,10,11,2,12.84
PRJ_096,2023-01-15,12,12,4,15.54
PRJ_096,2023-01-16,15,13,8,18.13
PRJ_096,2023-01-17,16,16,9,20.55
PRJ_096,2023-01-18,19,17,10,23.46
PRJ_096,2023-01-19,21,16,12,26.46
PRJ_096,2023-01-20,23,17,13,29.14
PRJ_096,2023-01-21,25,18,13,31.89
PRJ_096,2023-01-22,28,18,14,34.59
PRJ_097,2023-01-07,0,2,0,0.33
PRJ_097,2023-01-08,0,5,0,1.0
PRJ_097,2023-01-09,1,7,0,2.5
PRJ_097,2023-01-10,2,10,0,4.48
PRJ_097,2023-01-11,4,9,0,7.11
PRJ_097,2023-01-12,6,10,0,9.22
PRJ_097,2023-01-13,8,10,4,11.24
PRJ_097,2023-01-14,9,13,5,13.13
PRJ_097,2023-01-15,11,14,7,15.94
PRJ_097,2023-01-16,13,14,7,18.88
PRJ_097,2023-01-17,16,12,8,21.67
PRJ_097,2023-01-18,20,10,7,23.57
PRJ_097,2023-01-19,22,11,9,24.85
PRJ_097,2023-01-20,23,13,11,26.49
PRJ_097,2023-01-21,23,23,13,28.62
PRJ_097,2023-01-22,26,22,12,32.61
PRJ_098,2023-01-07,0,4,0,1.67
PRJ_098,2023-01-08,2,3,0,3.0
PRJ_098,2023-01-09,3,5,0,4.0
PRJ_098,2023-01-10,4,7,0,5.48
PRJ_098,2023-01-11,5,7,0,7.62
PRJ_098,2023-01-12,7,6,0,9.76
PRJ_098,2023-01-13,10,3,2,11.35
PRJ_098,2023-01-14,11,4,4,11.94
PRJ_098,2023-01-15,11,7,6,12.6
PRJ_098,2023-01-16,12,8,8,13.76
PRJ_098,2023-01-17,13,16,9,14.99
PRJ_098,2023-01-18,14,18,9,17.24
PRJ_098,2023-01-19,14,22,12,19.93
PRJ_098,2023-01-20,16,25,15,23.77
PRJ_098,2023-01-21,19,25,17,27.96
PRJ_098,2023-01-22,22,27,20,31.94
PRJ_099,2023-01-07,0,7,0,1.67
PRJ_099,2023-01-08,2,6,0,3.92
PRJ_099,2023-01-09,3,7,0,5.83
PRJ_099,2023-01-10,6,5,0,8.08
PRJ_099,2023-01-11,8,6,0,9.53
PRJ_099,2023-01-12,10,7,0,11.4
PRJ_099,2023-01-13,10,10,2,13.05
PRJ_099,2023-01-14,13,13,3,15.33
PRJ_099,2023-01-15,14,16,3,17.54
PRJ_099,2023-01-16,15,17,5,20.75
PRJ_099,2023-01-17,17,16,6,24.29
PRJ_099,2023-01-18,21,12,8,27.63
PRJ_099,2023-01-19,24,13,8,29.77
PRJ_099,2023-01-20,28,13,8,31.53
PRJ_099,2023-01-21,28,16,9,33.54
PRJ_099,2023-01-22,29,21,11,36.06
PRJ_100,2023-01-07,0,2,0,0.67
PRJ_100,2023-01-08,1,4,0,1.33
PRJ_100,2023-01-09,1,8,0,2.48
PRJ_100,2023-01-10,2,8,0,4.76
PRJ_100,2023-01-11,4,9,0,7.05
PRJ_100,2023-01-12,7,7,0,9.67
PRJ_100,2023-01-13,8,8,3,11.54
PRJ_100,2023-01-14,11,10,6,13.52
PRJ_100,2023-01-15,12,12,7,15.41
PRJ_100,2023-01-16,14,15,8,17.65
PRJ_100,2023-01-17,17,17,8,20.59
PRJ_100,2023-01-18,19,18,10,23.76
PRJ_100,2023-01-19,21,20,10,27.18
PRJ_100,2023-01-20,24,21,12,30.54
PRJ_100,2023-01-21,26,21,14,34.01
PRJ_100,2023-01-22,28,23,15,37.1
PRJ_101,2023-01-07,0,5,0,2.67
PRJ_101,2023-01-08,3,3,0,4.33
PRJ_101,2023-01-09,5,1,0,5.33
PRJ_101,2023-01-10,5,4,0,5.67
PRJ_101,2023-01-11,6,9,0,6.87
PRJ_101,2023-01-12,6,11,0,9.47
PRJ_101,2023-01-13,8,11,1,12.5
PRJ_101,2023-01-14,12,10,2,15.53
PRJ_101,2023-01-15,14,10,5,18.23
PRJ_101,2023-01-16,18,9,7,20.58
PRJ_101,2023-01-17,21,10,8,22.08
PRJ_101,2023-01-18,21,13,9,23.54
PRJ_101,2023-01-19,21,16,9,25.46
PRJ_101,2023-01-20,23,19,11,28.0
PRJ_101,2023-01-21,23,23,12,31.2
PRJ_101,2023-01-22,26,23,12,35.22
PRJ_102,2023-01-08,0,4,0,0.67
PRJ_102,2023-01-09,1,5,0,1.75
PRJ_102,2023-01-10,1,7,0,2.87
PRJ_102,2023-01-11,2,9,0,4.31
PRJ_102,2023-01-12,3,12,0,6.2
PRJ_102,2023-01-13,3,19,0,8.96
PRJ_102,2023-01-14,6,18,2,12.86
PRJ_102,2023-01-15,11,17,3,16.59
PRJ_102,2023-01-16,14,16,4,19.96
PRJ_102,2023-01-17,16,15,6,22.81
PRJ_102,2023-01-18,20,14,7,25.38
PRJ_102,2023-01-19,22,16,6,27.74
PRJ_102,2023-01-20,22,21,7,30.59
PRJ_102,2023-01-21,27,21,6,34.68
PRJ_102,2023-01-22,30,21,6,38.7
PRJ_103,2023-01-08,0,7,0,2.33
PRJ_103,2023-01-09,3,6,0,4.67
PRJ_103,2023-01-10,4,6,0,6.67
PRJ_103,2023-01-11,7,6,0,8.67
PRJ_103,2023-01-12,9,8,0,10.53
PRJ_103,2023-01-13,10,9,0,12.93
PRJ_103,2023-01-14,12,9,1,15.67
PRJ_103,2023-01-15,15,7,3,18.4
PRJ_103,2023-01-16,18,7,3,20.21
PRJ_103,2023-01-17,21,8,4,21.51
PRJ_103,2023-01-18,21,11,5,23.14
PRJ_103,2023-01-19,21,15,6,25.51
PRJ_103,2023-01-20,24,15,7,28.74
PRJ_103,2023-01-21,27,14,8,31.47
PRJ_103,2023-01-22,30,12,8,34.0
PRJ_104,2023-01-08,0,6,0,1.67
PRJ_104,2023-01-09,2,6,0,3.53
PRJ_104,2023-01-10,3,6,0,5.4
PRJ_104,2023-01-11,5,5,0,7.27
PRJ_104,2023-01-12,7,5,0,8.67
PRJ_104,2023-01-13,9,6,0,9.93
PRJ_104,2023-01-14,9,8,1,11.53
PRJ_104,2023-01-15,10,13,3,13.8
PRJ_104,2023-01-16,13,15,4,16.99
PRJ_104,2023-01-17,16,15,5,20.6
PRJ_104,2023-01-18,20,12,6,23.84
PRJ_104,2023-01-19,23,10,8,26.23
PRJ_104,2023-01-20,24,13,11,27.68
PRJ_104,2023-01-21,26,15,12,29.88
PRJ_104,2023-01-22,26,17,12,32.12
PRJ_105,2023-01-08,0,3,0,0.67
PRJ_105,2023-01-09,1,4,0,1.58
PRJ_105,2023-01-10,1,6,0,2.67
PRJ_105,2023-01-11,2,11,0,4.42
PRJ_105,2023-01-12,4,9,0,7.19
PRJ_105,2023-01-13,6,10,0,9.38
PRJ_105,2023-01-14,8,11,3,11.55
PRJ_105,2023-01-15,9,12,4,13.69
PRJ_105,2023-01-16,12,13,6,16.08
PRJ_105,2023-01-17,14,12,6,18.63
PRJ_105,2023-01-18,16,14,7,21.01
PRJ_105,2023-01-19,20,20,6,23.48
PRJ_105,2023-01-20,21,21,9,27.1
PRJ_105,2023-01-21,22,22,11,30.83
PRJ_105,2023-01-22,26,19,12,34.89
PRJ_106,2023-01-08,0,4,0,1.67
PRJ_106,2023-01-09,2,3,0,2.87
PRJ_106,2023-01-10,3,4,0,3.73
PRJ_106,2023-01-11,3,5,0,4.63
PRJ_106,2023-01-12,4,7,0,5.87
PRJ_106,2023-01-13,5,8,0,7.41
PRJ_106,2023-01-14,6,11,1,9.29
PRJ_106,2023-01-15,8,12,3,11.54
PRJ_106,2023-01-16,10,14,4,13.69
PRJ_106,2023-01-17,11,18,7,16.09
PRJ_106,2023-01-18,13,21,9,19.09
PRJ_106,2023-01-19,16,20,9,22.45
PRJ_106,2023-01-20,18,20,11,25.54
PRJ_106,2023-01-21,20,26,13,28.55
PRJ_106,2023-01-22,23,23,12,32.85
PRJ_107,2023-01-08,0,6,0,2.67
PRJ_107,2023-01-09,3,3,0,4.67
PRJ_107,2023-01-10,5,5,0,5.67
PRJ_107,2023-01-11,6,7,0,7.25
PRJ_107,2023-01-12,6,8,0,9.29
PRJ_107,2023-01-13,9,8,0,11.67
PRJ_107,2023-01-14,12,5,1,14.04
PRJ_107,2023-01-15,13,7,2,15.5
PRJ_107,2023-01-16,16,6,4,17.14
PRJ_107,2023-01-17,16,10,7,18.2
PRJ_107,2023-01-18,17,12,7,19.97
PRJ_107,2023-01-19,19,16,7,21.95
PRJ_107,2023-01-20,20,15,10,24.33
PRJ_107,2023-01-21,21,20,10,26.38
PRJ_107,2023-01-22,23,20,13,29.25
PRJ_108,2023-01-08,0,6,0,1.67
PRJ_108,2023-01-09,2,7,0,3.4
PRJ_108,2023-01-10,3,6,0,5.47
PRJ_108,2023-01-11,4,7,0,7.2
PRJ_108,2023-01-12,7,5,0,9.06
PRJ_108,2023-01-13,9,3,0,10.25
PRJ_108,2023-01-14,10,2,0,11.04
PRJ_108,2023-01-15,11,2,2,11.5
PRJ_108,2023-01-16,11,6,4,11.96
PRJ_108,2023-01-17,11,10,5,13.36
PRJ_108,2023-01-18,12,11,8,15.35
PRJ_108,2023-01-19,15,14,9,17.42
PRJ_108,2023-01-20,16,18,12,19.53
PRJ_108,2023-01-21,18,19,15,22.23
PRJ_108,2023-01-22,19,26,17,24.88
PRJ_109,2023-01-08,0,4,0,1.33
PRJ_109,2023-01-09,2,5,0,2.67
PRJ_109,2023-01-10,2,7,0,4.33
PRJ_109,2023-01-11,4,7,0,6.53
PRJ_109,2023-01-12,7,5,0,8.32
PRJ_109,2023-01-13,8,5,0,9.35
PRJ_109,2023-01-14,8,7,2,10.38
PRJ_109,2023-01-15,9,12,5,11.95
PRJ_109,2023-01-16,11,13,5,14.59
PRJ_109,2023-01-17,12,14,6,17.25
PRJ_109,2023-01-18,14,18,8,20.25
PRJ_109,2023-01-19,19,17,8,23.56
PRJ_109,2023-01-20,22,20,11,26.54
PRJ_109,2023-01-21,24,25,12,30.01
PRJ_109,2023-01-22,25,25,12,34.48
PRJ_110,2023-01-08,0,3,0,1.0
PRJ_110,2023-01-09,1,3,0,1.87
PRJ_110,2023-01-10,2,5,0,2.73
PRJ_110,2023-01-11,2,9,0,4.13
PRJ_110,2023-01-12,3,9,0,6.51
PRJ_110,2023-01-13,6,8,0,8.89
PRJ_110,2023-01-14,8,9,2,10.84
PRJ_110,2023-01-15,10,12,4,12.83
PRJ_110,2023-01-16,12,17,6,14.99
PRJ_110,2023-01-17,13,16,8,18.25
PRJ_110,2023-01-18,15,19,9,21.17
PRJ_110,2023-01-19,18,20,10,24.95
PRJ_110,2023-01-20,20,20,12,28.6
PRJ_110,2023-01-21,25,21,13,32.56
PRJ_110,2023-01-22,28,19,13,36.22
PRJ_111,2023-01-08,0,5,0,1.33
PRJ_111,2023-01-09,1,5,0,2.92
PRJ_111,2023-01-10,3,4,0,4.31
PRJ_111,2023-01-11,4,7,0,5.37
PRJ_111,2023-01-12,5,7,0,6.93
PRJ_111,2023-01-13,6,9,0,8.57
PRJ_111,2023-01-14,7,11,3,10.88
PRJ_111,2023-01-15,9,13,4,13.52
PRJ_111,2023-01-16,13,12,4,16.69
PRJ_111,2023-01-17,14,16,8,19.39
PRJ_111,2023-01-18,17,20,10,22.86
PRJ_111,2023-01-19,21,20,9,26.64
PRJ_111,2023-01-20,23,19,11,30.43
PRJ_111,2023-01-21,28,18,11,33.98
PRJ_111,2023-01-22,31,17,12,36.62
PRJ_112,2023-01-08,0,7,0,2.67
PRJ_112,2023-01-09,3,5,0,4.87
PRJ_112,2023-01-10,5,5,0,6.27
PRJ_112,2023-01-11,6,5,0,7.67
PRJ_112,2023-01-12,6,6,0,9.07
PRJ_112,2023-01-13,9,5,0,10.67
PRJ_112,2023-01-14,11,5,0,11.93
PRJ_112,2023-01-15,11,9,0,13.33
PRJ_112,2023-01-16,12,11,2,15.83
PRJ_112,2023-01-17,15,12,6,18.87
PRJ_112,2023-01-18,19,13,6,21.85
PRJ_112,2023-01-19,21,13,7,24.54
PRJ_112,2023-01-20,23,13,11,26.99
PRJ_112,2023-01-21,26,14,13,29.05
PRJ_112,2023-01-22,27,16,13,30.55
PRJ_113,2023-01-08,0,6,0,1.25
PRJ_113,2023-01-09,1,7,0,3.17
PRJ_113,2023-01-10,2,6,0,5.42
PRJ_113,2023-01-11,6,6,0,7.33
PRJ_113,2023-01-12,8,6,0,8.99
PRJ_113,2023-01-13,8,9,0,10.43
PRJ_113,2023-01-14,10,9,2,12.55
PRJ_113,2023-01-15,11,14,4,14.53
PRJ_113,2023-01-16,13,13,4,17.71
PRJ_113,2023-01-17,15,14,5,20.68
PRJ_113,2023-01-18,19,12,8,23.74
PRJ_113,2023-01-19,22,12,8,25.87
PRJ_113,2023-01-20,23,16,9,27.84
PRJ_113,2023-01-21,25,22,10,30.29
PRJ_113,2023-01-22,26,26,12,34.07
PRJ_114,2023-01-08,0,4,0,2.0
PRJ_114,2023-01-09,2,5,0,3.33
PRJ_114,2023-01-10,4,4,0,5.0
PRJ_114,2023-01-11,4,6,0,6.33
PRJ_114,2023-01-12,7,6,0,8.11
PRJ_114,2023-01-13,8,11,0,9.89
PRJ_114,2023-01-14,9,14,2,12.5
PRJ_114,2023-01-15,12,14,3,15.74
PRJ_114,2023-01-16,14,15,6,18.98
PRJ_114,2023-01-17,16,16,7,22.05
PRJ_114,2023-01-18,19,16,9,25.0
PRJ_114,2023-01-19,21,17,10,27.8
PRJ_114,2023-01-20,24,18,9,30.98
PRJ_114,2023-01-21,27,18,9,34.1
PRJ_114,2023-01-22,31,17,8,37.17
PRJ_115,2023-01-08,0,3,0,1.0
PRJ_115,2023-01-09,1,3,0,2.0
PRJ_115,2023-01-10,2,3,0,3.0
PRJ_115,2023-01-11,3,6,0,4.0
PRJ_115,2023-01-12,4,7,0,5.78
PRJ_115,2023-01-13,5,7,0,7.89
PRJ_115,2023-01-14,8,5,3,10.0
PRJ_115,2023-01-15,10,6,5,11.44
PRJ_115,2023-01-16,11,8,7,12.71
PRJ_115,2023-01-17,12,12,10,14.13
PRJ_115,2023-01-18,13,16,12,16.1
PRJ_115,2023-01-19,14,19,12,18.42
PRJ_115,2023-01-20,16,20,13,20.99
PRJ_115,2023-01-21,17,22,15,23.86
PRJ_115,2023-01-22,20,23,17,26.89
PRJ_116,2023-01-08,0,6,0,2.25
PRJ_116,2023-01-09,2,7,0,4.17
PRJ_116,2023-01-10,4,8,0,6.42
PRJ_116,2023-01-11,6,9,0,8.79
PRJ_116,2023-01-12,9,9,0,11.37
PRJ_116,2023-01-13,11,9,0,13.82
PRJ_116,2023-01-14,13,10,1,16.05
PRJ_116,2023-01-15,15,11,2,18.39
PRJ_116,2023-01-16,16,12,4,20.86
PRJ_116,2023-01-17,19,13,5,23.57
PRJ_116,2023-01-18,22,12,4,26.1
PRJ_116,2023-01-19,24,11,4,28.51
PRJ_116,2023-01-20,26,10,6,30.8
PRJ_116,2023-01-21,28,13,8,32.84
PRJ_116,2023-01-22,30,15,8,35.0
PRJ_117,2023-01-09,0,6,0,1.33
PRJ_117,2023-01-10,1,5,0,3.2
PRJ_117,2023-01-11,3,7,0,4.73
PRJ_117,2023-01-12,5,8,0,6.8
PRJ_117,2023-01-13,5,11,0,9.07
PRJ_117,2023-01-14,9,10,0,12.33
PRJ_117,2023-01-15,11,11,2,15.11
PRJ_117,2023-01-16,15,10,3,17.99
PRJ_117,2023-01-17,17,11,3,20.17
PRJ_117,2023-01-18,20,9,6,22.47
PRJ_117,2023-01-19,21,12,6,23.94
PRJ_117,2023-01-20,22,12,7,25.98
PRJ_117,2023-01-21,23,16,7,28.02
PRJ_117,2023-01-22,25,20,8,30.83
PRJ_118,2023-01-09,0,4,0,2.0
PRJ_118,2023-01-10,2,5,0,3.33
PRJ_118,2023-01-11,4,4,0,4.92
PRJ_118,2023-01-12,4,6,0,6.17
PRJ_118,2023-01-13,6,9,0,8.08
PRJ_118,2023-01-14,8,10,0,10.27
PRJ_118,2023-01-15,10,10,2,12.66
PRJ_118,2023-01-16,11,14,3,14.59
PRJ_118,2023-01-17,12,15,5,17.2
PRJ_118,2023-01-18,14,14,7,19.85
PRJ_118,2023-01-19,18,15,7,22.14
PRJ_118,2023-01-20,18,18,7,24.36
PRJ_118,2023-01-21,19,21,8,27.35
PRJ_118,2023-01-22,23,20,8,31.19
PRJ_119,2023-01-09,0,6,0,1.75
PRJ_119,2023-01-10,1,9,0,3.42
PRJ_119,2023-01-11,3,11,0,6.0
PRJ_119,2023-01-12,5,10,0,8.8
PRJ_119,2023-01-13,8,10,0,11.35
PRJ_119,2023-01-14,10,10,0,13.61
PRJ_119,2023-01-15,12,12,1,15.87
PRJ_119,2023-01-16,14,13,2,18.52
PRJ_119,2023-01-17,16,13,3,21.21
PRJ_119,2023-01-18,19,15,2,23.82
PRJ_119,2023-01-19,22,13,3,26.67
PRJ_119,2023-01-20,23,16,5,29.14
PRJ_119,2023-01-21,26,18,5,32.03
PRJ_119,2023-01-22,28,19,5,35.12
PRJ_120,2023-01-09,0,5,0,1.33
PRJ_120,2023-01-10,1,6,0,2.87
PRJ_120,2023-01-11,3,7,0,4.73
PRJ_120,2023-01-12,4,6,0,6.72
PRJ_120,2023-01-13,6,7,0,8.37
PRJ_120,2023-01-14,8,6,0,10.18
PRJ_120,2023-01-15,9,10,2,11.58
PRJ_120,2023-01-16,12,12,3,13.88
PRJ_120,2023-01-17,12,13,4,16.39
PRJ_120,2023-01-18,13,15,5,18.97
PRJ_120,2023-01-19,18,15,6,21.92
PRJ_120,2023-01-20,20,17,9,24.82
PRJ_120,2023-01-21,21,22,10,28.18
PRJ_120,2023-01-22,23,24,11,32.06
PRJ_121,2023-01-09,0,1,0,0.0
PRJ_121,2023-01-10,0,7,0,0.33
PRJ_121,2023-01-11,0,9,0,2.18
PRJ_121,2023-01-12,1,8,0,4.55
PRJ_121,2023-01-13,4,8,0,6.6
PRJ_121,2023-01-14,5,11,0,8.24
PRJ_121,2023-01-15,6,12,4,10.07
PRJ_121,2023-01-16,9,14,5,12.38
PRJ_121,2023-01-17,10,14,6,14.85
PRJ_121,2023-01-18,12,17,6,17.51
PRJ_121,2023-01-19,15,16,7,20.31
PRJ_121,2023-01-20,16,21,10,22.95
PRJ_121,2023-01-21,17,24,12,26.46
PRJ_121,2023-01-22,20,23,13,30.24
PRJ_122,2023-01-09,0,7,0,2.0
PRJ_122,2023-01-10,2,8,0,4.12
PRJ_122,2023-01-11,4,10,0,6.57
PRJ_122,2023-01-12,5,11,0,9.55
PRJ_122,2023-01-13,9,10,0,12.57
PRJ_122,2023-01-14,13,8,0,15.25
PRJ_122,2023-01-15,13,11,1,17.4
PRJ_122,2023-01-16,16,11,1,20.42
PRJ_122,2023-01-17,20,11,2,23.31
PRJ_122,2023-01-18,23,10,1,26.2
PRJ_122,2023-01-19,25,8,1,28.92
PRJ_122,2023-01-20,29,8,3,30.97
PRJ_122,2023-01-21,31,11,4,32.87
PRJ_122,2023-01-22,31,14,5,35.0
PRJ_123,2023-01-09,0,4,0,0.67
PRJ_123,2023-01-10,1,6,0,1.87
PRJ_123,2023-01-11,1,8,0,3.6
PRJ_123,2023-01-12,3,6,0,5.87
PRJ_123,2023-01-13,5,8,0,7.47
PRJ_123,2023-01-14,7,10,0,9.6
PRJ_123,2023-01-15,8,12,2,12.17
PRJ_123,2023-01-16,12,11,4,15.3
PRJ_123,2023-01-17,14,13,4,17.98
PRJ_123,2023-01-18,17,11,6,20.86
PRJ_123,2023-01-19,20,12,7,23.2
PRJ_123,2023-01-20,22,13,9,25.5
PRJ_123,2023-01-21,23,14,10,27.88
PRJ_123,2023-01-22,25,13,11,30.07
PRJ_124,2023-01-09,0,6,0,1.67
PRJ_124,2023-01-10,2,5,0,3.58
PRJ_124,2023-01-11,3,5,0,5.17
PRJ_124,2023-01-12,5,6,0,6.75
PRJ_124,2023-01-13,7,8,0,8.44
PRJ_124,2023-01-14,8,9,0,10.72
PRJ_124,2023-01-15,10,11,2,13.33
PRJ_124,2023-01-16,13,12,3,16.53
PRJ_124,2023-01-17,15,14,4,19.8
PRJ_124,2023-01-18,18,14,7,23.25
PRJ_124,2023-01-19,23,12,8,26.2
PRJ_124,2023-01-20,25,15,9,28.73
PRJ_124,2023-01-21,27,14,9,31.51
PRJ_124,2023-01-22,30,14,9,34.09
PRJ_125,2023-01-09,0,3,0,1.33
PRJ_125,2023-01-10,1,4,0,2.33
PRJ_125,2023-01-11,3,5,0,3.67
PRJ_125,2023-01-12,3,9,0,5.07
PRJ_125,2023-01-13,5,8,0,7.25
PRJ_125,2023-01-14,6,9,0,8.89
PRJ_125,2023-01-15,7,9,3,10.73
PRJ_125,2023-01-16,9,8,4,12.41
PRJ_125,2023-01-17,11,7,5,13.76
PRJ_125,2023-01-18,11,13,6,14.91
PRJ_125,2023-01-19,12,20,8,17.3
PRJ_125,2023-01-20,15,20,7,20.99
PRJ_125,2023-01-21,19,20,9,24.62
PRJ_125,2023-01-22,21,20,11,28.11
PRJ_126,2023-01-09,0,4,0,2.0
PRJ_126,2023-01-10,3,2,0,3.2
PRJ_126,2023-01-11,3,2,0,3.73
PRJ_126,2023-01-12,3,4,0,4.27
PRJ_126,2023-01-13,4,7,0,5.2
PRJ_126,2023-01-14,5,9,0,6.79
PRJ_126,2023-01-15,5,11,0,8.98
PRJ_126,2023-01-16,7,11,3,11.82
PRJ_126,2023-01-17,11,11,6,14.43
PRJ_126,2023-01-18,14,14,7,16.71
PRJ_126,2023-01-19,15,15,9,19.13
PRJ_126,2023-01-20,16,19,12,21.63
PRJ_126,2023-01-21,18,19,13,24.71
PRJ_126,2023-01-22,21,20,13,27.73
PRJ_127,2023-01-09,0,2,0,0.33
PRJ_127,2023-01-10,0,3,0,0.87
PRJ_127,2023-01-11,1,8,0,1.73
PRJ_127,2023-01-12,1,12,0,3.71
PRJ_127,2023-01-13,2,13,0,6.75
PRJ_127,2023-01-14,5,12,0,9.99
PRJ_127,2023-01-15,8,11,3,12.95
PRJ_127,2023-01-16,11,14,5,15.52
PRJ_127,2023-01-17,14,15,6,18.61
PRJ_127,2023-01-18,17,16,6,21.83
PRJ_127,2023-01-19,21,18,5,25.18
PRJ_127,2023-01-20,24,16,6,28.8
PRJ_127,2023-01-21,26,16,7,31.88
PRJ_127,2023-01-22,29,14,9,34.96
PRJ_128,2023-01-09,0,4,0,1.67
PRJ_128,2023-01-10,2,6,0,3.0
PRJ_128,2023-01-11,3,6,0,5.0
PRJ_128,2023-01-12,4,7,0,7.0
PRJ_128,2023-01-13,8,7,0,9.33
PRJ_128,2023-01-14,9,10,0,11.48
PRJ_128,2023-01-15,11,9,2,14.39
PRJ_128,2023-01-16,14,10,4,16.96
PRJ_128,2023-01-17,17,10,6,19.36
PRJ_128,2023-01-18,18,11,6,21.37
PRJ_128,2023-01-19,20,11,8,23.45
PRJ_128,2023-01-20,22,12,8,25.53
PRJ_128,2023-01-21,23,15,9,27.63
PRJ_128,2023-01-22,26,17,9,30.34
PRJ_129,2023-01-09,0,5,0,1.33
PRJ_129,2023-01-10,1,8,0,2.87
PRJ_129,2023-01-11,3,8,0,5.4
PRJ_129,2023-01-12,4,9,0,7.93
PRJ_129,2023-01-13,8,7,0,10.8
PRJ_129,2023-01-14,11,6,0,13.0
PRJ_129,2023-01-15,13,7,2,14.76
PRJ_129,2023-01-16,15,9,3,16.47
PRJ_129,2023-01-17,16,9,5,18.22
PRJ_129,2023-01-18,17,13,5,19.97
PRJ_129,2023-01-19,18,16,6,22.56
PRJ_129,2023-01-20,20,17,7,26.01
PRJ_129,2023-01-21,24,16,8,29.72
PRJ_129,2023-01-22,27,16,9,32.76
PRJ_130,2023-01-09,0,3,0,0.67
PRJ_130,2023-01-10,1,6,0,1.67
PRJ_130,2023-01-11,1,10,0,3.67
PRJ_130,2023-01-12,3,10,0,6.62
PRJ_130,2023-01-13,7,8,0,9.15
PRJ_130,2023-01-14,9,9,0,11.01
PRJ_130,2023-01-15,9,11,3,13.21
PRJ_130,2023-01-16,11,13,6,16.07
PRJ_130,2023-01-17,15,12,6,18.64
PRJ_130,2023-01-18,17,14,6,21.05
PRJ_130,2023-01-19,18,17,6,23.69
PRJ_130,2023-01-20,22,13,8,27.3
PRJ_130,2023-01-21,24,15,9,29.79
PRJ_130,2023-01-22,27,17,9,32.66
PRJ_131,2023-01-10,0,6,0,2.67
PRJ_131,2023-01-11,3,3,0,4.67
PRJ_131,2023-01-12,5,2,0,5.67
PRJ_131,2023-01-13,6,5,0,6.33
PRJ_131,2023-01-14,6,7,0,7.52
PRJ_131,2023-01-15,7,8,0,9.37
PRJ_131,2023-01-16,7,10,1,11.55
PRJ_131,2023-01-17,10,8,2,14.23
PRJ_131,2023-01-18,15,8,4,16.08
PRJ_131,2023-01-19,16,14,5,17.66
PRJ_131,2023-01-20,16,16,6,20.23
PRJ_131,2023-01-21,18,19,9,22.98
PRJ_131,2023-01-22,20,19,10,26.14
PRJ_132,2023-01-10,0,5,0,2.0
PRJ_132,2023-01-11,2,5,0,3.67
PRJ_132,2023-01-12,4,3,0,5.33
PRJ_132,2023-01-13,5,2,0,6.33
PRJ_132,2023-01-14,7,2,0,7.0
PRJ_132,2023-01-15,7,2,0,7.53
PRJ_132,2023-01-16,7,9,2,8.07
PRJ_132,2023-01-17,8,14,3,10.26
PRJ_132,2023-01-18,8,20,5,13.18
PRJ_132,2023-01-19,12,19,7,17.38
PRJ_132,2023-01-20,14,19,9,20.88
PRJ_132,2023-01-21,17,20,12,24.21
PRJ_132,2023-01-22,20,21,15,27.56
PRJ_133,2023-01-10,0,4,0,2.33
PRJ_133,2023-01-11,3,4,0,3.67
PRJ_133,2023-01-12,4,8,0,4.7
PRJ_133,2023-01-13,4,10,0,6.72
PRJ_133,2023-01-14,5,11,0,9.27
PRJ_133,2023-01-15,7,10,0,11.94
PRJ_133,2023-01-16,10,11,1,14.15
PRJ_133,2023-01-17,14,9,1,16.58
PRJ_133,2023-01-18,15,14,2,18.77
PRJ_133,2023-01-19,16,14,3,22.08
PRJ_133,2023-01-20,21,10,4,25.39
PRJ_133,2023-01-21,23,10,5,27.41
PRJ_133,2023-01-22,27,8,6,29.17
PRJ_134,2023-01-10,0,7,0,2.33
PRJ_134,2023-01-11,3,5,0,4.53
PRJ_134,2023-01-12,4,5,0,6.07
PRJ_134,2023-01-13,6,6,0,7.6
PRJ_134,2023-01-14,7,10,0,9.33
PRJ_134,2023-01-15,9,10,0,11.89
PRJ_134,2023-01-16,11,9,0,14.45
PRJ_134,2023-01-17,13,12,2,16.68
PRJ_134,2023-01-18,15,14,3,19.52
PRJ_134,2023-01-19,17,14,5,22.6
PRJ_134,2023-01-20,21,13,5,25.32
PRJ_134,2023-01-21,23,14,5,27.75
PRJ_134,2023-01-22,25,15,6,30.6
PRJ_135,2023-01-10,0,5,0,2.0
PRJ_135,2023-01-11,2,7,0,3.67
PRJ_135,2023-01-12,4,7,0,5.7
PRJ_135,2023-01-13,5,8,0,7.73
PRJ_135,2023-01-14,7,9,0,10.02
PRJ_135,2023-01-15,9,11,0,12.47
PRJ_135,2023-01-16,11,11,2,15.28
PRJ_135,2023-01-17,15,9,1,18.09
PRJ_135,2023-01-18,17,12,3,20.23
PRJ_135,2023-01-19,19,13,5,22.44
PRJ_135,2023-01-20,21,16,4,24.91
PRJ_135,2023-01-21,23,16,6,28.21
PRJ_135,2023-01-22,25,18,6,31.22
PRJ_136,2023-01-10,0,3,0,0.67
PRJ_136,2023-01-11,1,5,0,1.67
PRJ_136,2023-01-12,1,9,0,3.2
PRJ_136,2023-01-13,3,8,0,5.93
PRJ_136,2023-01-14,5,6,0,8.2
PRJ_136,2023-01-15,8,5,0,9.8
PRJ_136,2023-01-16,9,8,3,10.71
PRJ_136,2023-01-17,10,13,5,12.3
PRJ_136,2023-01-18,11,16,5,14.87
PRJ_136,2023-01-19,13,17,6,18.13
PRJ_136,2023-01-20,16,16,6,21.53
PRJ_136,2023-01-21,18,17,8,24.57
PRJ_136,2023-01-22,21,17,12,27.94
PRJ_137,2023-01-10,0,5,0,2.0
PRJ_137,2023-01-11,2,5,0,3.67
PRJ_137,2023-01-12,4,5,0,5.33
PRJ_137,2023-01-13,5,6,0,7.0
PRJ_137,2023-01-14,7,7,0,8.87
PRJ_137,2023-01-15,9,7,0,10.83
PRJ_137,2023-01-16,10,7,2,12.8
PRJ_137,2023-01-17,12,7,3,14.53
PRJ_137,2023-01-18,15,5,5,16.01
PRJ_137,2023-01-19,15,8,6,16.7
PRJ_137,2023-01-20,16,13,7,17.99
PRJ_137,2023-01-21,16,16,9,20.34
PRJ_137,2023-01-22,17,18,11,23.42
PRJ_138,2023-01-10,0,6,0,1.67
PRJ_138,2023-01-11,2,6,0,3.53
PRJ_138,2023-01-12,3,5,0,5.27
PRJ_138,2023-01-13,5,5,0,6.67
PRJ_138,2023-01-14,6,5,0,7.93
PRJ_138,2023-01-15,7,5,0,9.2
PRJ_138,2023-01-16,9,4,1,10.6
PRJ_138,2023-01-17,10,6,2,11.8
PRJ_138,2023-01-18,12,7,3,13.41
PRJ_138,2023-01-19,13,7,5,14.99
PRJ_138,2023-01-20,15,12,8,16.34
PRJ_138,2023-01-21,16,16,10,18.37
PRJ_138,2023-01-22,16,18,13,21.34
PRJ_139,2023-01-10,0,4,0,0.67
PRJ_139,2023-01-11,0,6,0,1.87
PRJ_139,2023-01-12,2,7,0,3.73
PRJ_139,2023-01-13,3,6,0,5.74
PRJ_139,2023-01-14,5,6,0,7.42
PRJ_139,2023-01-15,8,4,0,8.87
PRJ_139,2023-01-16,8,6,3,9.66
PRJ_139,2023-01-17,9,9,4,10.89
PRJ_139,2023-01-18,9,12,6,12.73
PRJ_139,2023-01-19,11,13,7,15.32
PRJ_139,2023-01-20,14,15,8,18.04
PRJ_139,2023-01-21,16,16,10,20.8
PRJ_139,2023-01-22,18,19,13,23.47
PRJ_140,2023-01-10,0,5,0,1.33
PRJ_140,2023-01-11,1,5,0,3.0
PRJ_140,2023-01-12,3,5,0,4.67
PRJ_140,2023-01-13,5,3,0,6.33
PRJ_140,2023-01-14,6,4,0,7.33
PRJ_140,2023-01-15,8,2,0,8.67
PRJ_140,2023-01-16,8,5,3,9.33
PRJ_140,2023-01-17,10,8,4,11.0
PRJ_140,2023-01-18,10,10,5,12.9
PRJ_140,2023-01-19,13,11,8,15.21
PRJ_140,2023-01-20,15,15,9,17.36
PRJ_140,2023-01-21,16,18,12,19.71
PRJ_140,2023-01-22,18,20,14,22.56
PRJ_141,2023-01-10,0,6,0,1.83
PRJ_141,2023-01-11,1,6,0,3.75
PRJ_141,2023-01-12,4,7,0,5.67
PRJ_141,2023-01-13,6,7,0,7.49
PRJ_141,2023-01-14,7,9,0,9.11
PRJ_141,2023-01-15,7,11,0,11.09
PRJ_141,2023-01-16,10,12,2,13.42
PRJ_141,2023-01-17,12,15,3,15.8
PRJ_141,2023-01-18,12,17,3,18.36
PRJ_141,2023-01-19,14,16,4,21.36
PRJ_141,2023-01-20,19,15,5,24.24
PRJ_141,2023-01-21,21,17,5,27.16
PRJ_141,2023-01-22,22,18,8,30.24
PRJ_142,2023-01-10,0,4,0,0.67
PRJ_142,2023-01-11,0,5,0,2.0
PRJ_142,2023-01-12,2,4,0,3.67
PRJ_142,2023-01-13,4,2,0,5.0
PRJ_142,2023-01-14,5,2,0,5.67
PRJ_142,2023-01-15,6,1,0,6.33
PRJ_142,2023-01-16,6,6,4,6.67
PRJ_142,2023-01-17,7,12,5,8.33
PRJ_142,2023-01-18,7,16,6,10.75
PRJ_142,2023-01-19,10,16,9,14.04
PRJ_142,2023-01-20,12,19,11,16.87
PRJ_142,2023-01-21,15,19,14,19.84
PRJ_142,2023-01-22,16,20,16,22.44
PRJ_143,2023-01-10,0,5,0,1.33
PRJ_143,2023-01-11,1,9,0,2.92
PRJ_143,2023-01-12,3,10,0,5.75
PRJ_143,2023-01-13,4,13,0,8.92
PRJ_143,2023-01-14,9,10,0,12.69
PRJ_143,2023-01-15,13,9,0,15.56
PRJ_143,2023-01-16,15,9,3,17.95
PRJ_143,2023-01-17,17,9,3,20.1
PRJ_143,2023-01-18,18,10,4,22.0
PRJ_143,2023-01-19,21,9,3,24.23
PRJ_143,2023-01-20,23,11,3,26.24
PRJ_143,2023-01-21,25,12,3,28.92
PRJ_143,2023-01-22,27,13,3,31.93
PRJ_144,2023-01-10,0,5,0,2.67
PRJ_144,2023-01-11,3,6,0,4.33
PRJ_144,2023-01-12,5,6,0,6.2
PRJ_144,2023-01-13,5,7,0,8.07
PRJ_144,2023-01-14,8,6,0,10.27
PRJ_144,2023-01-15,10,7,0,11.9
PRJ_144,2023-01-16,12,8,1,13.68
PRJ_144,2023-01-17,13,9,1,15.69
PRJ_144,2023-01-18,15,9,4,18.03
PRJ_144,2023-01-19,17,10,5,20.18
PRJ_144,2023-01-20,19,10,6,21.92
PRJ_144,2023-01-21,20,13,8,23.66
PRJ_144,2023-01-22,21,13,10,25.96
PRJ_145,2023-01-11,0,7,0,3.0
PRJ_145,2023-01-12,4,5,0,5.33
PRJ_145,2023-01-13,5,7,0,7.0
PRJ_145,2023-01-14,7,6,0,9.2
PRJ_145,2023-01-15,9,8,0,10.93
PRJ_145,2023-01-16,11,9,0,12.83
PRJ_145,2023-01-17,11,10,0,14.93
PRJ_145,2023-01-18,13,12,2,17.23
PRJ_145,2023-01-19,17,12,2,19.99
PRJ_145,2023-01-20,17,12,3,22.7
PRJ_145,2023-01-21,20,13,4,25.41
PRJ_145,2023-01-22,23,15,5,28.03
PRJ_146,2023-01-11,0,3,0,1.33
PRJ_146,2023-01-12,2,2,0,2.2
PRJ_146,2023-01-13,2,3,0,2.73
PRJ_146,2023-01-14,2,5,0,3.47
PRJ_146,2023-01-15,3,6,0,4.87
PRJ_146,2023-01-16,4,7,0,6.38
PRJ_146,2023-01-17,6,8,1,8.36
PRJ_146,2023-01-18,8,9,4,10.44
PRJ_146,2023-01-19,10,11,6,12.74
PRJ_146,2023-01-20,12,12,9,15.2
PRJ_146,2023-01-21,14,15,12,17.47
PRJ_146,2023-01-22,16,18,13,20.23
PRJ_147,2023-01-11,0,4,0,1.33
PRJ_147,2023-01-12,1,6,0,2.67
PRJ_147,2023-01-13,3,5,0,4.53
PRJ_147,2023-01-14,4,7,0,6.07
PRJ_147,2023-01-15,6,8,0,8.02
PRJ_147,2023-01-16,7,9,0,10.17
PRJ_147,2023-01-17,9,10,3,12.44
PRJ_147,2023-01-18,12,12,3,14.81
PRJ_147,2023-01-19,13,12,5,17.41
PRJ_147,2023-01-20,16,13,6,19.88
PRJ_147,2023-01-21,19,14,6,22.64
PRJ_147,2023-01-22,20,16,8,25.0
PRJ_148,2023-01-11,0,6,0,2.33
PRJ_148,2023-01-12,3,7,0,4.2
PRJ_148,2023-01-13,4,10,0,6.18
PRJ_148,2023-01-14,5,11,0,8.95
PRJ_148,2023-01-15,7,11,0,12.05
PRJ_148,2023-01-16,11,7,0,15.15
PRJ_148,2023-01-17,15,5,0,17.13
PRJ_148,2023-01-18,18,4,1,18.53
PRJ_148,2023-01-19,18,8,1,19.73
PRJ_148,2023-01-20,19,9,2,21.88
PRJ_148,2023-01-21,21,10,3,24.15
PRJ_148,2023-01-22,24,9,4,26.17
PRJ_149,2023-01-11,0,5,0,3.0
PRJ_149,2023-01-12,4,2,0,4.67
PRJ_149,2023-01-13,5,5,0,5.33
PRJ_149,2023-01-14,5,9,0,6.67
PRJ_149,2023-01-15,6,10,0,8.75
PRJ_149,2023-01-16,8,12,0,11.08
PRJ_149,2023-01-17,9,15,0,13.52
PRJ_149,2023-01-18,10,17,2,16.65
PRJ_149,2023-01-19,13,15,3,20.01
PRJ_149,2023-01-20,18,14,5,23.13
PRJ_149,2023-01-21,20,15,6,25.5
PRJ_149,2023-01-22,23,15,6,27.7
PRJ_150,2023-01-11,0,6,0,2.33
PRJ_150,2023-01-12,3,5,0,4.33
PRJ_150,2023-01-13,4,7,0,6.0
PRJ_150,2023-01-14,6,6,0,8.25
PRJ_150,2023-01-15,8,8,0,9.94
PRJ_150,2023-01-16,10,7,0,12.31
PRJ_150,2023-01-17,11,7,1,14.25
PRJ_150,2023-01-18,15,5,3,16.28
PRJ_150,2023-01-19,15,9,4,17.31
PRJ_150,2023-01-20,17,10,6,19.04
PRJ_150,2023-01-21,17,16,6,20.85
PRJ_150,2023-01-22,19,15,9,24.02
PRJ_151,2023-01-11,0,5,0,0.58
PRJ_151,2023-01-12,0,9,0,1.9
PRJ_151,2023-01-13,1,10,0,4.38
PRJ_151,2023-01-14,3,10,0,7.03
PRJ_151,2023-01-15,6,7,0,9.68
PRJ_151,2023-01-16,9,5,0,11.33
PRJ_151,2023-01-17,10,7,1,12.45
PRJ_151,2023-01-18,12,11,2,13.79
PRJ_151,2023-01-19,13,13,3,16.42
PRJ_151,2023-01-20,14,16,4,19.28
PRJ_151,2023-01-21,19,14,5,22.64
PRJ_151,2023-01-22,19,17,6,25.25
PRJ_152,2023-01-11,0,2,0,0.67
PRJ_152,2023-01-12,1,4,0,1.33
PRJ_152,2023-01-13,1,5,0,2.48
PRJ_152,2023-01-14,2,5,0,3.76
PRJ_152,2023-01-15,4,9,0,4.91
PRJ_152,2023-01-16,4,9,0,6.91
PRJ_152,2023-01-17,4,11,3,8.91
PRJ_152,2023-01-18,7,14,6,11.49
PRJ_152,2023-01-19,9,16,7,14.16
PRJ_152,2023-01-20,13,16,7,17.19
PRJ_152,2023-01-21,15,16,8,19.95
PRJ_152,2023-01-22,16,20,11,22.46
PRJ_153,2023-01-11,0,7,0,1.67
PRJ_153,2023-01-12,2,7,0,3.87
PRJ_153,2023-01-13,3,8,0,6.07
PRJ_153,2023-01-14,6,8,0,8.52
PRJ_153,2023-01-15,8,10,0,10.74
PRJ_153,2023-01-16,10,9,0,13.12
PRJ_153,2023-01-17,13,8,1,15.29
PRJ_153,2023-01-18,14,11,3,17.21
PRJ_153,2023-01-19,15,12,3,20.0
PRJ_153,2023-01-20,18,9,4,22.87
PRJ_153,2023-01-21,22,11,4,24.86
PRJ_153,2023-01-22,23,14,5,27.31
PRJ_154,2023-01-11,0,4,0,1.67
PRJ_154,2023-01-12,2,5,0,3.0
PRJ_154,2023-01-13,3,6,0,4.67
PRJ_154,2023-01-14,4,8,0,6.32
PRJ_154,2023-01-15,7,5,0,8.57
PRJ_154,2023-01-16,7,9,0,9.81
PRJ_154,2023-01-17,9,9,2,12.3
PRJ_154,2023-01-18,11,13,4,14.33
PRJ_154,2023-01-19,14,13,5,17.02
PRJ_154,2023-01-20,15,14,6,19.5
PRJ_154,2023-01-21,18,18,7,22.1
PRJ_154,2023-01-22,19,19,8,25.53
PRJ_155,2023-01-11,0,4,0,1.33
PRJ_155,2023-01-12,2,5,0,2.53
PRJ_155,2023-01-13,2,8,0,3.72
PRJ_155,2023-01-14,3,9,0,5.68
PRJ_155,2023-01-15,3,13,0,7.85
PRJ_155,2023-01-16,6,13,0,10.76
PRJ_155,2023-01-17,10,11,1,13.51
PRJ_155,2023-01-18,12,9,2,15.67
PRJ_155,2023-01-19,14,11,3,17.3
PRJ_155,2023-01-20,14,12,5,19.16
PRJ_155,2023-01-21,16,16,6,21.17
PRJ_155,2023-01-22,19,19,6,23.95
PRJ_156,2023-01-11,0,3,0,1.0
PRJ_156,2023-01-12,1,3,0,1.87
PRJ_156,2023-01-13,2,4,0,2.73
PRJ_156,2023-01-14,2,6,0,3.72
PRJ_156,2023-01-15,3,9,0,5.22
PRJ_156,2023-01-16,5,7,0,7.49
PRJ_156,2023-01-17,6,10,2,9.23
PRJ_156,2023-01-18,8,12,4,11.29
PRJ_156,2023-01-19,9,16,7,13.53
PRJ_156,2023-01-20,12,17,9,16.48
PRJ_156,2023-01-21,15,19,9,19.77
PRJ_156,2023-01-22,17,20,10,23.21
PRJ_157,2023-01-11,0,6,0,1.67
PRJ_157,2023-01-12,1,8,0,3.67
PRJ_157,2023-01-13,4,6,0,6.17
PRJ_157,2023-01-14,6,5,0,8.0
PRJ_157,2023-01-15,8,7,0,9.5
PRJ_157,2023-01-16,9,8,0,11.42
PRJ_157,2023-01-17,10,10,3,13.53
PRJ_157,2023-01-18,13,11,2,16.11
PRJ_157,2023-01-19,15,10,3,18.67
PRJ_157,2023-01-20,17,13,5,20.98
PRJ_157,2023-01-21,21,14,6,23.66
PRJ_157,2023-01-22,22,16,6,26.45
PRJ_158,2023-01-11,0,4,0,2.0
PRJ_158,2023-01-12,2,5,0,3.33
PRJ_158,2023-01-13,4,7,0,5.0
PRJ_158,2023-01-14,4,9,0,7.2
PRJ_158,2023-01-15,7,9,0,10.07
PRJ_158,2023-01-16,10,6,0,12.93
PRJ_158,2023-01-17,12,6,2,14.8
PRJ_158,2023-01-18,16,5,3,16.3
PRJ_158,2023-01-19,16,7,5,17.09
PRJ_158,2023-01-20,16,9,6,18.28
PRJ_158,2023-01-21,17,9,6,19.76
PRJ_158,2023-01-22,19,11,7,20.98
PRJ_159,2023-01-11,0,1,0,0.67
PRJ_159,2023-01-12,1,2,0,1.0
PRJ_159,2023-01-13,1,3,0,1.67
PRJ_159,2023-01-14,1,6,0,2.53
PRJ_159,2023-01-15,3,7,0,4.13
PRJ_159,2023-01-16,3,10,0,5.7
PRJ_159,2023-01-17,4,10,3,8.13
PRJ_159,2023-01-18,6,11,6,10.57
PRJ_159,2023-01-19,10,11,8,12.95
PRJ_159,2023-01-20,12,14,8,14.84
PRJ_159,2023-01-21,14,15,10,17.21
PRJ_159,2023-01-22,15,17,11,19.68
PRJ_160,2023-01-12,0,6,0,2.67
PRJ_160,2023-01-13,4,5,0,4.67
PRJ_160,2023-01-14,4,6,0,6.2
PRJ_160,2023-01-15,6,5,0,8.07
PRJ_160,2023-01-16,8,5,0,9.47
PRJ_160,2023-01-17,9,6,0,10.87
PRJ_160,2023-01-18,10,7,0,12.38
PRJ_160,2023-01-19,12,6,2,14.36
PRJ_160,2023-01-20,14,8,3,16.0
PRJ_160,2023-01-21,16,9,4,17.93
PRJ_160,2023-01-22,17,11,6,20.2
PRJ_161,2023-01-12,0,5,0,1.33
PRJ_161,2023-01-13,1,6,0,3.0
PRJ_161,2023-01-14,3,5,0,5.0
PRJ_161,2023-01-15,5,6,0,6.67
PRJ_161,2023-01-16,7,5,0,8.31
PRJ_161,2023-01-17,8,8,0,9.62
PRJ_161,2023-01-18,9,9,3,11.8
PRJ_161,2023-01-19,10,13,4,14.31
PRJ_161,2023-01-20,14,12,5,17.64
PRJ_161,2023-01-21,16,15,6,20.52
PRJ_161,2023-01-22,20,15,8,24.0
PRJ_162,2023-01-12,0,5,0,1.33
PRJ_162,2023-01-13,2,5,0,2.73
PRJ_162,2023-01-14,2,7,0,3.97
PRJ_162,2023-01-15,3,8,0,5.73
PRJ_162,2023-01-16,4,9,0,7.83
PRJ_162,2023-01-17,7,12,0,10.04
PRJ_162,2023-01-18,9,10,0,12.58
PRJ_162,2023-01-19,12,10,2,14.46
PRJ_162,2023-01-20,13,11,3,16.5
PRJ_162,2023-01-21,14,11,6,18.5
PRJ_162,2023-01-22,16,13,8,20.33
PRJ_163,2023-01-12,0,5,0,1.33
PRJ_163,2023-01-13,1,6,0,2.87
PRJ_163,2023-01-14,3,7,0,4.73
PRJ_163,2023-01-15,4,8,0,6.8
PRJ_163,2023-01-16,6,9,0,8.99
PRJ_163,2023-01-17,9,9,0,11.22
PRJ_163,2023-01-18,10,9,2,13.26
PRJ_163,2023-01-19,12,11,3,15.17
PRJ_163,2023-01-20,13,15,4,17.62
PRJ_163,2023-01-21,15,16,6,20.91
PRJ_163,2023-01-22,19,16,5,24.5
PRJ_164,2023-01-12,0,5,0,1.33
PRJ_164,2023-01-13,1,7,0,3.0
PRJ_164,2023-01-14,3,7,0,5.33
PRJ_164,2023-01-15,5,7,0,7.48
PRJ_164,2023-01-16,8,6,0,9.49
PRJ_164,2023-01-17,9,7,0,10.97
PRJ_164,2023-01-18,10,9,3,12.66
PRJ_164,2023-01-19,11,12,4,14.82
PRJ_164,2023-01-20,13,14,5,17.47
PRJ_164,2023-01-21,16,12,4,20.67
PRJ_164,2023-01-22,19,9,6,23.4
PRJ_165,2023-01-12,0,7,0,2.33
PRJ_165,2023-01-13,3,6,0,4.45
PRJ_165,2023-01-14,4,8,0,6.23
PRJ_165,2023-01-15,5,10,0,8.55
PRJ_165,2023-01-16,8,9,0,11.4
PRJ_165,2023-01-17,11,9,0,13.79
PRJ_165,2023-01-18,13,10,0,16.23
PRJ_165,2023-01-19,15,15,1,18.77
PRJ_165,2023-01-20,18,13,2,22.73
PRJ_165,2023-01-21,21,13,3,26.16
PRJ_165,2023-01-22,25,12,4,29.34
PRJ_166,2023-01-12,0,4,0,1.67
PRJ_166,2023-01-13,2,5,0,2.83
PRJ_166,2023-01-14,3,6,0,4.2
PRJ_166,2023-01-15,3,7,0,5.73
PRJ_166,2023-01-16,5,9,0,7.6
PRJ_166,2023-01-17,6,14,0,9.69
PRJ_166,2023-01-18,9,13,1,12.45
PRJ_166,2023-01-19,10,16,2,15.0
PRJ_166,2023-01-20,13,14,4,18.35
PRJ_166,2023-01-21,15,16,6,21.19
PRJ_166,2023-01-22,18,17,8,24.35
PRJ_167,2023-01-12,0,8,0,1.5
PRJ_167,2023-01-13,1,8,0,3.87
PRJ_167,2023-01-14,2,7,0,6.23
PRJ_167,2023-01-15,7,4,0,8.27
PRJ_167,2023-01-16,8,10,0,9.33
PRJ_167,2023-01-17,9,10,0,11.84
PRJ_167,2023-01-18,10,10,0,14.48
PRJ_167,2023-01-19,13,11,2,17.12
PRJ_167,2023-01-20,16,10,2,19.66
PRJ_167,2023-01-21,19,9,4,21.81
PRJ_167,2023-01-22,21,10,5,23.82
PRJ_168,2023-01-12,0,4,0,1.67
PRJ_168,2023-01-13,2,5,0,3.0
PRJ_168,2023-01-14,3,6,0,4.53
PRJ_168,2023-01-15,4,7,0,6.4
PRJ_168,2023-01-16,6,6,0,8.6
PRJ_168,2023-01-17,8,6,0,10.47
PRJ_168,2023-01-18,11,3,2,12.12
PRJ_168,2023-01-19,12,7,3,12.92
PRJ_168,2023-01-20,13,9,5,14.29
PRJ_168,2023-01-21,13,11,7,15.72
PRJ_168,2023-01-22,15,13,8,17.57
PRJ_169,2023-01-12,0,4,0,1.0
PRJ_169,2023-01-13,1,5,0,2.33
PRJ_169,2023-01-14,2,7,0,4.0
PRJ_169,2023-01-15,4,7,0,6.2
PRJ_169,2023-01-16,6,7,0,8.4
PRJ_169,2023-01-17,8,7,0,10.6
PRJ_169,2023-01-18,10,8,3,12.58
PRJ_169,2023-01-19,13,12,5,14.62
PRJ_169,2023-01-20,14,14,5,17.36
PRJ_169,2023-01-21,15,16,7,20.52
PRJ_169,2023-01-22,19,16,8,24.14
PRJ_170,2023-01-12,0,7,0,1.83
PRJ_170,2023-01-13,1,8,0,4.0
PRJ_170,2023-01-14,3,6,0,6.5
PRJ_170,2023-01-15,7,6,0,8.33
PRJ_170,2023-01-16,9,8,0,9.9
PRJ_170,2023-01-17,9,11,0,11.87
PRJ_170,2023-01-18,11,11,1,14.71
PRJ_170,2023-01-19,13,12,2,17.54
PRJ_170,2023-01-20,15,13,3,20.71
PRJ_170,2023-01-21,19,13,5,23.82
PRJ_170,2023-01-22,23,13,6,26.61
PRJ_171,2023-01-12,0,1,0,0.0
PRJ_171,2023-01-13,0,4,0,0.33
PRJ_171,2023-01-14,0,4,0,1.53
PRJ_171,2023-01-15,1,5,0,2.73
PRJ_171,2023-01-16,3,8,0,4.13
PRJ_171,2023-01-17,3,10,0,6.31
PRJ_171,2023-01-18,5,9,4,9.16
PRJ_171,2023-01-19,9,9,6,11.8
PRJ_171,2023-01-20,12,9,8,13.68
PRJ_171,2023-01-21,13,12,9,14.95
PRJ_171,2023-01-22,14,15,12,16.71
PRJ_172,2023-01-12,0,3,0,1.67
PRJ_172,2023-01-13,2,1,0,2.67
PRJ_172,2023-01-14,3,1,0,3.0
PRJ_172,2023-01-15,3,2,0,3.33
PRJ_172,2023-01-16,3,5,0,3.87
PRJ_172,2023-01-17,4,6,0,5.0
PRJ_172,2023-01-18,4,9,2,6.11
PRJ_172,2023-01-19,5,10,4,7.75
PRJ_172,2023-01-20,6,13,7,9.34
PRJ_172,2023-01-21,7,21,10,11.31
PRJ_172,2023-01-22,8,24,11,14.38
PRJ_173,2023-01-12,0,6,0,1.25
PRJ_173,2023-01-13,1,9,0,2.95
PRJ_173,2023-01-14,2,8,0,5.65
PRJ_173,2023-01-15,4,9,0,8.02
PRJ_173,2023-01-16,9,5,0,10.63
PRJ_173,2023-01-17,10,5,0,12.0
PRJ_173,2023-01-18,12,9,1,13.5
PRJ_173,2023-01-19,13,13,2,15.82
PRJ_173,2023-01-20,14,13,4,18.86
PRJ_173,2023-01-21,18,11,3,21.65
PRJ_173,2023-01-22,20,16,6,23.49
PRJ_174,2023-01-13,0,5,0,1.67
PRJ_174,2023-01-14,1,5,0,3.33
PRJ_174,2023-01-15,4,3,0,5.0
PRJ_174,2023-01-16,5,5,0,5.87
PRJ_174,2023-01-17,6,6,0,7.27
PRJ_174,2023-01-18,6,7,0,9.0
PRJ_174,2023-01-19,8,5,3,11.07
PRJ_174,2023-01-20,11,7,3,12.47
PRJ_174,2023-01-21,13,9,4,13.9
PRJ_174,2023-01-22,13,11,6,15.76
PRJ_175,2023-01-13,0,3,0,1.33
PRJ_175,2023-01-14,2,5,0,2.2
PRJ_175,2023-01-15,2,6,0,3.43
PRJ_175,2023-01-16,2,10,0,4.87
PRJ_175,2023-01-17,4,12,0,7.26
PRJ_175,2023-01-18,5,14,0,10.23
PRJ_175,2023-01-19,8,15,1,13.8
PRJ_175,2023-01-20,13,11,2,17.59
PRJ_175,2023-01-21,16,13,4,20.35
PRJ_175,2023-01-22,20,13,5,23.38
PRJ_176,2023-01-13,0,4,0,1.0
PRJ_176,2023-01-14,1,6,0,2.25
PRJ_176,2023-01-15,2,8,0,4.03
PRJ_176,2023-01-16,3,7,0,6.29
PRJ_176,2023-01-17,6,8,0,8.22
PRJ_176,2023-01-18,8,7,0,10.2
PRJ_176,2023-01-19,9,8,3,11.84
PRJ_176,2023-01-20,11,9,4,13.71
PRJ_176,2023-01-21,12,11,5,15.42
PRJ_176,2023-01-22,15,11,6,17.58
PRJ_177,2023-01-13,0,3,0,1.33
PRJ_177,2023-01-14,2,5,0,2.33
PRJ_177,2023-01-15,2,7,0,4.0
PRJ_177,2023-01-16,3,7,0,6.33
PRJ_177,2023-01-17,7,7,0,8.46
PRJ_177,2023-01-18,9,6,0,10.21
PRJ_177,2023-01-19,9,9,2,11.62
PRJ_177,2023-01-20,10,14,5,13.68
PRJ_177,2023-01-21,13,13,7,16.54
PRJ_177,2023-01-22,14,16,7,18.98
PRJ_178,2023-01-13,0,4,0,1.33
PRJ_178,2023-01-14,2,8,0,2.67
PRJ_178,2023-01-15,2,10,0,4.82
PRJ_178,2023-01-16,4,9,0,7.64
PRJ_178,2023-01-17,7,8,0,10.12
PRJ_178,2023-01-18,9,7,0,12.28
PRJ_178,2023-01-19,11,7,2,14.1
PRJ_178,2023-01-20,13,7,4,15.86
PRJ_178,2023-01-21,16,7,3,17.62
PRJ_178,2023-01-22,17,10,4,19.25
PRJ_179,2023-01-13,0,4,0,0.67
PRJ_179,2023-01-14,1,6,0,1.87
PRJ_179,2023-01-15,1,8,0,3.6
PRJ_179,2023-01-16,3,8,0,6.0
PRJ_179,2023-01-17,5,8,0,8.4
PRJ_179,2023-01-18,8,6,0,10.8
PRJ_179,2023-01-19,11,7,2,12.67
PRJ_179,2023-01-20,13,9,4,14.87
PRJ_179,2023-01-21,14,14,5,17.09
PRJ_179,2023-01-22,17,12,7,19.99
PRJ_180,2023-01-13,0,3,0,1.67
PRJ_180,2023-01-14,2,3,0,2.67
PRJ_180,2023-01-15,3,4,0,3.67
PRJ_180,2023-01-16,3,6,0,4.92
PRJ_180,2023-01-17,5,9,0,6.83
PRJ_180,2023-01-18,6,12,0,9.16
PRJ_180,2023-01-19,9,13,2,12.1
PRJ_180,2023-01-20,11,14,4,15.0
PRJ_180,2023-01-21,12,18,7,17.64
PRJ_180,2023-01-22,14,19,8,21.03
PRJ_181,2023-01-13,0,8,0,3.0
PRJ_181,2023-01-14,4,6,0,5.67
PRJ_181,2023-01-15,5,8,0,7.4
PRJ_181,2023-01-16,8,6,0,9.55
PRJ_181,2023-01-17,8,9,0,10.95
PRJ_181,2023-01-18,8,11,0,13.27
PRJ_181,2023-01-19,13,10,0,16.25
PRJ_181,2023-01-20,16,11,0,19.04
PRJ_181,2023-01-21,19,9,0,21.89
PRJ_181,2023-01-22,21,10,1,24.16
PRJ_182,2023-01-13,0,5,0,1.37
PRJ_182,2023-01-14,0,7,0,2.68
PRJ_182,2023-01-15,3,8,0,4.67
PRJ_182,2023-01-16,3,10,0,6.8
PRJ_182,2023-01-17,6,9,0,9.52
PRJ_182,2023-01-18,9,11,0,12.03
PRJ_182,2023-01-19,10,12,1,14.79
PRJ_182,2023-01-20,15,8,2,17.63
PRJ_182,2023-01-21,16,11,3,19.49
PRJ_182,2023-01-22,18,11,5,21.72
PRJ_183,2023-01-13,0,6,0,2.67
PRJ_183,2023-01-14,3,8,0,4.53
PRJ_183,2023-01-15,5,6,0,6.98
PRJ_183,2023-01-16,5,7,0,8.77
PRJ_183,2023-01-17,9,8,0,10.88
PRJ_183,2023-01-18,11,8,0,13.17
PRJ_183,2023-01-19,12,11,0,15.67
PRJ_183,2023-01-20,15,10,1,18.64
PRJ_183,2023-01-21,19,9,3,21.12
PRJ_183,2023-01-22,20,11,3,23.18
PRJ_184,2023-01-13,0,6,0,2.33
PRJ_184,2023-01-14,3,4,0,4.25
PRJ_184,2023-01-15,4,6,0,5.5
PRJ_184,2023-01-16,5,7,0,7.08
PRJ_184,2023-01-17,7,8,0,8.66
PRJ_184,2023-01-18,8,9,0,10.31
PRJ_184,2023-01-19,8,13,1,12.05
PRJ_184,2023-01-20,9,15,2,14.65
PRJ_184,2023-01-21,11,16,3,17.8
PRJ_184,2023-01-22,15,15,5,21.01
PRJ_185,2023-01-13,0,5,0,1.25
PRJ_185,2023-01-14,1,5,0,2.7
PRJ_185,2023-01-15,2,8,0,3.98
PRJ_185,2023-01-16,4,9,0,6.02
PRJ_185,2023-01-17,4,13,0,8.3
PRJ_185,2023-01-18,7,12,0,11.62
PRJ_185,2023-01-19,10,11,1,14.6
PRJ_185,2023-01-20,13,10,2,17.33
PRJ_185,2023-01-21,15,11,3,19.42
PRJ_185,2023-01-22,19,12,5,21.41
PRJ_186,2023-01-13,0,3,0,1.33
PRJ_186,2023-01-14,2,4,0,2.33
PRJ_186,2023-01-15,2,6,0,3.67
PRJ_186,2023-01-16,3,7,0,5.53
PRJ_186,2023-01-17,6,6,0,7.73
PRJ_186,2023-01-18,7,5,0,9.6
PRJ_186,2023-01-19,9,4,2,11.13
PRJ_186,2023-01-20,12,6,5,12.33
PRJ_186,2023-01-21,12,11,6,13.69
PRJ_186,2023-01-22,13,11,7,15.94
PRJ_187,2023-01-13,0,3,0,0.33
PRJ_187,2023-01-14,0,5,0,1.07
PRJ_187,2023-01-15,1,6,0,2.47
PRJ_187,2023-01-16,1,9,0,4.2
PRJ_187,2023-01-17,3,9,0,6.72
PRJ_187,2023-01-18,7,6,0,9.1
PRJ_187,2023-01-19,8,6,2,10.75
PRJ_187,2023-01-20,10,9,4,12.4
PRJ_187,2023-01-21,12,10,7,14.25
PRJ_187,2023-01-22,14,14,8,16.06
PRJ_188,2023-01-13,0,2,0,0.67
PRJ_188,2023-01-14,0,6,0,1.33
PRJ_188,2023-01-15,2,8,0,3.0
PRJ_188,2023-01-16,2,11,0,5.07
PRJ_188,2023-01-17,4,10,0,7.64
PRJ_188,2023-01-18,6,10,0,9.89
PRJ_188,2023-01-19,6,11,4,12.0
PRJ_188,2023-01-20,11,11,3,14.44
PRJ_188,2023-01-21,14,11,4,16.86
PRJ_188,2023-01-22,15,13,4,19.11
PRJ_189,2023-01-14,0,6,0,1.58
PRJ_189,2023-01-15,2,6,0,3.28
PRJ_189,2023-01-16,2,7,0,4.98
PRJ_189,2023-01-17,4,8,0,7.02
PRJ_189,2023-01-18,7,8,0,8.98
PRJ_189,2023-01-19,9,9,0,10.54
PRJ_189,2023-01-20,9,10,1,12.35
PRJ_189,2023-01-21,9,14,2,14.3
PRJ_189,2023-01-22,14,16,4,17.12
PRJ_190,2023-01-14,0,4,0,0.67
PRJ_190,2023-01-15,0,9,0,1.87
PRJ_190,2023-01-16,2,8,0,4.15
PRJ_190,2023-01-17,3,10,0,5.97
PRJ_190,2023-01-18,4,16,0,7.99
PRJ_190,2023-01-19,6,18,0,11.52
PRJ_190,2023-01-20,6,19,3,15.41
PRJ_190,2023-01-21,15,13,1,19.64
PRJ_190,2023-01-22,16,16,1,22.58
PRJ_191,2023-01-14,0,6,0,1.92
PRJ_191,2023-01-15,2,7,0,3.62
PRJ_191,2023-01-16,3,9,0,5.52
PRJ_191,2023-01-17,4,10,0,7.83
PRJ_191,2023-01-18,7,9,0,10.27
PRJ_191,2023-01-19,9,10,0,12.32
PRJ_191,2023-01-20,11,13,0,14.43
PRJ_191,2023-01-21,12,15,1,17.18
PRJ_191,2023-01-22,15,13,2,20.29
PRJ_192,2023-01-14,0,4,0,0.92
PRJ_192,2023-01-15,1,5,0,2.03
PRJ_192,2023-01-16,1,7,0,3.48
PRJ_192,2023-01-17,3,6,0,5.35
PRJ_192,2023-01-18,5,7,0,6.88
PRJ_192,2023-01-19,6,7,0,8.67
PRJ_192,2023-01-20,7,10,1,10.58
PRJ_192,2023-01-21,10,10,4,13.42
PRJ_192,2023-01-22,13,11,5,16.08
PRJ_193,2023-01-14,0,5,0,1.33
PRJ_193,2023-01-15,2,5,0,2.87
PRJ_193,2023-01-16,2,5,0,4.27
PRJ_193,2023-01-17,4,3,0,5.67
PRJ_193,2023-01-18,5,3,0,6.4
PRJ_193,2023-01-19,6,5,0,7.13
PRJ_193,2023-01-20,7,7,1,8.4
PRJ_193,2023-01-21,8,9,3,10.11
PRJ_193,2023-01-22,9,11,4,12.23
PRJ_194,2023-01-14,0,4,0,1.33
PRJ_194,2023-01-15,2,3,0,2.67
PRJ_194,2023-01-16,2,5,0,3.67
PRJ_194,2023-01-17,4,4,0,5.2
PRJ_194,2023-01-18,5,6,0,6.27
PRJ_194,2023-01-19,6,9,0,7.87
PRJ_194,2023-01-20,6,10,2,10.2
PRJ_194,2023-01-21,9,10,5,12.87
PRJ_194,2023-01-22,12,10,5,15.15
PRJ_195,2023-01-14,0,7,0,2.33
PRJ_195,2023-01-15,2,6,0,4.67
PRJ_195,2023-01-16,5,6,0,6.67
PRJ_195,2023-01-17,7,6,0,8.46
PRJ_195,2023-01-18,8,6,0,10.25
PRJ_195,2023-01-19,10,9,0,12.04
PRJ_195,2023-01-20,12,13,2,14.19
PRJ_195,2023-01-21,13,15,2,17.19
PRJ_195,2023-01-22,15,15,3,20.47
PRJ_196,2023-01-14,0,5,0,1.33
PRJ_196,2023-01-15,1,7,0,3.0
PRJ_196,2023-01-16,3,5,0,5.33
PRJ_196,2023-01-17,5,3,0,7.0
PRJ_196,2023-01-18,8,1,0,8.0
PRJ_196,2023-01-19,8,1,0,8.12
PRJ_196,2023-01-20,8,6,3,8.25
PRJ_196,2023-01-21,8,12,4,9.61
PRJ_196,2023-01-22,8,16,5,11.82
PRJ_197,2023-01-14,0,5,0,2.0
PRJ_197,2023-01-15,3,4,0,3.67
PRJ_197,2023-01-16,3,6,0,5.0
PRJ_197,2023-01-17,5,5,0,6.79
PRJ_197,2023-01-18,7,5,0,8.25
PRJ_197,2023-01-19,8,6,0,9.71
PRJ_197,2023-01-20,9,6,1,11.5
PRJ_197,2023-01-21,11,7,4,13.29
PRJ_197,2023-01-22,13,10,5,15.28
PRJ_198,2023-01-14,0,5,0,1.33
PRJ_198,2023-01-15,2,4,0,2.87
PRJ_198,2023-01-16,2,6,0,3.93
PRJ_198,2023-01-17,4,9,0,5.37
PRJ_198,2023-01-18,4,9,0,7.4
PRJ_198,2023-01-19,5,10,0,9.43
PRJ_198,2023-01-20,8,7,1,11.71
PRJ_198,2023-01-21,9,10,3,13.12
PRJ_198,2023-01-22,14,9,2,15.28
PRJ_199,2023-01-14,0,6,0,2.17
PRJ_199,2023-01-15,2,8,0,4.0
PRJ_199,2023-01-16,4,10,0,6.06
PRJ_199,2023-01-17,5,13,0,8.51
PRJ_199,2023-01-18,7,13,0,11.58
PRJ_199,2023-01-19,10,13,0,14.73
PRJ_199,2023-01-20,11,15,1,17.89
PRJ_199,2023-01-21,15,14,2,21.4
PRJ_199,2023-01-22,20,10,1,24.76
PRJ_200,2023-01-14,0,7,0,2.0
PRJ_200,2023-01-15,3,7,0,4.25
PRJ_200,2023-01-16,3,9,0,6.5
PRJ_200,2023-01-17,6,9,0,9.42
PRJ_200,2023-01-18,10,8,0,11.9
PRJ_200,2023-01-19,12,7,0,14.14
PRJ_200,2023-01-20,13,6,1,16.04
PRJ_200,2023-01-21,16,9,3,17.61
PRJ_200,2023-01-22,17,11,3,19.63
PRJ_201,2023-01-14,0,7,0,2.67
PRJ_201,2023-01-15,3,6,0,5.0
PRJ_201,2023-01-16,5,6,0,6.87
PRJ_201,2023-01-17,7,8,0,8.73
PRJ_201,2023-01-18,8,10,0,11.13
PRJ_201,2023-01-19,10,9,0,14.07
PRJ_201,2023-01-20,14,6,1,16.67
PRJ_201,2023-01-21,16,6,1,18.4
PRJ_201,2023-01-22,18,7,2,19.74
PRJ_202,2023-01-14,0,3,0,1.0
PRJ_202,2023-01-15,1,3,0,2.0
PRJ_202,2023-01-16,2,5,0,3.0
PRJ_202,2023-01-17,3,6,0,4.58
PRJ_202,2023-01-18,4,6,0,6.1
PRJ_202,2023-01-19,6,8,0,7.62
PRJ_202,2023-01-20,7,7,3,9.46
PRJ_202,2023-01-21,8,12,5,11.05
PRJ_202,2023-01-22,10,16,7,13.27
PRJ_203,2023-01-15,0,3,0,1.33
PRJ_203,2023-01-16,2,3,0,2.33
PRJ_203,2023-01-17,2,5,0,3.33
PRJ_203,2023-01-18,3,8,0,4.87
PRJ_203,2023-01-19,5,8,0,6.74
PRJ_203,2023-01-20,6,8,0,8.53
PRJ_203,2023-01-21,6,12,2,10.09
PRJ_203,2023-01-22,9,12,5,12.65
PRJ_204,2023-01-15,0,5,0,1.25
PRJ_204,2023-01-16,1,7,0,2.83
PRJ_204,2023-01-17,2,8,0,4.87
PRJ_204,2023-01-18,5,9,0,7.07
PRJ_204,2023-01-19,6,11,0,9.28
PRJ_204,2023-01-20,8,11,0,12.03
PRJ_204,2023-01-21,10,12,2,14.62
PRJ_204,2023-01-22,12,11,3,17.31
PRJ_205,2023-01-15,0,4,0,0.33
PRJ_205,2023-01-16,0,9,0,1.53
PRJ_205,2023-01-17,1,8,0,4.07
PRJ_205,2023-01-18,3,10,0,6.27
PRJ_205,2023-01-19,6,10,0,8.7
PRJ_205,2023-01-20,7,11,0,11.01
PRJ_205,2023-01-21,9,11,3,13.78
PRJ_205,2023-01-22,13,11,3,16.54
PRJ_206,2023-01-15,0,6,0,1.58
PRJ_206,2023-01-16,1,6,0,3.5
PRJ_206,2023-01-17,3,7,0,5.42
PRJ_206,2023-01-18,6,7,0,7.5
PRJ_206,2023-01-19,7,8,0,9.31
PRJ_206,2023-01-20,8,11,0,11.46
PRJ_206,2023-01-21,11,10,2,14.24
PRJ_206,2023-01-22,13,13,3,16.63
PRJ_207,2023-01-15,0,6,0,1.67
PRJ_207,2023-01-16,2,6,0,3.53
PRJ_207,2023-01-17,3,7,0,5.4
PRJ_207,2023-01-18,5,9,0,7.35
PRJ_207,2023-01-19,7,8,0,9.42
PRJ_207,2023-01-20,8,12,0,11.02
PRJ_207,2023-01-21,10,12,1,13.51
PRJ_207,2023-01-22,10,17,3,16.09
PRJ_208,2023-01-15,0,5,0,2.0
PRJ_208,2023-01-16,2,6,0,3.53
PRJ_208,2023-01-17,4,6,0,5.4
PRJ_208,2023-01-18,4,8,0,7.27
PRJ_208,2023-01-19,7,7,0,9.8
PRJ_208,2023-01-20,10,5,0,12.0
PRJ_208,2023-01-21,12,6,1,13.67
PRJ_208,2023-01-22,14,8,2,15.53
PRJ_209,2023-01-15,0,5,0,2.0
PRJ_209,2023-01-16,2,6,0,3.67
PRJ_209,2023-01-17,4,5,0,5.67
PRJ_209,2023-01-18,5,6,0,7.25
PRJ_209,2023-01-19,8,5,0,8.96
PRJ_209,2023-01-20,8,7,0,10.12
PRJ_209,2023-01-21,10,7,2,11.82
PRJ_209,2023-01-22,11,10,3,13.37
PRJ_210,2023-01-15,0,7,0,3.0
PRJ_210,2023-01-16,4,5,0,5.33
PRJ_210,2023-01-17,5,8,0,6.87
PRJ_210,2023-01-18,7,7,0,9.27
PRJ_210,2023-01-19,8,8,0,11.33
PRJ_210,2023-01-20,11,5,0,13.73
PRJ_210,2023-01-21,13,8,0,15.13
PRJ_210,2023-01-22,16,7,1,17.22
PRJ_211,2023-01-15,0,4,0,1.33
PRJ_211,2023-01-16,1,5,0,2.67
PRJ_211,2023-01-17,3,6,0,4.33
PRJ_211,2023-01-18,4,6,0,6.17
PRJ_211,2023-01-19,6,6,0,8.0
PRJ_211,2023-01-20,8,6,0,9.67
PRJ_211,2023-01-21,9,8,3,10.9
PRJ_211,2023-01-22,10,12,4,12.6
PRJ_212,2023-01-15,0,4,0,1.0
PRJ_212,2023-01-16,1,7,0,2.33
PRJ_212,2023-01-17,2,8,0,4.53
PRJ_212,2023-01-18,4,7,0,7.07
PRJ_212,2023-01-19,7,6,0,9.27
PRJ_212,2023-01-20,9,7,0,11.13
PRJ_212,2023-01-21,11,6,3,13.33
PRJ_212,2023-01-22,13,9,4,15.33
PRJ_213,2023-01-15,0,6,0,1.67
PRJ_213,2023-01-16,2,5,0,3.53
PRJ_213,2023-01-17,3,6,0,5.07
PRJ_213,2023-01-18,5,6,0,6.93
PRJ_213,2023-01-19,6,7,0,8.8
PRJ_213,2023-01-20,9,5,0,11.0
PRJ_213,2023-01-21,11,5,1,12.67
PRJ_213,2023-01-22,13,9,3,14.33
PRJ_214,2023-01-15,0,8,0,3.17
PRJ_214,2023-01-16,3,7,0,5.67
PRJ_214,2023-01-17,6,7,0,7.83
PRJ_214,2023-01-18,7,8,0,9.95
PRJ_214,2023-01-19,10,6,0,12.4
PRJ_214,2023-01-20,12,6,0,14.27
PRJ_214,2023-01-21,14,7,0,15.91
PRJ_214,2023-01-22,16,7,1,17.53
PRJ_215,2023-01-15,0,2,0,1.0
PRJ_215,2023-01-16,1,2,0,1.67
PRJ_215,2023-01-17,2,2,0,2.33
PRJ_215,2023-01-18,2,4,0,3.0
PRJ_215,2023-01-19,3,4,0,4.33
PRJ_215,2023-01-20,4,7,0,5.67
PRJ_215,2023-01-21,6,6,3,7.37
PRJ_215,2023-01-22,7,9,5,8.57
PRJ_216,2023-01-15,0,5,0,0.67
PRJ_216,2023-01-16,1,7,0,2.2
PRJ_216,2023-01-17,1,8,0,4.4
PRJ_216,2023-01-18,4,7,0,6.74
PRJ_216,2023-01-19,7,8,0,8.75
PRJ_216,2023-01-20,8,11,0,10.83
PRJ_216,2023-01-21,10,10,2,13.36
PRJ_216,2023-01-22,12,15,5,15.43
PRJ_217,2023-01-16,0,4,0,0.33
PRJ_217,2023-01-17,0,7,0,1.4
PRJ_217,2023-01-18,1,9,0,3.47
PRJ_217,2023-01-19,2,8,0,6.2
PRJ_217,2023-01-20,5,8,0,8.6
PRJ_217,2023-01-21,10,5,0,11.0
PRJ_217,2023-01-22,10,6,2,12.67
PRJ_218,2023-01-16,0,5,0,1.33
PRJ_218,2023-01-17,1,5,0,3.0
PRJ_218,2023-01-18,3,5,0,4.5
PRJ_218,2023-01-19,5,4,0,5.92
PRJ_218,2023-01-20,5,6,0,6.87
PRJ_218,2023-01-21,6,8,0,8.4
PRJ_218,2023-01-22,7,12,3,10.26
PRJ_219,2023-01-16,0,5,0,1.33
PRJ_219,2023-01-17,1,7,0,2.87
PRJ_219,2023-01-18,3,5,0,4.93
PRJ_219,2023-01-19,4,6,0,6.33
PRJ_219,2023-01-20,6,7,0,7.71
PRJ_219,2023-01-21,7,7,0,9.02
PRJ_219,2023-01-22,8,11,2,10.47
PRJ_220,2023-01-16,0,9,0,2.42
PRJ_220,2023-01-17,2,10,0,5.12
PRJ_220,2023-01-18,4,10,0,8.15
PRJ_220,2023-01-19,8,8,0,11.27
PRJ_220,2023-01-20,11,9,0,13.58
PRJ_220,2023-01-21,14,8,0,16.23
PRJ_220,2023-01-22,14,10,0,18.45
PRJ_221,2023-01-16,0,6,0,1.92
PRJ_221,2023-01-17,1,7,0,3.7
PRJ_221,2023-01-18,4,7,0,5.65
PRJ_221,2023-01-19,5,7,0,7.47
PRJ_221,2023-01-20,6,12,0,9.37
PRJ_221,2023-01-21,9,12,0,12.63
PRJ_221,2023-01-22,10,12,1,15.83
PRJ_222,2023-01-16,0,5,0,1.67
PRJ_222,2023-01-17,2,5,0,3.2
PRJ_222,2023-01-18,3,6,0,4.6
PRJ_222,2023-01-19,4,10,0,6.03
PRJ_222,2023-01-20,5,10,0,8.44
PRJ_222,2023-01-21,6,11,0,10.86
PRJ_222,2023-01-22,10,9,1,13.43
PRJ_223,2023-01-16,0,5,0,2.0
PRJ_223,2023-01-17,2,4,0,3.67
PRJ_223,2023-01-18,4,4,0,4.87
PRJ_223,2023-01-19,5,5,0,6.07
PRJ_223,2023-01-20,5,7,0,7.6
PRJ_223,2023-01-21,7,7,0,9.58
PRJ_223,2023-01-22,10,5,2,11.37
PRJ_224,2023-01-16,0,4,0,1.58
PRJ_224,2023-01-17,2,4,0,2.75
PRJ_224,2023-01-18,2,5,0,3.75
PRJ_224,2023-01-19,3,9,0,4.92
PRJ_224,2023-01-20,5,10,0,6.76
PRJ_224,2023-01-21,5,13,0,8.7
PRJ_224,2023-01-22,6,15,1,11.5
PRJ_225,2023-01-16,0,6,0,1.67
PRJ_225,2023-01-17,2,8,0,3.53
PRJ_225,2023-01-18,3,9,0,5.93
PRJ_225,2023-01-19,5,8,0,8.53
PRJ_225,2023-01-20,8,9,0,10.8
PRJ_225,2023-01-21,10,7,0,12.92
PRJ_225,2023-01-22,12,8,1,14.52
PRJ_226,2023-01-16,0,6,0,1.33
PRJ_226,2023-01-17,1,9,0,3.2
PRJ_226,2023-01-18,3,8,0,5.9
PRJ_226,2023-01-19,5,7,0,8.27
PRJ_226,2023-01-20,8,8,0,10.3
PRJ_226,2023-01-21,10,11,0,12.31
PRJ_226,2023-01-22,11,12,2,15.14
PRJ_227,2023-01-16,0,6,0,2.33
PRJ_227,2023-01-17,3,5,0,4.25
PRJ_227,2023-01-18,4,7,0,5.67
PRJ_227,2023-01-19,5,8,0,7.67
PRJ_227,2023-01-20,7,8,0,9.87
PRJ_227,2023-01-21,9,8,0,11.98
PRJ_227,2023-01-22,11,12,1,14.1
PRJ_228,2023-01-16,0,7,0,2.0
PRJ_228,2023-01-17,3,7,0,4.2
PRJ_228,2023-01-18,3,9,0,6.27
PRJ_228,2023-01-19,6,8,0,9.0
PRJ_228,2023-01-20,8,7,0,11.27
PRJ_228,2023-01-21,11,6,0,13.2
PRJ_228,2023-01-22,13,7,0,14.8
PRJ_229,2023-01-16,0,5,0,1.67
PRJ_229,2023-01-17,2,6,0,3.2
PRJ_229,2023-01-18,3,6,0,4.98
PRJ_229,2023-01-19,4,6,0,6.77
PRJ_229,2023-01-20,6,8,0,8.34
PRJ_229,2023-01-21,9,10,0,10.19
PRJ_229,2023-01-22,9,15,1,12.18
PRJ_230,2023-01-16,0,7,0,3.0
PRJ_230,2023-01-17,4,4,0,5.33
PRJ_230,2023-01-18,5,5,0,6.67
PRJ_230,2023-01-19,7,5,0,8.33
PRJ_230,2023-01-20,8,6,0,9.87
PRJ_230,2023-01-21,10,6,0,11.6
PRJ_230,2023-01-22,11,9,0,13.25
PRJ_231,2023-01-16,0,5,0,2.0
PRJ_231,2023-01-17,2,6,0,3.67
PRJ_231,2023-01-18,4,7,0,5.26
PRJ_231,2023-01-19,5,7,0,7.19
PRJ_231,2023-01-20,5,11,0,9.11
PRJ_231,2023-01-21,9,8,0,12.05
PRJ_231,2023-01-22,11,11,2,14.07
PRJ_232,2023-01-17,0,3,0,1.33
PRJ_232,2023-01-18,2,3,0,2.2
PRJ_232,2023-01-19,2,5,0,2.93
PRJ_232,2023-01-20,2,7,0,4.2
PRJ_232,2023-01-21,3,9,0,6.0
PRJ_232,2023-01-22,5,9,0,8.33
PRJ_233,2023-01-17,0,6,0,1.33
PRJ_233,2023-01-18,1,9,0,3.2
PRJ_233,2023-01-19,3,10,0,6.07
PRJ_233,2023-01-20,5,10,0,9.1
PRJ_233,2023-01-21,9,10,0,11.91
PRJ_233,2023-01-22,12,9,0,14.59
PRJ_234,2023-01-17,0,3,0,0.33
PRJ_234,2023-01-18,0,8,0,1.33
PRJ_234,2023-01-19,1,9,0,3.53
PRJ_234,2023-01-20,3,10,0,5.93
PRJ_234,2023-01-21,5,11,0,8.45
PRJ_234,2023-01-22,6,14,0,11.08
PRJ_235,2023-01-17,0,5,0,1.0
PRJ_235,2023-01-18,1,7,0,2.53
PRJ_235,2023-01-19,2,8,0,4.6
PRJ_235,2023-01-20,4,6,0,6.87
PRJ_235,2023-01-21,6,4,0,8.47
PRJ_235,2023-01-22,8,5,0,9.4
PRJ_236,2023-01-17,0,1,0,0.33
PRJ_236,2023-01-18,0,4,0,0.67
PRJ_236,2023-01-19,1,7,0,1.83
PRJ_236,2023-01-20,1,12,0,3.42
PRJ_236,2023-01-21,3,14,0,6.24
PRJ_236,2023-01-22,4,15,0,9.36
PRJ_237,2023-01-17,0,5,0,1.33
PRJ_237,2023-01-18,1,7,0,2.87
PRJ_237,2023-01-19,3,6,0,4.93
PRJ_237,2023-01-20,4,8,0,6.67
PRJ_237,2023-01-21,6,8,0,9.07
PRJ_237,2023-01-22,8,7,0,11.28
PRJ_238,2023-01-17,0,3,0,1.0
PRJ_238,2023-01-18,1,4,0,2.0
PRJ_238,2023-01-19,2,5,0,3.33
PRJ_238,2023-01-20,3,7,0,5.0
PRJ_238,2023-01-21,5,6,0,7.2
PRJ_238,2023-01-22,7,4,0,9.07
PRJ_239,2023-01-17,0,9,0,2.58
PRJ_239,2023-01-18,2,9,0,5.5
PRJ_239,2023-01-19,5,7,0,8.42
PRJ_239,2023-01-20,9,5,0,10.58
PRJ_239,2023-01-21,11,6,0,12.17
PRJ_239,2023-01-22,11,8,0,13.95
PRJ_240,2023-01-17,0,1,0,0.67
PRJ_240,2023-01-18,1,3,0,1.0
PRJ_240,2023-01-19,1,4,0,1.92
PRJ_240,2023-01-20,1,5,0,3.03
PRJ_240,2023-01-21,3,7,0,4.48
PRJ_240,2023-01-22,4,10,0,6.38
PRJ_241,2023-01-17,0,4,0,1.67
PRJ_241,2023-01-18,2,5,0,3.0
PRJ_241,2023-01-19,3,4,0,4.53
PRJ_241,2023-01-20,4,6,0,5.73
PRJ_241,2023-01-21,6,6,0,7.6
PRJ_241,2023-01-22,6,6,0,9.47
PRJ_242,2023-01-17,0,4,0,2.0
PRJ_242,2023-01-18,3,1,0,3.33
PRJ_242,2023-01-19,3,1,0,3.67
PRJ_242,2023-01-20,4,1,0,4.0
PRJ_242,2023-01-21,4,3,0,4.33
PRJ_242,2023-01-22,4,4,0,5.2
PRJ_243,2023-01-17,0,4,0,0.58
PRJ_243,2023-01-18,0,8,0,1.7
PRJ_243,2023-01-19,1,9,0,3.77
PRJ_243,2023-01-20,3,9,0,6.08
PRJ_243,2023-01-21,4,13,0,8.4
PRJ_243,2023-01-22,7,10,0,11.56
PRJ_244,2023-01-17,0,4,0,2.0
PRJ_244,2023-01-18,2,4,0,3.33
PRJ_244,2023-01-19,4,4,0,4.67
PRJ_244,2023-01-20,4,8,0,5.73
PRJ_244,2023-01-21,6,8,0,7.66
PRJ_244,2023-01-22,6,11,0,9.58
PRJ_245,2023-01-17,0,3,0,1.33
PRJ_245,2023-01-18,2,5,0,2.33
PRJ_245,2023-01-19,2,8,0,3.7
PRJ_245,2023-01-20,3,8,0,5.69
PRJ_245,2023-01-21,5,10,0,7.68
PRJ_245,2023-01-22,6,13,0,9.93
PRJ_246,2023-01-18,0,8,0,2.58
PRJ_246,2023-01-19,2,7,0,5.17
PRJ_246,2023-01-20,5,6,0,7.42
PRJ_246,2023-01-21,8,5,0,9.33
PRJ_246,2023-01-22,9,7,0,11.0
PRJ_247,2023-01-18,0,4,0,0.33
PRJ_247,2023-01-19,0,8,0,1.53
PRJ_247,2023-01-20,1,8,0,3.93
PRJ_247,2023-01-21,3,8,0,6.33
PRJ_247,2023-01-22,6,7,0,8.73
PRJ_248,2023-01-18,0,3,0,0.53
PRJ_248,2023-01-19,0,4,0,1.23
PRJ_248,2023-01-20,1,6,0,2.08
PRJ_248,2023-01-21,1,8,0,3.26
PRJ_248,2023-01-22,2,8,0,4.92
PRJ_249,2023-01-18,0,5,0,2.0
PRJ_249,2023-01-19,2,5,0,3.67
PRJ_249,2023-01-20,4,6,0,5.33
PRJ_249,2023-01-21,5,7,0,6.99
PRJ_249,2023-01-22,7,7,0,8.76
PRJ_250,2023-01-18,0,3,0,1.17
PRJ_250,2023-01-19,1,7,0,2.08
PRJ_250,2023-01-20,2,8,0,3.98
PRJ_250,2023-01-21,3,9,0,6.11
PRJ_250,2023-01-22,5,10,0,8.57
PRJ_251,2023-01-18,0,5,0,2.33
PRJ_251,2023-01-19,2,6,0,4.0
PRJ_251,2023-01-20,5,3,0,6.0
PRJ_251,2023-01-21,5,4,0,7.0
PRJ_251,2023-01-22,8,3,0,8.33
PRJ_252,2023-01-18,0,6,0,1.67
PRJ_252,2023-01-19,1,6,0,3.67
PRJ_252,2023-01-20,4,4,0,5.67
PRJ_252,2023-01-21,6,4,0,7.0
PRJ_252,2023-01-22,7,4,0,8.2
PRJ_253,2023-01-18,0,4,0,1.67
PRJ_253,2023-01-19,2,6,0,3.0
PRJ_253,2023-01-20,3,8,0,5.0
PRJ_253,2023-01-21,4,8,0,7.27
PRJ_253,2023-01-22,8,8,0,9.54
PRJ_254,2023-01-18,0,6,0,1.92
PRJ_254,2023-01-19,1,6,0,3.83
PRJ_254,2023-01-20,4,4,0,5.75
PRJ_254,2023-01-21,6,5,0,7.0
PRJ_254,2023-01-22,7,7,0,8.53
PRJ_255,2023-01-18,0,6,0,1.58
PRJ_255,2023-01-19,1,7,0,3.5
PRJ_255,2023-01-20,3,7,0,5.75
PRJ_255,2023-01-21,6,6,0,7.79
PRJ_255,2023-01-22,8,7,0,9.42
PRJ_256,2023-01-18,0,8,0,2.67
PRJ_256,2023-01-19,3,10,0,5.2
PRJ_256,2023-01-20,5,9,0,8.27
PRJ_256,2023-01-21,7,7,0,11.0
PRJ_256,2023-01-22,11,5,0,13.07
PRJ_257,2023-01-18,0,3,0,1.33
PRJ_257,2023-01-19,2,3,0,2.33
PRJ_257,2023-01-20,2,8,0,3.25
PRJ_257,2023-01-21,3,12,0,5.42
PRJ_257,2023-01-22,4,12,0,8.62
PRJ_258,2023-01-18,0,3,0,1.33
PRJ_258,2023-01-19,2,2,0,2.33
PRJ_258,2023-01-20,2,7,0,2.83
PRJ_258,2023-01-21,3,9,0,4.7
PRJ_258,2023-01-22,3,11,0,6.89
PRJ_259,2023-01-18,0,3,0,1.0
PRJ_259,2023-01-19,1,5,0,2.0
PRJ_259,2023-01-20,2,9,0,3.37
PRJ_259,2023-01-21,3,9,0,5.64
PRJ_259,2023-01-22,4,11,0,7.92
PRJ_260,2023-01-18,0,5,0,1.67
PRJ_260,2023-01-19,2,5,0,3.33
PRJ_260,2023-01-20,3,6,0,4.83
PRJ_260,2023-01-21,5,6,0,6.5
PRJ_260,2023-01-22,6,6,0,8.03
PRJ_261,2023-01-19,0,7,0,2.33
PRJ_261,2023-01-20,3,7,0,4.67
PRJ_261,2023-01-21,4,8,0,6.87
PRJ_261,2023-01-22,7,7,0,9.4
PRJ_262,2023-01-19,0,4,0,1.67
PRJ_262,2023-01-20,2,5,0,3.0
PRJ_262,2023-01-21,3,7,0,4.5
PRJ_262,2023-01-22,4,9,0,6.4
PRJ_263,2023-01-19,0,6,0,1.33
PRJ_263,2023-01-20,1,8,0,3.2
PRJ_263,2023-01-21,3,7,0,5.73
PRJ_263,2023-01-22,5,7,0,7.74
PRJ_264,2023-01-19,0,4,0,1.67
PRJ_264,2023-01-20,2,6,0,3.0
PRJ_264,2023-01-21,3,7,0,4.92
PRJ_264,2023-01-22,4,9,0,6.96
PRJ_265,2023-01-19,0,5,0,1.33
PRJ_265,2023-01-20,1,6,0,2.73
PRJ_265,2023-01-21,3,6,0,4.47
PRJ_265,2023-01-22,3,8,0,6.07
PRJ_266,2023-01-19,0,6,0,1.67
PRJ_266,2023-01-20,2,5,0,3.67
PRJ_266,2023-01-21,3,7,0,5.2
PRJ_266,2023-01-22,6,5,0,7.19
PRJ_267,2023-01-19,0,8,0,3.33
PRJ_267,2023-01-20,4,4,0,6.0
PRJ_267,2023-01-21,6,4,0,7.33
PRJ_267,2023-01-22,8,4,0,8.67
PRJ_268,2023-01-19,0,5,0,2.33
PRJ_268,2023-01-20,2,5,0,4.0
PRJ_268,2023-01-21,5,5,0,5.67
PRJ_268,2023-01-22,5,9,0,7.33
PRJ_269,2023-01-19,0,5,0,1.33
PRJ_269,2023-01-20,1,7,0,3.0
PRJ_269,2023-01-21,3,7,0,5.17
PRJ_269,2023-01-22,5,6,0,7.17
PRJ_270,2023-01-19,0,4,0,1.67
PRJ_270,2023-01-20,2,4,0,3.0
PRJ_270,2023-01-21,3,7,0,4.33
PRJ_270,2023-01-22,4,9,0,6.46
PRJ_271,2023-01-19,0,6,0,2.67
PRJ_271,2023-01-20,3,4,0,4.67
PRJ_271,2023-01-21,5,5,0,5.87
PRJ_271,2023-01-22,6,5,0,7.32
PRJ_272,2023-01-19,0,5,0,2.0
PRJ_272,2023-01-20,2,5,0,3.67
PRJ_272,2023-01-21,4,6,0,5.33
PRJ_272,2023-01-22,5,6,0,7.07
PRJ_273,2023-01-19,0,6,0,1.92
PRJ_273,2023-01-20,2,9,0,3.83
PRJ_273,2023-01-21,3,8,0,6.37
PRJ_273,2023-01-22,6,5,0,8.57
PRJ_274,2023-01-19,0,5,0,2.0
PRJ_274,2023-01-20,2,7,0,3.67
PRJ_274,2023-01-21,4,7,0,5.87
PRJ_274,2023-01-22,5,9,0,7.74
PRJ_275,2023-01-20,0,6,0,3.0
PRJ_275,2023-01-21,4,3,0,5.0
PRJ_275,2023-01-22,5,2,0,5.87
PRJ_276,2023-01-20,0,2,0,1.33
PRJ_276,2023-01-21,2,0,0,2.0
PRJ_276,2023-01-22,2,2,0,2.0
PRJ_277,2023-01-20,0,4,0,1.25
PRJ_277,2023-01-21,1,7,0,2.5
PRJ_277,2023-01-22,2,7,0,4.53
PRJ_278,2023-01-20,0,5,0,0.67
PRJ_278,2023-01-21,1,6,0,2.2
PRJ_278,2023-01-22,1,9,0,4.07
PRJ_279,2023-01-20,0,5,0,2.33
PRJ_279,2023-01-21,3,5,0,4.0
PRJ_279,2023-01-22,4,7,0,5.53
PRJ_280,2023-01-20,0,4,0,1.0
PRJ_280,2023-01-21,1,5,0,2.2
PRJ_280,2023-01-22,2,5,0,3.6
PRJ_281,2023-01-20,0,4,0,2.0
PRJ_281,2023-01-21,2,5,0,3.33
PRJ_281,2023-01-22,4,5,0,5.0
PRJ_282,2023-01-20,0,5,0,2.0
PRJ_282,2023-01-21,2,5,0,3.67
PRJ_282,2023-01-22,4,5,0,5.33
PRJ_283,2023-01-20,0,5,0,1.0
PRJ_283,2023-01-21,1,6,0,2.45
PRJ_283,2023-01-22,2,6,0,4.1
PRJ_284,2023-01-20,0,5,0,2.0
PRJ_284,2023-01-21,2,6,0,3.67
PRJ_284,2023-01-22,4,6,0,5.67
PRJ_285,2023-01-20,0,5,0,2.33
PRJ_285,2023-01-21,2,6,0,4.0
PRJ_285,2023-01-22,5,4,0,5.75
PRJ_286,2023-01-20,0,6,0,2.25
PRJ_286,2023-01-21,2,8,0,4.17
PRJ_286,2023-01-22,4,8,0,6.67
PRJ_287,2023-01-20,0,4,0,1.0
PRJ_287,2023-01-21,1,4,0,2.2
PRJ_287,2023-01-22,2,4,0,3.4
PRJ_288,2023-01-20,0,4,0,1.67
PRJ_288,2023-01-21,2,6,0,3.0
PRJ_288,2023-01-22,3,5,0,4.87
PRJ_289,2023-01-21,0,4,0,1.17
PRJ_289,2023-01-22,1,5,0,2.28
PRJ_290,2023-01-21,0,5,0,2.33
PRJ_290,2023-01-22,3,4,0,4.0
PRJ_291,2023-01-21,0,5,0,2.0
PRJ_291,2023-01-22,2,4,0,3.67
PRJ_292,2023-01-21,0,4,0,1.0
PRJ_292,2023-01-22,0,6,0,2.33
PRJ_293,2023-01-21,0,5,0,1.58
PRJ_293,2023-01-22,2,6,0,3.17
PRJ_294,2023-01-21,0,6,0,1.33
PRJ_294,2023-01-22,2,7,0,3.2
PRJ_295,2023-01-21,0,4,0,2.0
PRJ_295,2023-01-22,2,4,0,3.33
PRJ_296,2023-01-21,0,4,0,1.67
PRJ_296,2023-01-22,2,4,0,3.0
PRJ_297,2023-01-21,0,6,0,0.92
PRJ_297,2023-01-22,0,7,0,2.83
PRJ_298,2023-01-21,0,6,0,2.67
PRJ_298,2023-01-22,4,5,0,4.67
PRJ_299,2023-01-21,0,5,0,2.0
PRJ_299,2023-01-22,2,5,0,3.67
PRJ_300,2023-01-21,0,5,0,2.0
PRJ_300,2023-01-22,3,3,0,3.67
PRJ_301,2023-01-21,0,5,0,2.67
PRJ_301,2023-01-22,3,5,0,4.33
PRJ_302,2023-01-21,0,3,0,0.0
PRJ_302,2023-01-22,0,5,0,1.0
PRJ_303,2023-01-21,0,4,0,1.33
PRJ_303,2023-01-22,1,7,0,2.67
PRJ_304,2023-01-22,0,4,0,1.0
PRJ_305,2023-01-22,0,4,0,2.67
PRJ_306,2023-01-22,0,5,0,1.33
PRJ_307,2023-01-22,0,3,0,1.0
PRJ_308,2023-01-22,0,2,0,0.33
PRJ_309,2023-01-22,0,1,0,0.0
PRJ_310,2023-01-22,0,5,0,1.67
PRJ_311,2023-01-22,0,5,0,2.0
PRJ_312,2023-01-22,0,5,0,2.67
PRJ_313,2023-01-22,0,5,0,1.58
PRJ_314,2023-01-22,0,7,0,2.0
PRJ_315,2023-01-22,0,8,0,1.17
PRJ_316,2023-01-22,0,5,0,1.67
PRJ_317,2023-01-22,0,4,0,1.58
