Project ID,Milestone ID,Milestone Name,Planned Date,Actual Date,Completion Status,Associated Task ID
PRJ_001,MLS_0001,Milestone Completion of Task 9,2023-01-08,2023-01-04,Completed,TSK_001_09
PRJ_001,MLS_0002,Milestone Completion of Task 19,2023-01-11,2023-01-21,Completed,TSK_001_19
PRJ_001,MLS_0003,Milestone Completion of Task 29,2023-01-14,2023-01-10,Completed,TSK_001_29
PRJ_001,MLS_0004,Milestone Completion of Task 39,2023-01-17,2023-01-17,Completed,TSK_001_39
PRJ_001,MLS_0005,Milestone Completion of Task 49,2023-01-20,2023-01-16,Completed,TSK_001_49
PRJ_001,MLS_0006,Milestone Completion of Task 59,2023-01-23,2023-01-23,Pending,TSK_001_59
PRJ_001,MLS_0007,Milestone Completion of Task 69,2023-01-26,2023-02-05,Delayed,TSK_001_69
PRJ_001,MLS_0008,Milestone Completion of Task 79,2023-01-29,2023-01-25,Pending,TSK_001_79
PRJ_001,MLS_0009,Milestone Completion of Task 89,2023-02-01,2023-01-28,Pending,TSK_001_89
PRJ_001,MLS_0010,Milestone Completion of Task 99,2023-02-04,2023-02-19,Delayed,TSK_001_99
PRJ_002,MLS_0011,Milestone Completion of Task 9,2023-01-08,2023-01-04,Completed,TSK_002_09
PRJ_002,MLS_0012,Milestone Completion of Task 19,2023-01-11,2023-01-07,Completed,TSK_002_19
PRJ_002,MLS_0013,Milestone Completion of Task 29,2023-01-14,2023-01-19,Completed,TSK_002_29
PRJ_002,MLS_0014,Milestone Completion of Task 39,2023-01-17,2023-01-24,Delayed,TSK_002_39
PRJ_002,MLS_0015,Milestone Completion of Task 49,2023-01-20,2023-02-04,Delayed,TSK_002_49
PRJ_002,MLS_0016,Milestone Completion of Task 59,2023-01-23,2023-02-02,Delayed,TSK_002_59
PRJ_002,MLS_0017,Milestone Completion of Task 69,2023-01-26,2023-01-22,Completed,TSK_002_69
PRJ_002,MLS_0018,Milestone Completion of Task 79,2023-01-29,2023-01-25,Pending,TSK_002_79
PRJ_002,MLS_0019,Milestone Completion of Task 89,2023-02-01,2023-02-16,Delayed,TSK_002_89
PRJ_002,MLS_0020,Milestone Completion of Task 99,2023-02-04,2023-01-31,Pending,TSK_002_99
PRJ_003,MLS_0021,Milestone Completion of Task 9,2023-01-08,2023-01-15,Completed,TSK_003_09
PRJ_003,MLS_0022,Milestone Completion of Task 19,2023-01-11,2023-01-07,Completed,TSK_003_19
PRJ_003,MLS_0023,Milestone Completion of Task 29,2023-01-14,2023-01-10,Completed,TSK_003_29
PRJ_003,MLS_0024,Milestone Completion of Task 39,2023-01-17,2023-02-01,Delayed,TSK_003_39
PRJ_003,MLS_0025,Milestone Completion of Task 49,2023-01-20,2023-01-16,Completed,TSK_003_49
PRJ_003,MLS_0026,Milestone Completion of Task 59,2023-01-23,2023-02-02,Delayed,TSK_003_59
PRJ_003,MLS_0027,Milestone Completion of Task 69,2023-01-26,2023-01-26,Pending,TSK_003_69
PRJ_003,MLS_0028,Milestone Completion of Task 79,2023-01-29,2023-01-25,Pending,TSK_003_79
PRJ_003,MLS_0029,Milestone Completion of Task 89,2023-02-01,2023-01-28,Pending,TSK_003_89
PRJ_003,MLS_0030,Milestone Completion of Task 99,2023-02-04,2023-01-31,Pending,TSK_003_99
PRJ_004,MLS_0031,Milestone Completion of Task 9,2023-01-08,2023-01-04,Completed,TSK_004_09
PRJ_004,MLS_0032,Milestone Completion of Task 19,2023-01-11,2023-01-12,Completed,TSK_004_19
PRJ_004,MLS_0033,Milestone Completion of Task 29,2023-01-14,2023-01-10,Completed,TSK_004_29
PRJ_004,MLS_0034,Milestone Completion of Task 39,2023-01-17,2023-01-28,Delayed,TSK_004_39
PRJ_004,MLS_0035,Milestone Completion of Task 49,2023-01-20,2023-01-26,Delayed,TSK_004_49
PRJ_004,MLS_0036,Milestone Completion of Task 59,2023-01-23,2023-01-26,Delayed,TSK_004_59
PRJ_004,MLS_0037,Milestone Completion of Task 69,2023-01-26,2023-02-07,Delayed,TSK_004_69
PRJ_004,MLS_0038,Milestone Completion of Task 79,2023-01-29,2023-01-25,Pending,TSK_004_79
PRJ_004,MLS_0039,Milestone Completion of Task 89,2023-02-01,2023-02-07,Delayed,TSK_004_89
PRJ_004,MLS_0040,Milestone Completion of Task 99,2023-02-04,2023-02-04,Pending,TSK_004_99
PRJ_005,MLS_0041,Milestone Completion of Task 9,2023-01-08,2023-01-23,Delayed,TSK_005_09
PRJ_005,MLS_0042,Milestone Completion of Task 19,2023-01-11,2023-01-26,Delayed,TSK_005_19
PRJ_005,MLS_0043,Milestone Completion of Task 29,2023-01-14,2023-01-10,Completed,TSK_005_29
PRJ_005,MLS_0044,Milestone Completion of Task 39,2023-01-17,2023-01-26,Delayed,TSK_005_39
PRJ_005,MLS_0045,Milestone Completion of Task 49,2023-01-20,2023-01-16,Completed,TSK_005_49
PRJ_005,MLS_0046,Milestone Completion of Task 59,2023-01-23,2023-01-23,Pending,TSK_005_59
PRJ_005,MLS_0047,Milestone Completion of Task 69,2023-01-26,2023-02-10,Delayed,TSK_005_69
PRJ_005,MLS_0048,Milestone Completion of Task 79,2023-01-29,2023-01-25,Pending,TSK_005_79
PRJ_005,MLS_0049,Milestone Completion of Task 89,2023-02-01,2023-02-16,Delayed,TSK_005_89
PRJ_005,MLS_0050,Milestone Completion of Task 99,2023-02-04,2023-01-31,Pending,TSK_005_99
PRJ_006,MLS_0051,Milestone Completion of Task 9,2023-01-08,2023-01-04,Completed,TSK_006_09
PRJ_006,MLS_0052,Milestone Completion of Task 19,2023-01-11,2023-01-07,Completed,TSK_006_19
PRJ_006,MLS_0053,Milestone Completion of Task 29,2023-01-14,2023-01-14,Completed,TSK_006_29
PRJ_006,MLS_0054,Milestone Completion of Task 39,2023-01-17,2023-01-13,Completed,TSK_006_39
PRJ_006,MLS_0055,Milestone Completion of Task 49,2023-01-20,2023-01-31,Delayed,TSK_006_49
PRJ_006,MLS_0056,Milestone Completion of Task 59,2023-01-23,2023-01-27,Delayed,TSK_006_59
PRJ_006,MLS_0057,Milestone Completion of Task 69,2023-01-26,2023-01-30,Delayed,TSK_006_69
PRJ_006,MLS_0058,Milestone Completion of Task 79,2023-01-29,2023-01-25,Pending,TSK_006_79
PRJ_006,MLS_0059,Milestone Completion of Task 89,2023-02-01,2023-02-01,Pending,TSK_006_89
PRJ_006,MLS_0060,Milestone Completion of Task 99,2023-02-04,2023-02-06,Delayed,TSK_006_99
PRJ_007,MLS_0061,Milestone Completion of Task 9,2023-01-08,2023-01-11,Completed,TSK_007_09
PRJ_007,MLS_0062,Milestone Completion of Task 19,2023-01-11,2023-01-19,Completed,TSK_007_19
PRJ_007,MLS_0063,Milestone Completion of Task 29,2023-01-14,2023-01-20,Completed,TSK_007_29
PRJ_007,MLS_0064,Milestone Completion of Task 39,2023-01-17,2023-01-14,Completed,TSK_007_39
PRJ_007,MLS_0065,Milestone Completion of Task 49,2023-01-20,2023-01-16,Completed,TSK_007_49
PRJ_007,MLS_0066,Milestone Completion of Task 59,2023-01-23,2023-01-19,Completed,TSK_007_59
PRJ_007,MLS_0067,Milestone Completion of Task 69,2023-01-26,2023-02-07,Delayed,TSK_007_69
PRJ_007,MLS_0068,Milestone Completion of Task 79,2023-01-29,2023-01-25,Pending,TSK_007_79
PRJ_007,MLS_0069,Milestone Completion of Task 89,2023-02-01,2023-02-09,Delayed,TSK_007_89
PRJ_007,MLS_0070,Milestone Completion of Task 99,2023-02-04,2023-01-31,Pending,TSK_007_99
PRJ_008,MLS_0071,Milestone Completion of Task 9,2023-01-08,2023-01-04,Completed,TSK_008_09
PRJ_008,MLS_0072,Milestone Completion of Task 19,2023-01-11,2023-01-09,Completed,TSK_008_19
PRJ_008,MLS_0073,Milestone Completion of Task 29,2023-01-14,2023-01-24,Delayed,TSK_008_29
PRJ_008,MLS_0074,Milestone Completion of Task 39,2023-01-17,2023-01-13,Completed,TSK_008_39
PRJ_008,MLS_0075,Milestone Completion of Task 49,2023-01-20,2023-01-16,Completed,TSK_008_49
PRJ_008,MLS_0076,Milestone Completion of Task 59,2023-01-23,2023-02-07,Delayed,TSK_008_59
PRJ_008,MLS_0077,Milestone Completion of Task 69,2023-01-26,2023-01-22,Completed,TSK_008_69
PRJ_008,MLS_0078,Milestone Completion of Task 79,2023-01-29,2023-02-03,Delayed,TSK_008_79
PRJ_008,MLS_0079,Milestone Completion of Task 89,2023-02-01,2023-02-01,Pending,TSK_008_89
PRJ_008,MLS_0080,Milestone Completion of Task 99,2023-02-04,2023-01-31,Pending,TSK_008_99
PRJ_009,MLS_0081,Milestone Completion of Task 9,2023-01-08,2023-01-16,Completed,TSK_009_09
PRJ_009,MLS_0082,Milestone Completion of Task 19,2023-01-11,2023-01-26,Delayed,TSK_009_19
PRJ_009,MLS_0083,Milestone Completion of Task 29,2023-01-14,2023-01-10,Completed,TSK_009_29
PRJ_009,MLS_0084,Milestone Completion of Task 39,2023-01-17,2023-01-13,Completed,TSK_009_39
PRJ_009,MLS_0085,Milestone Completion of Task 49,2023-01-20,2023-01-16,Completed,TSK_009_49
PRJ_009,MLS_0086,Milestone Completion of Task 59,2023-01-23,2023-01-23,Pending,TSK_009_59
PRJ_009,MLS_0087,Milestone Completion of Task 69,2023-01-26,2023-01-22,Completed,TSK_009_69
PRJ_009,MLS_0088,Milestone Completion of Task 79,2023-01-29,2023-01-25,Pending,TSK_009_79
PRJ_009,MLS_0089,Milestone Completion of Task 89,2023-02-01,2023-01-28,Pending,TSK_009_89
PRJ_009,MLS_0090,Milestone Completion of Task 99,2023-02-04,2023-02-19,Delayed,TSK_009_99
PRJ_010,MLS_0091,Milestone Completion of Task 9,2023-01-08,2023-01-20,Completed,TSK_010_09
PRJ_010,MLS_0092,Milestone Completion of Task 19,2023-01-11,2023-01-07,Completed,TSK_010_19
PRJ_010,MLS_0093,Milestone Completion of Task 29,2023-01-14,2023-01-20,Completed,TSK_010_29
PRJ_010,MLS_0094,Milestone Completion of Task 39,2023-01-17,2023-01-18,Completed,TSK_010_39
PRJ_010,MLS_0095,Milestone Completion of Task 49,2023-01-20,2023-01-26,Delayed,TSK_010_49
PRJ_010,MLS_0096,Milestone Completion of Task 59,2023-01-23,2023-01-23,Pending,TSK_010_59
PRJ_010,MLS_0097,Milestone Completion of Task 69,2023-01-26,2023-01-23,Pending,TSK_010_69
PRJ_010,MLS_0098,Milestone Completion of Task 79,2023-01-29,2023-02-02,Delayed,TSK_010_79
PRJ_010,MLS_0099,Milestone Completion of Task 89,2023-02-01,2023-02-01,Pending,TSK_010_89
PRJ_010,MLS_0100,Milestone Completion of Task 99,2023-02-04,2023-01-31,Pending,TSK_010_99
PRJ_011,MLS_0101,Milestone Completion of Task 9,2023-01-08,2023-01-13,Completed,TSK_011_09
PRJ_011,MLS_0102,Milestone Completion of Task 19,2023-01-11,2023-01-21,Completed,TSK_011_19
PRJ_011,MLS_0103,Milestone Completion of Task 29,2023-01-14,2023-01-19,Completed,TSK_011_29
PRJ_011,MLS_0104,Milestone Completion of Task 39,2023-01-17,2023-02-01,Delayed,TSK_011_39
PRJ_011,MLS_0105,Milestone Completion of Task 49,2023-01-20,2023-01-18,Completed,TSK_011_49
PRJ_011,MLS_0106,Milestone Completion of Task 59,2023-01-23,2023-01-19,Completed,TSK_011_59
PRJ_011,MLS_0107,Milestone Completion of Task 69,2023-01-26,2023-01-22,Completed,TSK_011_69
PRJ_011,MLS_0108,Milestone Completion of Task 79,2023-01-29,2023-01-25,Pending,TSK_011_79
PRJ_011,MLS_0109,Milestone Completion of Task 89,2023-02-01,2023-02-01,Pending,TSK_011_89
PRJ_011,MLS_0110,Milestone Completion of Task 99,2023-02-04,2023-02-06,Delayed,TSK_011_99
PRJ_012,MLS_0111,Milestone Completion of Task 9,2023-01-08,2023-01-13,Completed,TSK_012_09
PRJ_012,MLS_0112,Milestone Completion of Task 19,2023-01-11,2023-01-26,Delayed,TSK_012_19
PRJ_012,MLS_0113,Milestone Completion of Task 29,2023-01-14,2023-01-29,Delayed,TSK_012_29
PRJ_012,MLS_0114,Milestone Completion of Task 39,2023-01-17,2023-01-15,Completed,TSK_012_39
PRJ_012,MLS_0115,Milestone Completion of Task 49,2023-01-20,2023-01-20,Completed,TSK_012_49
PRJ_012,MLS_0116,Milestone Completion of Task 59,2023-01-23,2023-01-19,Completed,TSK_012_59
PRJ_012,MLS_0117,Milestone Completion of Task 69,2023-01-26,2023-01-31,Delayed,TSK_012_69
PRJ_012,MLS_0118,Milestone Completion of Task 79,2023-01-29,2023-01-25,Pending,TSK_012_79
PRJ_012,MLS_0119,Milestone Completion of Task 89,2023-02-01,2023-02-16,Delayed,TSK_012_89
PRJ_012,MLS_0120,Milestone Completion of Task 99,2023-02-04,2023-01-31,Pending,TSK_012_99
PRJ_013,MLS_0121,Milestone Completion of Task 9,2023-01-08,2023-01-23,Delayed,TSK_013_09
PRJ_013,MLS_0122,Milestone Completion of Task 19,2023-01-11,2023-01-07,Completed,TSK_013_19
PRJ_013,MLS_0123,Milestone Completion of Task 29,2023-01-14,2023-01-14,Completed,TSK_013_29
PRJ_013,MLS_0124,Milestone Completion of Task 39,2023-01-17,2023-02-01,Delayed,TSK_013_39
PRJ_013,MLS_0125,Milestone Completion of Task 49,2023-01-20,2023-01-24,Delayed,TSK_013_49
PRJ_013,MLS_0126,Milestone Completion of Task 59,2023-01-23,2023-01-23,Pending,TSK_013_59
PRJ_013,MLS_0127,Milestone Completion of Task 69,2023-01-26,2023-01-26,Pending,TSK_013_69
PRJ_013,MLS_0128,Milestone Completion of Task 79,2023-01-29,2023-02-06,Delayed,TSK_013_79
PRJ_013,MLS_0129,Milestone Completion of Task 89,2023-02-01,2023-02-16,Delayed,TSK_013_89
PRJ_013,MLS_0130,Milestone Completion of Task 99,2023-02-04,2023-01-31,Pending,TSK_013_99
PRJ_014,MLS_0131,Milestone Completion of Task 9,2023-01-08,2023-01-23,Delayed,TSK_014_09
PRJ_014,MLS_0132,Milestone Completion of Task 19,2023-01-11,2023-01-07,Completed,TSK_014_19
PRJ_014,MLS_0133,Milestone Completion of Task 29,2023-01-14,2023-01-29,Delayed,TSK_014_29
PRJ_014,MLS_0134,Milestone Completion of Task 39,2023-01-17,2023-01-17,Completed,TSK_014_39
PRJ_014,MLS_0135,Milestone Completion of Task 49,2023-01-20,2023-02-04,Delayed,TSK_014_49
PRJ_014,MLS_0136,Milestone Completion of Task 59,2023-01-23,2023-01-19,Completed,TSK_014_59
PRJ_014,MLS_0137,Milestone Completion of Task 69,2023-01-26,2023-01-22,Completed,TSK_014_69
PRJ_014,MLS_0138,Milestone Completion of Task 79,2023-01-29,2023-01-29,Pending,TSK_014_79
PRJ_014,MLS_0139,Milestone Completion of Task 89,2023-02-01,2023-01-28,Pending,TSK_014_89
PRJ_014,MLS_0140,Milestone Completion of Task 99,2023-02-04,2023-02-04,Pending,TSK_014_99
PRJ_015,MLS_0141,Milestone Completion of Task 9,2023-01-08,2023-01-04,Completed,TSK_015_09
PRJ_015,MLS_0142,Milestone Completion of Task 19,2023-01-11,2023-01-07,Completed,TSK_015_19
PRJ_015,MLS_0143,Milestone Completion of Task 29,2023-01-14,2023-01-10,Completed,TSK_015_29
PRJ_015,MLS_0144,Milestone Completion of Task 39,2023-01-17,2023-01-17,Completed,TSK_015_39
PRJ_015,MLS_0145,Milestone Completion of Task 49,2023-01-20,2023-02-01,Delayed,TSK_015_49
PRJ_015,MLS_0146,Milestone Completion of Task 59,2023-01-23,2023-01-25,Delayed,TSK_015_59
PRJ_015,MLS_0147,Milestone Completion of Task 69,2023-01-26,2023-01-22,Completed,TSK_015_69
PRJ_015,MLS_0148,Milestone Completion of Task 79,2023-01-29,2023-01-25,Pending,TSK_015_79
PRJ_015,MLS_0149,Milestone Completion of Task 89,2023-02-01,2023-02-16,Delayed,TSK_015_89
PRJ_015,MLS_0150,Milestone Completion of Task 99,2023-02-04,2023-01-31,Pending,TSK_015_99
PRJ_016,MLS_0151,Milestone Completion of Task 9,2023-01-09,2023-01-05,Completed,TSK_016_09
PRJ_016,MLS_0152,Milestone Completion of Task 19,2023-01-12,2023-01-08,Completed,TSK_016_19
PRJ_016,MLS_0153,Milestone Completion of Task 29,2023-01-15,2023-01-11,Completed,TSK_016_29
PRJ_016,MLS_0154,Milestone Completion of Task 39,2023-01-18,2023-01-14,Completed,TSK_016_39
PRJ_016,MLS_0155,Milestone Completion of Task 49,2023-01-21,2023-02-05,Delayed,TSK_016_49
PRJ_016,MLS_0156,Milestone Completion of Task 59,2023-01-24,2023-02-08,Delayed,TSK_016_59
PRJ_016,MLS_0157,Milestone Completion of Task 69,2023-01-27,2023-02-11,Delayed,TSK_016_69
PRJ_016,MLS_0158,Milestone Completion of Task 79,2023-01-30,2023-01-26,Pending,TSK_016_79
PRJ_016,MLS_0159,Milestone Completion of Task 89,2023-02-02,2023-01-29,Pending,TSK_016_89
PRJ_016,MLS_0160,Milestone Completion of Task 99,2023-02-05,2023-02-20,Delayed,TSK_016_99
PRJ_017,MLS_0161,Milestone Completion of Task 9,2023-01-09,2023-01-05,Completed,TSK_017_09
PRJ_017,MLS_0162,Milestone Completion of Task 19,2023-01-12,2023-01-08,Completed,TSK_017_19
PRJ_017,MLS_0163,Milestone Completion of Task 29,2023-01-15,2023-01-11,Completed,TSK_017_29
PRJ_017,MLS_0164,Milestone Completion of Task 39,2023-01-18,2023-02-02,Delayed,TSK_017_39
PRJ_017,MLS_0165,Milestone Completion of Task 49,2023-01-21,2023-01-17,Completed,TSK_017_49
PRJ_017,MLS_0166,Milestone Completion of Task 59,2023-01-24,2023-02-08,Delayed,TSK_017_59
PRJ_017,MLS_0167,Milestone Completion of Task 69,2023-01-27,2023-01-23,Pending,TSK_017_69
PRJ_017,MLS_0168,Milestone Completion of Task 79,2023-01-30,2023-02-14,Delayed,TSK_017_79
PRJ_017,MLS_0169,Milestone Completion of Task 89,2023-02-02,2023-02-17,Delayed,TSK_017_89
PRJ_017,MLS_0170,Milestone Completion of Task 99,2023-02-05,2023-02-05,Pending,TSK_017_99
PRJ_018,MLS_0171,Milestone Completion of Task 9,2023-01-09,2023-01-21,Completed,TSK_018_09
PRJ_018,MLS_0172,Milestone Completion of Task 19,2023-01-12,2023-01-27,Delayed,TSK_018_19
PRJ_018,MLS_0173,Milestone Completion of Task 29,2023-01-15,2023-01-30,Delayed,TSK_018_29
PRJ_018,MLS_0174,Milestone Completion of Task 39,2023-01-18,2023-01-16,Completed,TSK_018_39
PRJ_018,MLS_0175,Milestone Completion of Task 49,2023-01-21,2023-02-05,Delayed,TSK_018_49
PRJ_018,MLS_0176,Milestone Completion of Task 59,2023-01-24,2023-02-08,Delayed,TSK_018_59
PRJ_018,MLS_0177,Milestone Completion of Task 69,2023-01-27,2023-02-06,Delayed,TSK_018_69
PRJ_018,MLS_0178,Milestone Completion of Task 79,2023-01-30,2023-02-14,Delayed,TSK_018_79
PRJ_018,MLS_0179,Milestone Completion of Task 89,2023-02-02,2023-02-09,Delayed,TSK_018_89
PRJ_018,MLS_0180,Milestone Completion of Task 99,2023-02-05,2023-02-01,Pending,TSK_018_99
PRJ_019,MLS_0181,Milestone Completion of Task 9,2023-01-09,2023-01-24,Delayed,TSK_019_09
PRJ_019,MLS_0182,Milestone Completion of Task 19,2023-01-12,2023-01-17,Completed,TSK_019_19
PRJ_019,MLS_0183,Milestone Completion of Task 29,2023-01-15,2023-01-11,Completed,TSK_019_29
PRJ_019,MLS_0184,Milestone Completion of Task 39,2023-01-18,2023-01-18,Completed,TSK_019_39
PRJ_019,MLS_0185,Milestone Completion of Task 49,2023-01-21,2023-01-17,Completed,TSK_019_49
PRJ_019,MLS_0186,Milestone Completion of Task 59,2023-01-24,2023-01-20,Completed,TSK_019_59
PRJ_019,MLS_0187,Milestone Completion of Task 69,2023-01-27,2023-02-11,Delayed,TSK_019_69
PRJ_019,MLS_0188,Milestone Completion of Task 79,2023-01-30,2023-02-06,Delayed,TSK_019_79
PRJ_019,MLS_0189,Milestone Completion of Task 89,2023-02-02,2023-01-29,Pending,TSK_019_89
PRJ_019,MLS_0190,Milestone Completion of Task 99,2023-02-05,2023-02-01,Pending,TSK_019_99
PRJ_020,MLS_0191,Milestone Completion of Task 9,2023-01-09,2023-01-05,Completed,TSK_020_09
PRJ_020,MLS_0192,Milestone Completion of Task 19,2023-01-12,2023-01-09,Completed,TSK_020_19
PRJ_020,MLS_0193,Milestone Completion of Task 29,2023-01-15,2023-01-22,Completed,TSK_020_29
PRJ_020,MLS_0194,Milestone Completion of Task 39,2023-01-18,2023-01-27,Delayed,TSK_020_39
PRJ_020,MLS_0195,Milestone Completion of Task 49,2023-01-21,2023-01-17,Completed,TSK_020_49
PRJ_020,MLS_0196,Milestone Completion of Task 59,2023-01-24,2023-01-31,Delayed,TSK_020_59
PRJ_020,MLS_0197,Milestone Completion of Task 69,2023-01-27,2023-02-05,Delayed,TSK_020_69
PRJ_020,MLS_0198,Milestone Completion of Task 79,2023-01-30,2023-01-29,Pending,TSK_020_79
PRJ_020,MLS_0199,Milestone Completion of Task 89,2023-02-02,2023-02-08,Delayed,TSK_020_89
PRJ_020,MLS_0200,Milestone Completion of Task 99,2023-02-05,2023-02-01,Pending,TSK_020_99
PRJ_021,MLS_0201,Milestone Completion of Task 9,2023-01-09,2023-01-05,Completed,TSK_021_09
PRJ_021,MLS_0202,Milestone Completion of Task 19,2023-01-12,2023-01-27,Delayed,TSK_021_19
PRJ_021,MLS_0203,Milestone Completion of Task 29,2023-01-15,2023-01-30,Delayed,TSK_021_29
PRJ_021,MLS_0204,Milestone Completion of Task 39,2023-01-18,2023-01-18,Completed,TSK_021_39
PRJ_021,MLS_0205,Milestone Completion of Task 49,2023-01-21,2023-02-05,Delayed,TSK_021_49
PRJ_021,MLS_0206,Milestone Completion of Task 59,2023-01-24,2023-02-03,Delayed,TSK_021_59
PRJ_021,MLS_0207,Milestone Completion of Task 69,2023-01-27,2023-01-23,Pending,TSK_021_69
PRJ_021,MLS_0208,Milestone Completion of Task 79,2023-01-30,2023-02-01,Delayed,TSK_021_79
PRJ_021,MLS_0209,Milestone Completion of Task 89,2023-02-02,2023-02-12,Delayed,TSK_021_89
PRJ_021,MLS_0210,Milestone Completion of Task 99,2023-02-05,2023-02-10,Delayed,TSK_021_99
PRJ_022,MLS_0211,Milestone Completion of Task 9,2023-01-09,2023-01-19,Completed,TSK_022_09
PRJ_022,MLS_0212,Milestone Completion of Task 19,2023-01-12,2023-01-08,Completed,TSK_022_19
PRJ_022,MLS_0213,Milestone Completion of Task 29,2023-01-15,2023-01-15,Completed,TSK_022_29
PRJ_022,MLS_0214,Milestone Completion of Task 39,2023-01-18,2023-02-02,Delayed,TSK_022_39
PRJ_022,MLS_0215,Milestone Completion of Task 49,2023-01-21,2023-01-17,Completed,TSK_022_49
PRJ_022,MLS_0216,Milestone Completion of Task 59,2023-01-24,2023-02-03,Delayed,TSK_022_59
PRJ_022,MLS_0217,Milestone Completion of Task 69,2023-01-27,2023-01-23,Pending,TSK_022_69
PRJ_022,MLS_0218,Milestone Completion of Task 79,2023-01-30,2023-01-26,Pending,TSK_022_79
PRJ_022,MLS_0219,Milestone Completion of Task 89,2023-02-02,2023-01-29,Pending,TSK_022_89
PRJ_022,MLS_0220,Milestone Completion of Task 99,2023-02-05,2023-02-20,Delayed,TSK_022_99
PRJ_023,MLS_0221,Milestone Completion of Task 9,2023-01-09,2023-01-24,Delayed,TSK_023_09
PRJ_023,MLS_0222,Milestone Completion of Task 19,2023-01-12,2023-01-08,Completed,TSK_023_19
PRJ_023,MLS_0223,Milestone Completion of Task 29,2023-01-15,2023-01-11,Completed,TSK_023_29
PRJ_023,MLS_0224,Milestone Completion of Task 39,2023-01-18,2023-01-14,Completed,TSK_023_39
PRJ_023,MLS_0225,Milestone Completion of Task 49,2023-01-21,2023-02-05,Delayed,TSK_023_49
PRJ_023,MLS_0226,Milestone Completion of Task 59,2023-01-24,2023-01-24,Pending,TSK_023_59
PRJ_023,MLS_0227,Milestone Completion of Task 69,2023-01-27,2023-01-23,Pending,TSK_023_69
PRJ_023,MLS_0228,Milestone Completion of Task 79,2023-01-30,2023-02-09,Delayed,TSK_023_79
PRJ_023,MLS_0229,Milestone Completion of Task 89,2023-02-02,2023-01-29,Pending,TSK_023_89
PRJ_023,MLS_0230,Milestone Completion of Task 99,2023-02-05,2023-02-15,Delayed,TSK_023_99
PRJ_024,MLS_0231,Milestone Completion of Task 9,2023-01-09,2023-01-16,Completed,TSK_024_09
PRJ_024,MLS_0232,Milestone Completion of Task 19,2023-01-12,2023-01-08,Completed,TSK_024_19
PRJ_024,MLS_0233,Milestone Completion of Task 29,2023-01-15,2023-01-25,Delayed,TSK_024_29
PRJ_024,MLS_0234,Milestone Completion of Task 39,2023-01-18,2023-01-30,Delayed,TSK_024_39
PRJ_024,MLS_0235,Milestone Completion of Task 49,2023-01-21,2023-01-31,Delayed,TSK_024_49
PRJ_024,MLS_0236,Milestone Completion of Task 59,2023-01-24,2023-01-22,Completed,TSK_024_59
PRJ_024,MLS_0237,Milestone Completion of Task 69,2023-01-27,2023-01-23,Pending,TSK_024_69
PRJ_024,MLS_0238,Milestone Completion of Task 79,2023-01-30,2023-02-14,Delayed,TSK_024_79
PRJ_024,MLS_0239,Milestone Completion of Task 89,2023-02-02,2023-02-14,Delayed,TSK_024_89
PRJ_024,MLS_0240,Milestone Completion of Task 99,2023-02-05,2023-02-01,Pending,TSK_024_99
PRJ_025,MLS_0241,Milestone Completion of Task 9,2023-01-09,2023-01-05,Completed,TSK_025_09
PRJ_025,MLS_0242,Milestone Completion of Task 19,2023-01-12,2023-01-24,Delayed,TSK_025_19
PRJ_025,MLS_0243,Milestone Completion of Task 29,2023-01-15,2023-01-25,Delayed,TSK_025_29
PRJ_025,MLS_0244,Milestone Completion of Task 39,2023-01-18,2023-01-14,Completed,TSK_025_39
PRJ_025,MLS_0245,Milestone Completion of Task 49,2023-01-21,2023-01-17,Completed,TSK_025_49
PRJ_025,MLS_0246,Milestone Completion of Task 59,2023-01-24,2023-01-20,Completed,TSK_025_59
PRJ_025,MLS_0247,Milestone Completion of Task 69,2023-01-27,2023-02-06,Delayed,TSK_025_69
PRJ_025,MLS_0248,Milestone Completion of Task 79,2023-01-30,2023-01-26,Pending,TSK_025_79
PRJ_025,MLS_0249,Milestone Completion of Task 89,2023-02-02,2023-02-07,Delayed,TSK_025_89
PRJ_025,MLS_0250,Milestone Completion of Task 99,2023-02-05,2023-02-01,Pending,TSK_025_99
PRJ_026,MLS_0251,Milestone Completion of Task 9,2023-01-09,2023-01-09,Completed,TSK_026_09
PRJ_026,MLS_0252,Milestone Completion of Task 19,2023-01-12,2023-01-08,Completed,TSK_026_19
PRJ_026,MLS_0253,Milestone Completion of Task 29,2023-01-15,2023-01-11,Completed,TSK_026_29
PRJ_026,MLS_0254,Milestone Completion of Task 39,2023-01-18,2023-02-02,Delayed,TSK_026_39
PRJ_026,MLS_0255,Milestone Completion of Task 49,2023-01-21,2023-01-26,Delayed,TSK_026_49
PRJ_026,MLS_0256,Milestone Completion of Task 59,2023-01-24,2023-02-08,Delayed,TSK_026_59
PRJ_026,MLS_0257,Milestone Completion of Task 69,2023-01-27,2023-02-08,Delayed,TSK_026_69
PRJ_026,MLS_0258,Milestone Completion of Task 79,2023-01-30,2023-01-26,Pending,TSK_026_79
PRJ_026,MLS_0259,Milestone Completion of Task 89,2023-02-02,2023-01-29,Pending,TSK_026_89
PRJ_026,MLS_0260,Milestone Completion of Task 99,2023-02-05,2023-02-01,Pending,TSK_026_99
PRJ_027,MLS_0261,Milestone Completion of Task 9,2023-01-09,2023-01-09,Completed,TSK_027_09
PRJ_027,MLS_0262,Milestone Completion of Task 19,2023-01-12,2023-01-27,Delayed,TSK_027_19
PRJ_027,MLS_0263,Milestone Completion of Task 29,2023-01-15,2023-01-11,Completed,TSK_027_29
PRJ_027,MLS_0264,Milestone Completion of Task 39,2023-01-18,2023-01-14,Completed,TSK_027_39
PRJ_027,MLS_0265,Milestone Completion of Task 49,2023-01-21,2023-02-05,Delayed,TSK_027_49
PRJ_027,MLS_0266,Milestone Completion of Task 59,2023-01-24,2023-02-06,Delayed,TSK_027_59
PRJ_027,MLS_0267,Milestone Completion of Task 69,2023-01-27,2023-01-27,Pending,TSK_027_69
PRJ_027,MLS_0268,Milestone Completion of Task 79,2023-01-30,2023-01-26,Pending,TSK_027_79
PRJ_027,MLS_0269,Milestone Completion of Task 89,2023-02-02,2023-01-29,Pending,TSK_027_89
PRJ_027,MLS_0270,Milestone Completion of Task 99,2023-02-05,2023-02-18,Delayed,TSK_027_99
PRJ_028,MLS_0271,Milestone Completion of Task 9,2023-01-09,2023-01-05,Completed,TSK_028_09
PRJ_028,MLS_0272,Milestone Completion of Task 19,2023-01-12,2023-01-15,Completed,TSK_028_19
PRJ_028,MLS_0273,Milestone Completion of Task 29,2023-01-15,2023-01-11,Completed,TSK_028_29
PRJ_028,MLS_0274,Milestone Completion of Task 39,2023-01-18,2023-01-31,Delayed,TSK_028_39
PRJ_028,MLS_0275,Milestone Completion of Task 49,2023-01-21,2023-01-17,Completed,TSK_028_49
PRJ_028,MLS_0276,Milestone Completion of Task 59,2023-01-24,2023-02-08,Delayed,TSK_028_59
PRJ_028,MLS_0277,Milestone Completion of Task 69,2023-01-27,2023-01-24,Pending,TSK_028_69
PRJ_028,MLS_0278,Milestone Completion of Task 79,2023-01-30,2023-01-26,Pending,TSK_028_79
PRJ_028,MLS_0279,Milestone Completion of Task 89,2023-02-02,2023-02-02,Pending,TSK_028_89
PRJ_028,MLS_0280,Milestone Completion of Task 99,2023-02-05,2023-02-20,Delayed,TSK_028_99
PRJ_029,MLS_0281,Milestone Completion of Task 9,2023-01-09,2023-01-05,Completed,TSK_029_09
PRJ_029,MLS_0282,Milestone Completion of Task 19,2023-01-12,2023-01-12,Completed,TSK_029_19
PRJ_029,MLS_0283,Milestone Completion of Task 29,2023-01-15,2023-01-11,Completed,TSK_029_29
PRJ_029,MLS_0284,Milestone Completion of Task 39,2023-01-18,2023-02-02,Delayed,TSK_029_39
PRJ_029,MLS_0285,Milestone Completion of Task 49,2023-01-21,2023-01-21,Completed,TSK_029_49
PRJ_029,MLS_0286,Milestone Completion of Task 59,2023-01-24,2023-02-06,Delayed,TSK_029_59
PRJ_029,MLS_0287,Milestone Completion of Task 69,2023-01-27,2023-02-09,Delayed,TSK_029_69
PRJ_029,MLS_0288,Milestone Completion of Task 79,2023-01-30,2023-01-26,Pending,TSK_029_79
PRJ_029,MLS_0289,Milestone Completion of Task 89,2023-02-02,2023-01-29,Pending,TSK_029_89
PRJ_029,MLS_0290,Milestone Completion of Task 99,2023-02-05,2023-02-18,Delayed,TSK_029_99
PRJ_030,MLS_0291,Milestone Completion of Task 9,2023-01-10,2023-01-10,Completed,TSK_030_09
PRJ_030,MLS_0292,Milestone Completion of Task 19,2023-01-13,2023-01-09,Completed,TSK_030_19
PRJ_030,MLS_0293,Milestone Completion of Task 29,2023-01-16,2023-01-16,Completed,TSK_030_29
PRJ_030,MLS_0294,Milestone Completion of Task 39,2023-01-19,2023-01-21,Completed,TSK_030_39
PRJ_030,MLS_0295,Milestone Completion of Task 49,2023-01-22,2023-01-18,Completed,TSK_030_49
PRJ_030,MLS_0296,Milestone Completion of Task 59,2023-01-25,2023-02-09,Delayed,TSK_030_59
PRJ_030,MLS_0297,Milestone Completion of Task 69,2023-01-28,2023-02-02,Delayed,TSK_030_69
PRJ_030,MLS_0298,Milestone Completion of Task 79,2023-01-31,2023-02-12,Delayed,TSK_030_79
PRJ_030,MLS_0299,Milestone Completion of Task 89,2023-02-03,2023-02-03,Pending,TSK_030_89
PRJ_030,MLS_0300,Milestone Completion of Task 99,2023-02-06,2023-02-02,Pending,TSK_030_99
PRJ_031,MLS_0301,Milestone Completion of Task 9,2023-01-10,2023-01-06,Completed,TSK_031_09
PRJ_031,MLS_0302,Milestone Completion of Task 19,2023-01-13,2023-01-09,Completed,TSK_031_19
PRJ_031,MLS_0303,Milestone Completion of Task 29,2023-01-16,2023-01-31,Delayed,TSK_031_29
PRJ_031,MLS_0304,Milestone Completion of Task 39,2023-01-19,2023-01-15,Completed,TSK_031_39
PRJ_031,MLS_0305,Milestone Completion of Task 49,2023-01-22,2023-01-18,Completed,TSK_031_49
PRJ_031,MLS_0306,Milestone Completion of Task 59,2023-01-25,2023-01-21,Completed,TSK_031_59
PRJ_031,MLS_0307,Milestone Completion of Task 69,2023-01-28,2023-02-12,Delayed,TSK_031_69
PRJ_031,MLS_0308,Milestone Completion of Task 79,2023-01-31,2023-02-15,Delayed,TSK_031_79
PRJ_031,MLS_0309,Milestone Completion of Task 89,2023-02-03,2023-01-30,Pending,TSK_031_89
PRJ_031,MLS_0310,Milestone Completion of Task 99,2023-02-06,2023-02-21,Delayed,TSK_031_99
PRJ_032,MLS_0311,Milestone Completion of Task 9,2023-01-10,2023-01-25,Delayed,TSK_032_09
PRJ_032,MLS_0312,Milestone Completion of Task 19,2023-01-13,2023-01-20,Completed,TSK_032_19
PRJ_032,MLS_0313,Milestone Completion of Task 29,2023-01-16,2023-01-12,Completed,TSK_032_29
PRJ_032,MLS_0314,Milestone Completion of Task 39,2023-01-19,2023-01-19,Completed,TSK_032_39
PRJ_032,MLS_0315,Milestone Completion of Task 49,2023-01-22,2023-02-06,Delayed,TSK_032_49
PRJ_032,MLS_0316,Milestone Completion of Task 59,2023-01-25,2023-02-01,Delayed,TSK_032_59
PRJ_032,MLS_0317,Milestone Completion of Task 69,2023-01-28,2023-01-24,Pending,TSK_032_69
PRJ_032,MLS_0318,Milestone Completion of Task 79,2023-01-31,2023-01-27,Pending,TSK_032_79
PRJ_032,MLS_0319,Milestone Completion of Task 89,2023-02-03,2023-02-18,Delayed,TSK_032_89
PRJ_032,MLS_0320,Milestone Completion of Task 99,2023-02-06,2023-02-06,Pending,TSK_032_99
PRJ_033,MLS_0321,Milestone Completion of Task 9,2023-01-10,2023-01-20,Completed,TSK_033_09
PRJ_033,MLS_0322,Milestone Completion of Task 19,2023-01-13,2023-01-22,Completed,TSK_033_19
PRJ_033,MLS_0323,Milestone Completion of Task 29,2023-01-16,2023-01-12,Completed,TSK_033_29
PRJ_033,MLS_0324,Milestone Completion of Task 39,2023-01-19,2023-01-19,Completed,TSK_033_39
PRJ_033,MLS_0325,Milestone Completion of Task 49,2023-01-22,2023-01-28,Delayed,TSK_033_49
PRJ_033,MLS_0326,Milestone Completion of Task 59,2023-01-25,2023-01-21,Completed,TSK_033_59
PRJ_033,MLS_0327,Milestone Completion of Task 69,2023-01-28,2023-01-28,Pending,TSK_033_69
PRJ_033,MLS_0328,Milestone Completion of Task 79,2023-01-31,2023-01-27,Pending,TSK_033_79
PRJ_033,MLS_0329,Milestone Completion of Task 89,2023-02-03,2023-01-31,Pending,TSK_033_89
PRJ_033,MLS_0330,Milestone Completion of Task 99,2023-02-06,2023-02-11,Delayed,TSK_033_99
PRJ_034,MLS_0331,Milestone Completion of Task 9,2023-01-10,2023-01-19,Completed,TSK_034_09
PRJ_034,MLS_0332,Milestone Completion of Task 19,2023-01-13,2023-01-19,Completed,TSK_034_19
PRJ_034,MLS_0333,Milestone Completion of Task 29,2023-01-16,2023-01-25,Delayed,TSK_034_29
PRJ_034,MLS_0334,Milestone Completion of Task 39,2023-01-19,2023-01-23,Delayed,TSK_034_39
PRJ_034,MLS_0335,Milestone Completion of Task 49,2023-01-22,2023-01-18,Completed,TSK_034_49
PRJ_034,MLS_0336,Milestone Completion of Task 59,2023-01-25,2023-01-21,Completed,TSK_034_59
PRJ_034,MLS_0337,Milestone Completion of Task 69,2023-01-28,2023-01-29,Delayed,TSK_034_69
PRJ_034,MLS_0338,Milestone Completion of Task 79,2023-01-31,2023-01-31,Pending,TSK_034_79
PRJ_034,MLS_0339,Milestone Completion of Task 89,2023-02-03,2023-02-14,Delayed,TSK_034_89
PRJ_034,MLS_0340,Milestone Completion of Task 99,2023-02-06,2023-02-02,Pending,TSK_034_99
PRJ_035,MLS_0341,Milestone Completion of Task 9,2023-01-10,2023-01-25,Delayed,TSK_035_09
PRJ_035,MLS_0342,Milestone Completion of Task 19,2023-01-13,2023-01-09,Completed,TSK_035_19
PRJ_035,MLS_0343,Milestone Completion of Task 29,2023-01-16,2023-01-16,Completed,TSK_035_29
PRJ_035,MLS_0344,Milestone Completion of Task 39,2023-01-19,2023-01-15,Completed,TSK_035_39
PRJ_035,MLS_0345,Milestone Completion of Task 49,2023-01-22,2023-01-18,Completed,TSK_035_49
PRJ_035,MLS_0346,Milestone Completion of Task 59,2023-01-25,2023-01-25,Pending,TSK_035_59
PRJ_035,MLS_0347,Milestone Completion of Task 69,2023-01-28,2023-02-04,Delayed,TSK_035_69
PRJ_035,MLS_0348,Milestone Completion of Task 79,2023-01-31,2023-01-29,Pending,TSK_035_79
PRJ_035,MLS_0349,Milestone Completion of Task 89,2023-02-03,2023-02-18,Delayed,TSK_035_89
PRJ_035,MLS_0350,Milestone Completion of Task 99,2023-02-06,2023-02-02,Pending,TSK_035_99
PRJ_036,MLS_0351,Milestone Completion of Task 9,2023-01-10,2023-01-07,Completed,TSK_036_09
PRJ_036,MLS_0352,Milestone Completion of Task 19,2023-01-13,2023-01-28,Delayed,TSK_036_19
PRJ_036,MLS_0353,Milestone Completion of Task 29,2023-01-16,2023-01-12,Completed,TSK_036_29
PRJ_036,MLS_0354,Milestone Completion of Task 39,2023-01-19,2023-01-15,Completed,TSK_036_39
PRJ_036,MLS_0355,Milestone Completion of Task 49,2023-01-22,2023-02-06,Delayed,TSK_036_49
PRJ_036,MLS_0356,Milestone Completion of Task 59,2023-01-25,2023-01-21,Completed,TSK_036_59
PRJ_036,MLS_0357,Milestone Completion of Task 69,2023-01-28,2023-02-12,Delayed,TSK_036_69
PRJ_036,MLS_0358,Milestone Completion of Task 79,2023-01-31,2023-02-07,Delayed,TSK_036_79
PRJ_036,MLS_0359,Milestone Completion of Task 89,2023-02-03,2023-01-30,Pending,TSK_036_89
PRJ_036,MLS_0360,Milestone Completion of Task 99,2023-02-06,2023-02-06,Pending,TSK_036_99
PRJ_037,MLS_0361,Milestone Completion of Task 9,2023-01-10,2023-01-06,Completed,TSK_037_09
PRJ_037,MLS_0362,Milestone Completion of Task 19,2023-01-13,2023-01-23,Delayed,TSK_037_19
PRJ_037,MLS_0363,Milestone Completion of Task 29,2023-01-16,2023-01-26,Delayed,TSK_037_29
PRJ_037,MLS_0364,Milestone Completion of Task 39,2023-01-19,2023-01-15,Completed,TSK_037_39
PRJ_037,MLS_0365,Milestone Completion of Task 49,2023-01-22,2023-01-18,Completed,TSK_037_49
PRJ_037,MLS_0366,Milestone Completion of Task 59,2023-01-25,2023-01-25,Pending,TSK_037_59
PRJ_037,MLS_0367,Milestone Completion of Task 69,2023-01-28,2023-01-30,Delayed,TSK_037_69
PRJ_037,MLS_0368,Milestone Completion of Task 79,2023-01-31,2023-01-29,Pending,TSK_037_79
PRJ_037,MLS_0369,Milestone Completion of Task 89,2023-02-03,2023-02-11,Delayed,TSK_037_89
PRJ_037,MLS_0370,Milestone Completion of Task 99,2023-02-06,2023-02-06,Pending,TSK_037_99
PRJ_038,MLS_0371,Milestone Completion of Task 9,2023-01-10,2023-01-12,Completed,TSK_038_09
PRJ_038,MLS_0372,Milestone Completion of Task 19,2023-01-13,2023-01-09,Completed,TSK_038_19
PRJ_038,MLS_0373,Milestone Completion of Task 29,2023-01-16,2023-01-26,Delayed,TSK_038_29
PRJ_038,MLS_0374,Milestone Completion of Task 39,2023-01-19,2023-01-15,Completed,TSK_038_39
PRJ_038,MLS_0375,Milestone Completion of Task 49,2023-01-22,2023-01-18,Completed,TSK_038_49
PRJ_038,MLS_0376,Milestone Completion of Task 59,2023-01-25,2023-02-04,Delayed,TSK_038_59
PRJ_038,MLS_0377,Milestone Completion of Task 69,2023-01-28,2023-02-09,Delayed,TSK_038_69
PRJ_038,MLS_0378,Milestone Completion of Task 79,2023-01-31,2023-01-27,Pending,TSK_038_79
PRJ_038,MLS_0379,Milestone Completion of Task 89,2023-02-03,2023-02-18,Delayed,TSK_038_89
PRJ_038,MLS_0380,Milestone Completion of Task 99,2023-02-06,2023-02-02,Pending,TSK_038_99
PRJ_039,MLS_0381,Milestone Completion of Task 9,2023-01-10,2023-01-14,Completed,TSK_039_09
PRJ_039,MLS_0382,Milestone Completion of Task 19,2023-01-13,2023-01-24,Delayed,TSK_039_19
PRJ_039,MLS_0383,Milestone Completion of Task 29,2023-01-16,2023-01-24,Delayed,TSK_039_29
PRJ_039,MLS_0384,Milestone Completion of Task 39,2023-01-19,2023-01-15,Completed,TSK_039_39
PRJ_039,MLS_0385,Milestone Completion of Task 49,2023-01-22,2023-01-27,Delayed,TSK_039_49
PRJ_039,MLS_0386,Milestone Completion of Task 59,2023-01-25,2023-02-03,Delayed,TSK_039_59
PRJ_039,MLS_0387,Milestone Completion of Task 69,2023-01-28,2023-01-24,Pending,TSK_039_69
PRJ_039,MLS_0388,Milestone Completion of Task 79,2023-01-31,2023-01-30,Pending,TSK_039_79
PRJ_039,MLS_0389,Milestone Completion of Task 89,2023-02-03,2023-01-30,Pending,TSK_039_89
PRJ_039,MLS_0390,Milestone Completion of Task 99,2023-02-06,2023-02-04,Pending,TSK_039_99
PRJ_040,MLS_0391,Milestone Completion of Task 9,2023-01-10,2023-01-17,Completed,TSK_040_09
PRJ_040,MLS_0392,Milestone Completion of Task 19,2023-01-13,2023-01-28,Delayed,TSK_040_19
PRJ_040,MLS_0393,Milestone Completion of Task 29,2023-01-16,2023-01-21,Completed,TSK_040_29
PRJ_040,MLS_0394,Milestone Completion of Task 39,2023-01-19,2023-01-31,Delayed,TSK_040_39
PRJ_040,MLS_0395,Milestone Completion of Task 49,2023-01-22,2023-01-18,Completed,TSK_040_49
PRJ_040,MLS_0396,Milestone Completion of Task 59,2023-01-25,2023-02-04,Delayed,TSK_040_59
PRJ_040,MLS_0397,Milestone Completion of Task 69,2023-01-28,2023-01-24,Pending,TSK_040_69
PRJ_040,MLS_0398,Milestone Completion of Task 79,2023-01-31,2023-02-05,Delayed,TSK_040_79
PRJ_040,MLS_0399,Milestone Completion of Task 89,2023-02-03,2023-02-13,Delayed,TSK_040_89
PRJ_040,MLS_0400,Milestone Completion of Task 99,2023-02-06,2023-02-02,Pending,TSK_040_99
PRJ_041,MLS_0401,Milestone Completion of Task 9,2023-01-10,2023-01-20,Completed,TSK_041_09
PRJ_041,MLS_0402,Milestone Completion of Task 19,2023-01-13,2023-01-25,Delayed,TSK_041_19
PRJ_041,MLS_0403,Milestone Completion of Task 29,2023-01-16,2023-01-16,Completed,TSK_041_29
PRJ_041,MLS_0404,Milestone Completion of Task 39,2023-01-19,2023-01-15,Completed,TSK_041_39
PRJ_041,MLS_0405,Milestone Completion of Task 49,2023-01-22,2023-01-22,Completed,TSK_041_49
PRJ_041,MLS_0406,Milestone Completion of Task 59,2023-01-25,2023-01-21,Completed,TSK_041_59
PRJ_041,MLS_0407,Milestone Completion of Task 69,2023-01-28,2023-01-24,Pending,TSK_041_69
PRJ_041,MLS_0408,Milestone Completion of Task 79,2023-01-31,2023-01-27,Pending,TSK_041_79
PRJ_041,MLS_0409,Milestone Completion of Task 89,2023-02-03,2023-01-30,Pending,TSK_041_89
PRJ_041,MLS_0410,Milestone Completion of Task 99,2023-02-06,2023-02-21,Delayed,TSK_041_99
PRJ_042,MLS_0411,Milestone Completion of Task 9,2023-01-10,2023-01-06,Completed,TSK_042_09
PRJ_042,MLS_0412,Milestone Completion of Task 19,2023-01-13,2023-01-09,Completed,TSK_042_19
PRJ_042,MLS_0413,Milestone Completion of Task 29,2023-01-16,2023-01-26,Delayed,TSK_042_29
PRJ_042,MLS_0414,Milestone Completion of Task 39,2023-01-19,2023-01-15,Completed,TSK_042_39
PRJ_042,MLS_0415,Milestone Completion of Task 49,2023-01-22,2023-02-06,Delayed,TSK_042_49
PRJ_042,MLS_0416,Milestone Completion of Task 59,2023-01-25,2023-01-21,Completed,TSK_042_59
PRJ_042,MLS_0417,Milestone Completion of Task 69,2023-01-28,2023-02-12,Delayed,TSK_042_69
PRJ_042,MLS_0418,Milestone Completion of Task 79,2023-01-31,2023-01-27,Pending,TSK_042_79
PRJ_042,MLS_0419,Milestone Completion of Task 89,2023-02-03,2023-01-30,Pending,TSK_042_89
PRJ_042,MLS_0420,Milestone Completion of Task 99,2023-02-06,2023-02-08,Delayed,TSK_042_99
PRJ_043,MLS_0421,Milestone Completion of Task 9,2023-01-10,2023-01-06,Completed,TSK_043_09
PRJ_043,MLS_0422,Milestone Completion of Task 19,2023-01-13,2023-01-28,Delayed,TSK_043_19
PRJ_043,MLS_0423,Milestone Completion of Task 29,2023-01-16,2023-01-12,Completed,TSK_043_29
PRJ_043,MLS_0424,Milestone Completion of Task 39,2023-01-19,2023-01-15,Completed,TSK_043_39
PRJ_043,MLS_0425,Milestone Completion of Task 49,2023-01-22,2023-01-18,Completed,TSK_043_49
PRJ_043,MLS_0426,Milestone Completion of Task 59,2023-01-25,2023-02-09,Delayed,TSK_043_59
PRJ_043,MLS_0427,Milestone Completion of Task 69,2023-01-28,2023-02-12,Delayed,TSK_043_69
PRJ_043,MLS_0428,Milestone Completion of Task 79,2023-01-31,2023-01-31,Pending,TSK_043_79
PRJ_043,MLS_0429,Milestone Completion of Task 89,2023-02-03,2023-02-18,Delayed,TSK_043_89
PRJ_043,MLS_0430,Milestone Completion of Task 99,2023-02-06,2023-02-02,Pending,TSK_043_99
PRJ_044,MLS_0431,Milestone Completion of Task 9,2023-01-10,2023-01-10,Completed,TSK_044_09
PRJ_044,MLS_0432,Milestone Completion of Task 19,2023-01-13,2023-01-18,Completed,TSK_044_19
PRJ_044,MLS_0433,Milestone Completion of Task 29,2023-01-16,2023-01-12,Completed,TSK_044_29
PRJ_044,MLS_0434,Milestone Completion of Task 39,2023-01-19,2023-01-21,Completed,TSK_044_39
PRJ_044,MLS_0435,Milestone Completion of Task 49,2023-01-22,2023-01-29,Delayed,TSK_044_49
PRJ_044,MLS_0436,Milestone Completion of Task 59,2023-01-25,2023-01-25,Pending,TSK_044_59
PRJ_044,MLS_0437,Milestone Completion of Task 69,2023-01-28,2023-01-24,Pending,TSK_044_69
PRJ_044,MLS_0438,Milestone Completion of Task 79,2023-01-31,2023-01-27,Pending,TSK_044_79
PRJ_044,MLS_0439,Milestone Completion of Task 89,2023-02-03,2023-01-30,Pending,TSK_044_89
PRJ_044,MLS_0440,Milestone Completion of Task 99,2023-02-06,2023-02-02,Pending,TSK_044_99
PRJ_045,MLS_0441,Milestone Completion of Task 9,2023-01-11,2023-01-07,Completed,TSK_045_09
PRJ_045,MLS_0442,Milestone Completion of Task 19,2023-01-14,2023-01-10,Completed,TSK_045_19
PRJ_045,MLS_0443,Milestone Completion of Task 29,2023-01-17,2023-01-19,Completed,TSK_045_29
PRJ_045,MLS_0444,Milestone Completion of Task 39,2023-01-20,2023-01-31,Delayed,TSK_045_39
PRJ_045,MLS_0445,Milestone Completion of Task 49,2023-01-23,2023-01-19,Completed,TSK_045_49
PRJ_045,MLS_0446,Milestone Completion of Task 59,2023-01-26,2023-01-22,Completed,TSK_045_59
PRJ_045,MLS_0447,Milestone Completion of Task 69,2023-01-29,2023-01-25,Pending,TSK_045_69
PRJ_045,MLS_0448,Milestone Completion of Task 79,2023-02-01,2023-01-28,Pending,TSK_045_79
PRJ_045,MLS_0449,Milestone Completion of Task 89,2023-02-04,2023-01-31,Pending,TSK_045_89
PRJ_045,MLS_0450,Milestone Completion of Task 99,2023-02-07,2023-02-03,Pending,TSK_045_99
PRJ_046,MLS_0451,Milestone Completion of Task 9,2023-01-11,2023-01-07,Completed,TSK_046_09
PRJ_046,MLS_0452,Milestone Completion of Task 19,2023-01-14,2023-01-10,Completed,TSK_046_19
PRJ_046,MLS_0453,Milestone Completion of Task 29,2023-01-17,2023-01-23,Delayed,TSK_046_29
PRJ_046,MLS_0454,Milestone Completion of Task 39,2023-01-20,2023-01-20,Completed,TSK_046_39
PRJ_046,MLS_0455,Milestone Completion of Task 49,2023-01-23,2023-02-03,Delayed,TSK_046_49
PRJ_046,MLS_0456,Milestone Completion of Task 59,2023-01-26,2023-02-10,Delayed,TSK_046_59
PRJ_046,MLS_0457,Milestone Completion of Task 69,2023-01-29,2023-02-11,Delayed,TSK_046_69
PRJ_046,MLS_0458,Milestone Completion of Task 79,2023-02-01,2023-01-30,Pending,TSK_046_79
PRJ_046,MLS_0459,Milestone Completion of Task 89,2023-02-04,2023-02-19,Delayed,TSK_046_89
PRJ_046,MLS_0460,Milestone Completion of Task 99,2023-02-07,2023-02-03,Pending,TSK_046_99
PRJ_047,MLS_0461,Milestone Completion of Task 9,2023-01-11,2023-01-11,Completed,TSK_047_09
PRJ_047,MLS_0462,Milestone Completion of Task 19,2023-01-14,2023-01-29,Delayed,TSK_047_19
PRJ_047,MLS_0463,Milestone Completion of Task 29,2023-01-17,2023-01-13,Completed,TSK_047_29
PRJ_047,MLS_0464,Milestone Completion of Task 39,2023-01-20,2023-01-16,Completed,TSK_047_39
PRJ_047,MLS_0465,Milestone Completion of Task 49,2023-01-23,2023-02-07,Delayed,TSK_047_49
PRJ_047,MLS_0466,Milestone Completion of Task 59,2023-01-26,2023-01-22,Completed,TSK_047_59
PRJ_047,MLS_0467,Milestone Completion of Task 69,2023-01-29,2023-02-13,Delayed,TSK_047_69
PRJ_047,MLS_0468,Milestone Completion of Task 79,2023-02-01,2023-02-01,Pending,TSK_047_79
PRJ_047,MLS_0469,Milestone Completion of Task 89,2023-02-04,2023-02-04,Pending,TSK_047_89
PRJ_047,MLS_0470,Milestone Completion of Task 99,2023-02-07,2023-02-03,Pending,TSK_047_99
PRJ_048,MLS_0471,Milestone Completion of Task 9,2023-01-11,2023-01-16,Completed,TSK_048_09
PRJ_048,MLS_0472,Milestone Completion of Task 19,2023-01-14,2023-01-14,Completed,TSK_048_19
PRJ_048,MLS_0473,Milestone Completion of Task 29,2023-01-17,2023-01-20,Completed,TSK_048_29
PRJ_048,MLS_0474,Milestone Completion of Task 39,2023-01-20,2023-01-20,Completed,TSK_048_39
PRJ_048,MLS_0475,Milestone Completion of Task 49,2023-01-23,2023-01-19,Completed,TSK_048_49
PRJ_048,MLS_0476,Milestone Completion of Task 59,2023-01-26,2023-01-22,Completed,TSK_048_59
PRJ_048,MLS_0477,Milestone Completion of Task 69,2023-01-29,2023-01-31,Delayed,TSK_048_69
PRJ_048,MLS_0478,Milestone Completion of Task 79,2023-02-01,2023-02-01,Pending,TSK_048_79
PRJ_048,MLS_0479,Milestone Completion of Task 89,2023-02-04,2023-02-02,Pending,TSK_048_89
PRJ_048,MLS_0480,Milestone Completion of Task 99,2023-02-07,2023-02-05,Pending,TSK_048_99
PRJ_049,MLS_0481,Milestone Completion of Task 9,2023-01-11,2023-01-08,Completed,TSK_049_09
PRJ_049,MLS_0482,Milestone Completion of Task 19,2023-01-14,2023-01-10,Completed,TSK_049_19
PRJ_049,MLS_0483,Milestone Completion of Task 29,2023-01-17,2023-01-20,Completed,TSK_049_29
PRJ_049,MLS_0484,Milestone Completion of Task 39,2023-01-20,2023-01-16,Completed,TSK_049_39
PRJ_049,MLS_0485,Milestone Completion of Task 49,2023-01-23,2023-02-01,Delayed,TSK_049_49
PRJ_049,MLS_0486,Milestone Completion of Task 59,2023-01-26,2023-01-29,Delayed,TSK_049_59
PRJ_049,MLS_0487,Milestone Completion of Task 69,2023-01-29,2023-02-07,Delayed,TSK_049_69
PRJ_049,MLS_0488,Milestone Completion of Task 79,2023-02-01,2023-02-09,Delayed,TSK_049_79
PRJ_049,MLS_0489,Milestone Completion of Task 89,2023-02-04,2023-01-31,Pending,TSK_049_89
PRJ_049,MLS_0490,Milestone Completion of Task 99,2023-02-07,2023-02-03,Pending,TSK_049_99
PRJ_050,MLS_0491,Milestone Completion of Task 9,2023-01-11,2023-01-07,Completed,TSK_050_09
PRJ_050,MLS_0492,Milestone Completion of Task 19,2023-01-14,2023-01-29,Delayed,TSK_050_19
PRJ_050,MLS_0493,Milestone Completion of Task 29,2023-01-17,2023-02-01,Delayed,TSK_050_29
PRJ_050,MLS_0494,Milestone Completion of Task 39,2023-01-20,2023-01-16,Completed,TSK_050_39
PRJ_050,MLS_0495,Milestone Completion of Task 49,2023-01-23,2023-01-19,Completed,TSK_050_49
PRJ_050,MLS_0496,Milestone Completion of Task 59,2023-01-26,2023-02-10,Delayed,TSK_050_59
PRJ_050,MLS_0497,Milestone Completion of Task 69,2023-01-29,2023-02-13,Delayed,TSK_050_69
PRJ_050,MLS_0498,Milestone Completion of Task 79,2023-02-01,2023-02-16,Delayed,TSK_050_79
PRJ_050,MLS_0499,Milestone Completion of Task 89,2023-02-04,2023-01-31,Pending,TSK_050_89
PRJ_050,MLS_0500,Milestone Completion of Task 99,2023-02-07,2023-02-07,Pending,TSK_050_99
PRJ_051,MLS_0501,Milestone Completion of Task 9,2023-01-11,2023-01-18,Completed,TSK_051_09
PRJ_051,MLS_0502,Milestone Completion of Task 19,2023-01-14,2023-01-26,Delayed,TSK_051_19
PRJ_051,MLS_0503,Milestone Completion of Task 29,2023-01-17,2023-01-13,Completed,TSK_051_29
PRJ_051,MLS_0504,Milestone Completion of Task 39,2023-01-20,2023-01-18,Completed,TSK_051_39
PRJ_051,MLS_0505,Milestone Completion of Task 49,2023-01-23,2023-02-04,Delayed,TSK_051_49
PRJ_051,MLS_0506,Milestone Completion of Task 59,2023-01-26,2023-01-22,Completed,TSK_051_59
PRJ_051,MLS_0507,Milestone Completion of Task 69,2023-01-29,2023-01-27,Pending,TSK_051_69
PRJ_051,MLS_0508,Milestone Completion of Task 79,2023-02-01,2023-01-28,Pending,TSK_051_79
PRJ_051,MLS_0509,Milestone Completion of Task 89,2023-02-04,2023-02-11,Delayed,TSK_051_89
PRJ_051,MLS_0510,Milestone Completion of Task 99,2023-02-07,2023-02-17,Delayed,TSK_051_99
PRJ_052,MLS_0511,Milestone Completion of Task 9,2023-01-11,2023-01-09,Completed,TSK_052_09
PRJ_052,MLS_0512,Milestone Completion of Task 19,2023-01-14,2023-01-24,Delayed,TSK_052_19
PRJ_052,MLS_0513,Milestone Completion of Task 29,2023-01-17,2023-01-15,Completed,TSK_052_29
PRJ_052,MLS_0514,Milestone Completion of Task 39,2023-01-20,2023-01-22,Completed,TSK_052_39
PRJ_052,MLS_0515,Milestone Completion of Task 49,2023-01-23,2023-01-19,Completed,TSK_052_49
PRJ_052,MLS_0516,Milestone Completion of Task 59,2023-01-26,2023-01-22,Completed,TSK_052_59
PRJ_052,MLS_0517,Milestone Completion of Task 69,2023-01-29,2023-02-05,Delayed,TSK_052_69
PRJ_052,MLS_0518,Milestone Completion of Task 79,2023-02-01,2023-02-06,Delayed,TSK_052_79
PRJ_052,MLS_0519,Milestone Completion of Task 89,2023-02-04,2023-02-09,Delayed,TSK_052_89
PRJ_052,MLS_0520,Milestone Completion of Task 99,2023-02-07,2023-02-07,Pending,TSK_052_99
PRJ_053,MLS_0521,Milestone Completion of Task 9,2023-01-11,2023-01-26,Delayed,TSK_053_09
PRJ_053,MLS_0522,Milestone Completion of Task 19,2023-01-14,2023-01-10,Completed,TSK_053_19
PRJ_053,MLS_0523,Milestone Completion of Task 29,2023-01-17,2023-01-13,Completed,TSK_053_29
PRJ_053,MLS_0524,Milestone Completion of Task 39,2023-01-20,2023-01-20,Completed,TSK_053_39
PRJ_053,MLS_0525,Milestone Completion of Task 49,2023-01-23,2023-02-07,Delayed,TSK_053_49
PRJ_053,MLS_0526,Milestone Completion of Task 59,2023-01-26,2023-01-31,Delayed,TSK_053_59
PRJ_053,MLS_0527,Milestone Completion of Task 69,2023-01-29,2023-02-13,Delayed,TSK_053_69
PRJ_053,MLS_0528,Milestone Completion of Task 79,2023-02-01,2023-01-28,Pending,TSK_053_79
PRJ_053,MLS_0529,Milestone Completion of Task 89,2023-02-04,2023-01-31,Pending,TSK_053_89
PRJ_053,MLS_0530,Milestone Completion of Task 99,2023-02-07,2023-02-03,Pending,TSK_053_99
PRJ_054,MLS_0531,Milestone Completion of Task 9,2023-01-11,2023-01-18,Completed,TSK_054_09
PRJ_054,MLS_0532,Milestone Completion of Task 19,2023-01-14,2023-01-14,Completed,TSK_054_19
PRJ_054,MLS_0533,Milestone Completion of Task 29,2023-01-17,2023-01-24,Delayed,TSK_054_29
PRJ_054,MLS_0534,Milestone Completion of Task 39,2023-01-20,2023-01-16,Completed,TSK_054_39
PRJ_054,MLS_0535,Milestone Completion of Task 49,2023-01-23,2023-01-19,Completed,TSK_054_49
PRJ_054,MLS_0536,Milestone Completion of Task 59,2023-01-26,2023-01-22,Completed,TSK_054_59
PRJ_054,MLS_0537,Milestone Completion of Task 69,2023-01-29,2023-01-25,Pending,TSK_054_69
PRJ_054,MLS_0538,Milestone Completion of Task 79,2023-02-01,2023-01-28,Pending,TSK_054_79
PRJ_054,MLS_0539,Milestone Completion of Task 89,2023-02-04,2023-02-14,Delayed,TSK_054_89
PRJ_054,MLS_0540,Milestone Completion of Task 99,2023-02-07,2023-02-17,Delayed,TSK_054_99
PRJ_055,MLS_0541,Milestone Completion of Task 9,2023-01-11,2023-01-07,Completed,TSK_055_09
PRJ_055,MLS_0542,Milestone Completion of Task 19,2023-01-14,2023-01-16,Completed,TSK_055_19
PRJ_055,MLS_0543,Milestone Completion of Task 29,2023-01-17,2023-01-13,Completed,TSK_055_29
PRJ_055,MLS_0544,Milestone Completion of Task 39,2023-01-20,2023-01-22,Completed,TSK_055_39
PRJ_055,MLS_0545,Milestone Completion of Task 49,2023-01-23,2023-01-19,Completed,TSK_055_49
PRJ_055,MLS_0546,Milestone Completion of Task 59,2023-01-26,2023-01-22,Completed,TSK_055_59
PRJ_055,MLS_0547,Milestone Completion of Task 69,2023-01-29,2023-01-25,Pending,TSK_055_69
PRJ_055,MLS_0548,Milestone Completion of Task 79,2023-02-01,2023-02-16,Delayed,TSK_055_79
PRJ_055,MLS_0549,Milestone Completion of Task 89,2023-02-04,2023-02-19,Delayed,TSK_055_89
PRJ_055,MLS_0550,Milestone Completion of Task 99,2023-02-07,2023-02-09,Delayed,TSK_055_99
PRJ_056,MLS_0551,Milestone Completion of Task 9,2023-01-11,2023-01-07,Completed,TSK_056_09
PRJ_056,MLS_0552,Milestone Completion of Task 19,2023-01-14,2023-01-10,Completed,TSK_056_19
PRJ_056,MLS_0553,Milestone Completion of Task 29,2023-01-17,2023-01-23,Delayed,TSK_056_29
PRJ_056,MLS_0554,Milestone Completion of Task 39,2023-01-20,2023-01-16,Completed,TSK_056_39
PRJ_056,MLS_0555,Milestone Completion of Task 49,2023-01-23,2023-01-24,Delayed,TSK_056_49
PRJ_056,MLS_0556,Milestone Completion of Task 59,2023-01-26,2023-01-26,Pending,TSK_056_59
PRJ_056,MLS_0557,Milestone Completion of Task 69,2023-01-29,2023-02-06,Delayed,TSK_056_69
PRJ_056,MLS_0558,Milestone Completion of Task 79,2023-02-01,2023-01-28,Pending,TSK_056_79
PRJ_056,MLS_0559,Milestone Completion of Task 89,2023-02-04,2023-02-05,Delayed,TSK_056_89
PRJ_056,MLS_0560,Milestone Completion of Task 99,2023-02-07,2023-02-03,Pending,TSK_056_99
PRJ_057,MLS_0561,Milestone Completion of Task 9,2023-01-11,2023-01-07,Completed,TSK_057_09
PRJ_057,MLS_0562,Milestone Completion of Task 19,2023-01-14,2023-01-29,Delayed,TSK_057_19
PRJ_057,MLS_0563,Milestone Completion of Task 29,2023-01-17,2023-02-01,Delayed,TSK_057_29
PRJ_057,MLS_0564,Milestone Completion of Task 39,2023-01-20,2023-02-02,Delayed,TSK_057_39
PRJ_057,MLS_0565,Milestone Completion of Task 49,2023-01-23,2023-01-19,Completed,TSK_057_49
PRJ_057,MLS_0566,Milestone Completion of Task 59,2023-01-26,2023-01-22,Completed,TSK_057_59
PRJ_057,MLS_0567,Milestone Completion of Task 69,2023-01-29,2023-01-29,Pending,TSK_057_69
PRJ_057,MLS_0568,Milestone Completion of Task 79,2023-02-01,2023-01-28,Pending,TSK_057_79
PRJ_057,MLS_0569,Milestone Completion of Task 89,2023-02-04,2023-01-31,Pending,TSK_057_89
PRJ_057,MLS_0570,Milestone Completion of Task 99,2023-02-07,2023-02-07,Pending,TSK_057_99
PRJ_058,MLS_0571,Milestone Completion of Task 9,2023-01-11,2023-01-07,Completed,TSK_058_09
PRJ_058,MLS_0572,Milestone Completion of Task 19,2023-01-14,2023-01-24,Delayed,TSK_058_19
PRJ_058,MLS_0573,Milestone Completion of Task 29,2023-01-17,2023-01-15,Completed,TSK_058_29
PRJ_058,MLS_0574,Milestone Completion of Task 39,2023-01-20,2023-01-16,Completed,TSK_058_39
PRJ_058,MLS_0575,Milestone Completion of Task 49,2023-01-23,2023-02-07,Delayed,TSK_058_49
PRJ_058,MLS_0576,Milestone Completion of Task 59,2023-01-26,2023-02-07,Delayed,TSK_058_59
PRJ_058,MLS_0577,Milestone Completion of Task 69,2023-01-29,2023-02-03,Delayed,TSK_058_69
PRJ_058,MLS_0578,Milestone Completion of Task 79,2023-02-01,2023-01-28,Pending,TSK_058_79
PRJ_058,MLS_0579,Milestone Completion of Task 89,2023-02-04,2023-02-16,Delayed,TSK_058_89
PRJ_058,MLS_0580,Milestone Completion of Task 99,2023-02-07,2023-02-03,Pending,TSK_058_99
PRJ_059,MLS_0581,Milestone Completion of Task 9,2023-01-12,2023-01-08,Completed,TSK_059_09
PRJ_059,MLS_0582,Milestone Completion of Task 19,2023-01-15,2023-01-11,Completed,TSK_059_19
PRJ_059,MLS_0583,Milestone Completion of Task 29,2023-01-18,2023-01-23,Delayed,TSK_059_29
PRJ_059,MLS_0584,Milestone Completion of Task 39,2023-01-21,2023-01-17,Completed,TSK_059_39
PRJ_059,MLS_0585,Milestone Completion of Task 49,2023-01-24,2023-02-03,Delayed,TSK_059_49
PRJ_059,MLS_0586,Milestone Completion of Task 59,2023-01-27,2023-02-11,Delayed,TSK_059_59
PRJ_059,MLS_0587,Milestone Completion of Task 69,2023-01-30,2023-01-26,Pending,TSK_059_69
PRJ_059,MLS_0588,Milestone Completion of Task 79,2023-02-02,2023-01-29,Pending,TSK_059_79
PRJ_059,MLS_0589,Milestone Completion of Task 89,2023-02-05,2023-02-10,Delayed,TSK_059_89
PRJ_059,MLS_0590,Milestone Completion of Task 99,2023-02-08,2023-02-04,Pending,TSK_059_99
PRJ_060,MLS_0591,Milestone Completion of Task 9,2023-01-12,2023-01-12,Completed,TSK_060_09
PRJ_060,MLS_0592,Milestone Completion of Task 19,2023-01-15,2023-01-11,Completed,TSK_060_19
PRJ_060,MLS_0593,Milestone Completion of Task 29,2023-01-18,2023-02-02,Delayed,TSK_060_29
PRJ_060,MLS_0594,Milestone Completion of Task 39,2023-01-21,2023-01-17,Completed,TSK_060_39
PRJ_060,MLS_0595,Milestone Completion of Task 49,2023-01-24,2023-02-08,Delayed,TSK_060_49
PRJ_060,MLS_0596,Milestone Completion of Task 59,2023-01-27,2023-01-23,Pending,TSK_060_59
PRJ_060,MLS_0597,Milestone Completion of Task 69,2023-01-30,2023-02-06,Delayed,TSK_060_69
PRJ_060,MLS_0598,Milestone Completion of Task 79,2023-02-02,2023-01-29,Pending,TSK_060_79
PRJ_060,MLS_0599,Milestone Completion of Task 89,2023-02-05,2023-02-01,Pending,TSK_060_89
PRJ_060,MLS_0600,Milestone Completion of Task 99,2023-02-08,2023-02-08,Pending,TSK_060_99
PRJ_061,MLS_0601,Milestone Completion of Task 9,2023-01-12,2023-01-08,Completed,TSK_061_09
PRJ_061,MLS_0602,Milestone Completion of Task 19,2023-01-15,2023-01-11,Completed,TSK_061_19
PRJ_061,MLS_0603,Milestone Completion of Task 29,2023-01-18,2023-02-02,Delayed,TSK_061_29
PRJ_061,MLS_0604,Milestone Completion of Task 39,2023-01-21,2023-01-17,Completed,TSK_061_39
PRJ_061,MLS_0605,Milestone Completion of Task 49,2023-01-24,2023-01-20,Completed,TSK_061_49
PRJ_061,MLS_0606,Milestone Completion of Task 59,2023-01-27,2023-02-11,Delayed,TSK_061_59
PRJ_061,MLS_0607,Milestone Completion of Task 69,2023-01-30,2023-01-26,Pending,TSK_061_69
PRJ_061,MLS_0608,Milestone Completion of Task 79,2023-02-02,2023-02-17,Delayed,TSK_061_79
PRJ_061,MLS_0609,Milestone Completion of Task 89,2023-02-05,2023-02-01,Pending,TSK_061_89
PRJ_061,MLS_0610,Milestone Completion of Task 99,2023-02-08,2023-02-23,Delayed,TSK_061_99
PRJ_062,MLS_0611,Milestone Completion of Task 9,2023-01-12,2023-01-08,Completed,TSK_062_09
PRJ_062,MLS_0612,Milestone Completion of Task 19,2023-01-15,2023-01-11,Completed,TSK_062_19
PRJ_062,MLS_0613,Milestone Completion of Task 29,2023-01-18,2023-01-14,Completed,TSK_062_29
PRJ_062,MLS_0614,Milestone Completion of Task 39,2023-01-21,2023-01-17,Completed,TSK_062_39
PRJ_062,MLS_0615,Milestone Completion of Task 49,2023-01-24,2023-02-08,Delayed,TSK_062_49
PRJ_062,MLS_0616,Milestone Completion of Task 59,2023-01-27,2023-02-11,Delayed,TSK_062_59
PRJ_062,MLS_0617,Milestone Completion of Task 69,2023-01-30,2023-01-26,Pending,TSK_062_69
PRJ_062,MLS_0618,Milestone Completion of Task 79,2023-02-02,2023-02-02,Pending,TSK_062_79
PRJ_062,MLS_0619,Milestone Completion of Task 89,2023-02-05,2023-02-20,Delayed,TSK_062_89
PRJ_062,MLS_0620,Milestone Completion of Task 99,2023-02-08,2023-02-13,Delayed,TSK_062_99
PRJ_063,MLS_0621,Milestone Completion of Task 9,2023-01-12,2023-01-08,Completed,TSK_063_09
PRJ_063,MLS_0622,Milestone Completion of Task 19,2023-01-15,2023-01-15,Completed,TSK_063_19
PRJ_063,MLS_0623,Milestone Completion of Task 29,2023-01-18,2023-01-24,Delayed,TSK_063_29
PRJ_063,MLS_0624,Milestone Completion of Task 39,2023-01-21,2023-01-18,Completed,TSK_063_39
PRJ_063,MLS_0625,Milestone Completion of Task 49,2023-01-24,2023-01-24,Pending,TSK_063_49
PRJ_063,MLS_0626,Milestone Completion of Task 59,2023-01-27,2023-01-23,Pending,TSK_063_59
PRJ_063,MLS_0627,Milestone Completion of Task 69,2023-01-30,2023-02-14,Delayed,TSK_063_69
PRJ_063,MLS_0628,Milestone Completion of Task 79,2023-02-02,2023-01-29,Pending,TSK_063_79
PRJ_063,MLS_0629,Milestone Completion of Task 89,2023-02-05,2023-02-20,Delayed,TSK_063_89
PRJ_063,MLS_0630,Milestone Completion of Task 99,2023-02-08,2023-02-23,Delayed,TSK_063_99
PRJ_064,MLS_0631,Milestone Completion of Task 9,2023-01-12,2023-01-08,Completed,TSK_064_09
PRJ_064,MLS_0632,Milestone Completion of Task 19,2023-01-15,2023-01-20,Completed,TSK_064_19
PRJ_064,MLS_0633,Milestone Completion of Task 29,2023-01-18,2023-01-14,Completed,TSK_064_29
PRJ_064,MLS_0634,Milestone Completion of Task 39,2023-01-21,2023-02-02,Delayed,TSK_064_39
PRJ_064,MLS_0635,Milestone Completion of Task 49,2023-01-24,2023-01-29,Delayed,TSK_064_49
PRJ_064,MLS_0636,Milestone Completion of Task 59,2023-01-27,2023-01-23,Pending,TSK_064_59
PRJ_064,MLS_0637,Milestone Completion of Task 69,2023-01-30,2023-01-26,Pending,TSK_064_69
PRJ_064,MLS_0638,Milestone Completion of Task 79,2023-02-02,2023-02-02,Pending,TSK_064_79
PRJ_064,MLS_0639,Milestone Completion of Task 89,2023-02-05,2023-02-17,Delayed,TSK_064_89
PRJ_064,MLS_0640,Milestone Completion of Task 99,2023-02-08,2023-02-04,Pending,TSK_064_99
PRJ_065,MLS_0641,Milestone Completion of Task 9,2023-01-12,2023-01-08,Completed,TSK_065_09
PRJ_065,MLS_0642,Milestone Completion of Task 19,2023-01-15,2023-01-11,Completed,TSK_065_19
PRJ_065,MLS_0643,Milestone Completion of Task 29,2023-01-18,2023-01-14,Completed,TSK_065_29
PRJ_065,MLS_0644,Milestone Completion of Task 39,2023-01-21,2023-01-21,Completed,TSK_065_39
PRJ_065,MLS_0645,Milestone Completion of Task 49,2023-01-24,2023-02-08,Delayed,TSK_065_49
PRJ_065,MLS_0646,Milestone Completion of Task 59,2023-01-27,2023-01-23,Pending,TSK_065_59
PRJ_065,MLS_0647,Milestone Completion of Task 69,2023-01-30,2023-02-14,Delayed,TSK_065_69
PRJ_065,MLS_0648,Milestone Completion of Task 79,2023-02-02,2023-02-17,Delayed,TSK_065_79
PRJ_065,MLS_0649,Milestone Completion of Task 89,2023-02-05,2023-02-01,Pending,TSK_065_89
PRJ_065,MLS_0650,Milestone Completion of Task 99,2023-02-08,2023-02-04,Pending,TSK_065_99
PRJ_066,MLS_0651,Milestone Completion of Task 9,2023-01-12,2023-01-08,Completed,TSK_066_09
PRJ_066,MLS_0652,Milestone Completion of Task 19,2023-01-15,2023-01-15,Completed,TSK_066_19
PRJ_066,MLS_0653,Milestone Completion of Task 29,2023-01-18,2023-01-14,Completed,TSK_066_29
PRJ_066,MLS_0654,Milestone Completion of Task 39,2023-01-21,2023-01-17,Completed,TSK_066_39
PRJ_066,MLS_0655,Milestone Completion of Task 49,2023-01-24,2023-02-06,Delayed,TSK_066_49
PRJ_066,MLS_0656,Milestone Completion of Task 59,2023-01-27,2023-01-23,Pending,TSK_066_59
PRJ_066,MLS_0657,Milestone Completion of Task 69,2023-01-30,2023-01-26,Pending,TSK_066_69
PRJ_066,MLS_0658,Milestone Completion of Task 79,2023-02-02,2023-02-07,Delayed,TSK_066_79
PRJ_066,MLS_0659,Milestone Completion of Task 89,2023-02-05,2023-02-01,Pending,TSK_066_89
PRJ_066,MLS_0660,Milestone Completion of Task 99,2023-02-08,2023-02-08,Pending,TSK_066_99
PRJ_067,MLS_0661,Milestone Completion of Task 9,2023-01-12,2023-01-12,Completed,TSK_067_09
PRJ_067,MLS_0662,Milestone Completion of Task 19,2023-01-15,2023-01-11,Completed,TSK_067_19
PRJ_067,MLS_0663,Milestone Completion of Task 29,2023-01-18,2023-02-02,Delayed,TSK_067_29
PRJ_067,MLS_0664,Milestone Completion of Task 39,2023-01-21,2023-02-05,Delayed,TSK_067_39
PRJ_067,MLS_0665,Milestone Completion of Task 49,2023-01-24,2023-01-20,Completed,TSK_067_49
PRJ_067,MLS_0666,Milestone Completion of Task 59,2023-01-27,2023-02-11,Delayed,TSK_067_59
PRJ_067,MLS_0667,Milestone Completion of Task 69,2023-01-30,2023-01-26,Pending,TSK_067_69
PRJ_067,MLS_0668,Milestone Completion of Task 79,2023-02-02,2023-02-17,Delayed,TSK_067_79
PRJ_067,MLS_0669,Milestone Completion of Task 89,2023-02-05,2023-02-01,Pending,TSK_067_89
PRJ_067,MLS_0670,Milestone Completion of Task 99,2023-02-08,2023-02-23,Delayed,TSK_067_99
PRJ_068,MLS_0671,Milestone Completion of Task 9,2023-01-12,2023-01-08,Completed,TSK_068_09
PRJ_068,MLS_0672,Milestone Completion of Task 19,2023-01-15,2023-01-30,Delayed,TSK_068_19
PRJ_068,MLS_0673,Milestone Completion of Task 29,2023-01-18,2023-02-02,Delayed,TSK_068_29
PRJ_068,MLS_0674,Milestone Completion of Task 39,2023-01-21,2023-02-05,Delayed,TSK_068_39
PRJ_068,MLS_0675,Milestone Completion of Task 49,2023-01-24,2023-01-20,Completed,TSK_068_49
PRJ_068,MLS_0676,Milestone Completion of Task 59,2023-01-27,2023-01-23,Pending,TSK_068_59
PRJ_068,MLS_0677,Milestone Completion of Task 69,2023-01-30,2023-01-26,Pending,TSK_068_69
PRJ_068,MLS_0678,Milestone Completion of Task 79,2023-02-02,2023-01-29,Pending,TSK_068_79
PRJ_068,MLS_0679,Milestone Completion of Task 89,2023-02-05,2023-02-01,Pending,TSK_068_89
PRJ_068,MLS_0680,Milestone Completion of Task 99,2023-02-08,2023-02-08,Pending,TSK_068_99
PRJ_069,MLS_0681,Milestone Completion of Task 9,2023-01-12,2023-01-27,Delayed,TSK_069_09
PRJ_069,MLS_0682,Milestone Completion of Task 19,2023-01-15,2023-01-24,Delayed,TSK_069_19
PRJ_069,MLS_0683,Milestone Completion of Task 29,2023-01-18,2023-02-02,Delayed,TSK_069_29
PRJ_069,MLS_0684,Milestone Completion of Task 39,2023-01-21,2023-02-05,Delayed,TSK_069_39
PRJ_069,MLS_0685,Milestone Completion of Task 49,2023-01-24,2023-01-20,Completed,TSK_069_49
PRJ_069,MLS_0686,Milestone Completion of Task 59,2023-01-27,2023-02-05,Delayed,TSK_069_59
PRJ_069,MLS_0687,Milestone Completion of Task 69,2023-01-30,2023-01-26,Pending,TSK_069_69
PRJ_069,MLS_0688,Milestone Completion of Task 79,2023-02-02,2023-02-17,Delayed,TSK_069_79
PRJ_069,MLS_0689,Milestone Completion of Task 89,2023-02-05,2023-02-01,Pending,TSK_069_89
PRJ_069,MLS_0690,Milestone Completion of Task 99,2023-02-08,2023-02-04,Pending,TSK_069_99
PRJ_070,MLS_0691,Milestone Completion of Task 9,2023-01-12,2023-01-08,Completed,TSK_070_09
PRJ_070,MLS_0692,Milestone Completion of Task 19,2023-01-15,2023-01-11,Completed,TSK_070_19
PRJ_070,MLS_0693,Milestone Completion of Task 29,2023-01-18,2023-01-18,Completed,TSK_070_29
PRJ_070,MLS_0694,Milestone Completion of Task 39,2023-01-21,2023-01-21,Completed,TSK_070_39
PRJ_070,MLS_0695,Milestone Completion of Task 49,2023-01-24,2023-02-03,Delayed,TSK_070_49
PRJ_070,MLS_0696,Milestone Completion of Task 59,2023-01-27,2023-01-23,Pending,TSK_070_59
PRJ_070,MLS_0697,Milestone Completion of Task 69,2023-01-30,2023-02-14,Delayed,TSK_070_69
PRJ_070,MLS_0698,Milestone Completion of Task 79,2023-02-02,2023-02-04,Delayed,TSK_070_79
PRJ_070,MLS_0699,Milestone Completion of Task 89,2023-02-05,2023-02-05,Pending,TSK_070_89
PRJ_070,MLS_0700,Milestone Completion of Task 99,2023-02-08,2023-02-04,Pending,TSK_070_99
PRJ_071,MLS_0701,Milestone Completion of Task 9,2023-01-12,2023-01-08,Completed,TSK_071_09
PRJ_071,MLS_0702,Milestone Completion of Task 19,2023-01-15,2023-01-30,Delayed,TSK_071_19
PRJ_071,MLS_0703,Milestone Completion of Task 29,2023-01-18,2023-01-14,Completed,TSK_071_29
PRJ_071,MLS_0704,Milestone Completion of Task 39,2023-01-21,2023-01-21,Completed,TSK_071_39
PRJ_071,MLS_0705,Milestone Completion of Task 49,2023-01-24,2023-01-20,Completed,TSK_071_49
PRJ_071,MLS_0706,Milestone Completion of Task 59,2023-01-27,2023-02-11,Delayed,TSK_071_59
PRJ_071,MLS_0707,Milestone Completion of Task 69,2023-01-30,2023-02-14,Delayed,TSK_071_69
PRJ_071,MLS_0708,Milestone Completion of Task 79,2023-02-02,2023-02-12,Delayed,TSK_071_79
PRJ_071,MLS_0709,Milestone Completion of Task 89,2023-02-05,2023-02-10,Delayed,TSK_071_89
PRJ_071,MLS_0710,Milestone Completion of Task 99,2023-02-08,2023-02-08,Pending,TSK_071_99
PRJ_072,MLS_0711,Milestone Completion of Task 9,2023-01-12,2023-01-15,Completed,TSK_072_09
PRJ_072,MLS_0712,Milestone Completion of Task 19,2023-01-15,2023-01-15,Completed,TSK_072_19
PRJ_072,MLS_0713,Milestone Completion of Task 29,2023-01-18,2023-01-15,Completed,TSK_072_29
PRJ_072,MLS_0714,Milestone Completion of Task 39,2023-01-21,2023-02-03,Delayed,TSK_072_39
PRJ_072,MLS_0715,Milestone Completion of Task 49,2023-01-24,2023-01-20,Completed,TSK_072_49
PRJ_072,MLS_0716,Milestone Completion of Task 59,2023-01-27,2023-01-27,Pending,TSK_072_59
PRJ_072,MLS_0717,Milestone Completion of Task 69,2023-01-30,2023-02-02,Delayed,TSK_072_69
PRJ_072,MLS_0718,Milestone Completion of Task 79,2023-02-02,2023-01-29,Pending,TSK_072_79
PRJ_072,MLS_0719,Milestone Completion of Task 89,2023-02-05,2023-02-02,Pending,TSK_072_89
PRJ_072,MLS_0720,Milestone Completion of Task 99,2023-02-08,2023-02-04,Pending,TSK_072_99
PRJ_073,MLS_0721,Milestone Completion of Task 9,2023-01-13,2023-01-15,Completed,TSK_073_09
PRJ_073,MLS_0722,Milestone Completion of Task 19,2023-01-16,2023-01-13,Completed,TSK_073_19
PRJ_073,MLS_0723,Milestone Completion of Task 29,2023-01-19,2023-01-28,Delayed,TSK_073_29
PRJ_073,MLS_0724,Milestone Completion of Task 39,2023-01-22,2023-01-23,Delayed,TSK_073_39
PRJ_073,MLS_0725,Milestone Completion of Task 49,2023-01-25,2023-01-29,Delayed,TSK_073_49
PRJ_073,MLS_0726,Milestone Completion of Task 59,2023-01-28,2023-02-04,Delayed,TSK_073_59
PRJ_073,MLS_0727,Milestone Completion of Task 69,2023-01-31,2023-01-31,Pending,TSK_073_69
PRJ_073,MLS_0728,Milestone Completion of Task 79,2023-02-03,2023-02-12,Delayed,TSK_073_79
PRJ_073,MLS_0729,Milestone Completion of Task 89,2023-02-06,2023-02-13,Delayed,TSK_073_89
PRJ_073,MLS_0730,Milestone Completion of Task 99,2023-02-09,2023-02-13,Delayed,TSK_073_99
PRJ_074,MLS_0731,Milestone Completion of Task 9,2023-01-13,2023-01-09,Completed,TSK_074_09
PRJ_074,MLS_0732,Milestone Completion of Task 19,2023-01-16,2023-01-31,Delayed,TSK_074_19
PRJ_074,MLS_0733,Milestone Completion of Task 29,2023-01-19,2023-01-17,Completed,TSK_074_29
PRJ_074,MLS_0734,Milestone Completion of Task 39,2023-01-22,2023-01-18,Completed,TSK_074_39
PRJ_074,MLS_0735,Milestone Completion of Task 49,2023-01-25,2023-02-06,Delayed,TSK_074_49
PRJ_074,MLS_0736,Milestone Completion of Task 59,2023-01-28,2023-01-24,Pending,TSK_074_59
PRJ_074,MLS_0737,Milestone Completion of Task 69,2023-01-31,2023-01-27,Pending,TSK_074_69
PRJ_074,MLS_0738,Milestone Completion of Task 79,2023-02-03,2023-02-03,Pending,TSK_074_79
PRJ_074,MLS_0739,Milestone Completion of Task 89,2023-02-06,2023-02-06,Pending,TSK_074_89
PRJ_074,MLS_0740,Milestone Completion of Task 99,2023-02-09,2023-02-05,Pending,TSK_074_99
PRJ_075,MLS_0741,Milestone Completion of Task 9,2023-01-13,2023-01-13,Completed,TSK_075_09
PRJ_075,MLS_0742,Milestone Completion of Task 19,2023-01-16,2023-01-14,Completed,TSK_075_19
PRJ_075,MLS_0743,Milestone Completion of Task 29,2023-01-19,2023-02-01,Delayed,TSK_075_29
PRJ_075,MLS_0744,Milestone Completion of Task 39,2023-01-22,2023-01-26,Delayed,TSK_075_39
PRJ_075,MLS_0745,Milestone Completion of Task 49,2023-01-25,2023-02-05,Delayed,TSK_075_49
PRJ_075,MLS_0746,Milestone Completion of Task 59,2023-01-28,2023-01-28,Pending,TSK_075_59
PRJ_075,MLS_0747,Milestone Completion of Task 69,2023-01-31,2023-01-27,Pending,TSK_075_69
PRJ_075,MLS_0748,Milestone Completion of Task 79,2023-02-03,2023-01-30,Pending,TSK_075_79
PRJ_075,MLS_0749,Milestone Completion of Task 89,2023-02-06,2023-02-02,Pending,TSK_075_89
PRJ_075,MLS_0750,Milestone Completion of Task 99,2023-02-09,2023-02-05,Pending,TSK_075_99
PRJ_076,MLS_0751,Milestone Completion of Task 9,2023-01-13,2023-01-20,Completed,TSK_076_09
PRJ_076,MLS_0752,Milestone Completion of Task 19,2023-01-16,2023-01-19,Completed,TSK_076_19
PRJ_076,MLS_0753,Milestone Completion of Task 29,2023-01-19,2023-01-21,Completed,TSK_076_29
PRJ_076,MLS_0754,Milestone Completion of Task 39,2023-01-22,2023-02-01,Delayed,TSK_076_39
PRJ_076,MLS_0755,Milestone Completion of Task 49,2023-01-25,2023-01-25,Pending,TSK_076_49
PRJ_076,MLS_0756,Milestone Completion of Task 59,2023-01-28,2023-01-26,Pending,TSK_076_59
PRJ_076,MLS_0757,Milestone Completion of Task 69,2023-01-31,2023-01-27,Pending,TSK_076_69
PRJ_076,MLS_0758,Milestone Completion of Task 79,2023-02-03,2023-02-08,Delayed,TSK_076_79
PRJ_076,MLS_0759,Milestone Completion of Task 89,2023-02-06,2023-02-16,Delayed,TSK_076_89
PRJ_076,MLS_0760,Milestone Completion of Task 99,2023-02-09,2023-02-20,Delayed,TSK_076_99
PRJ_077,MLS_0761,Milestone Completion of Task 9,2023-01-13,2023-01-09,Completed,TSK_077_09
PRJ_077,MLS_0762,Milestone Completion of Task 19,2023-01-16,2023-01-12,Completed,TSK_077_19
PRJ_077,MLS_0763,Milestone Completion of Task 29,2023-01-19,2023-02-03,Delayed,TSK_077_29
PRJ_077,MLS_0764,Milestone Completion of Task 39,2023-01-22,2023-01-22,Completed,TSK_077_39
PRJ_077,MLS_0765,Milestone Completion of Task 49,2023-01-25,2023-01-21,Completed,TSK_077_49
PRJ_077,MLS_0766,Milestone Completion of Task 59,2023-01-28,2023-01-24,Pending,TSK_077_59
PRJ_077,MLS_0767,Milestone Completion of Task 69,2023-01-31,2023-02-02,Delayed,TSK_077_69
PRJ_077,MLS_0768,Milestone Completion of Task 79,2023-02-03,2023-02-18,Delayed,TSK_077_79
PRJ_077,MLS_0769,Milestone Completion of Task 89,2023-02-06,2023-02-02,Pending,TSK_077_89
PRJ_077,MLS_0770,Milestone Completion of Task 99,2023-02-09,2023-02-24,Delayed,TSK_077_99
PRJ_078,MLS_0771,Milestone Completion of Task 9,2023-01-13,2023-01-18,Completed,TSK_078_09
PRJ_078,MLS_0772,Milestone Completion of Task 19,2023-01-16,2023-01-25,Delayed,TSK_078_19
PRJ_078,MLS_0773,Milestone Completion of Task 29,2023-01-19,2023-01-15,Completed,TSK_078_29
PRJ_078,MLS_0774,Milestone Completion of Task 39,2023-01-22,2023-01-22,Completed,TSK_078_39
PRJ_078,MLS_0775,Milestone Completion of Task 49,2023-01-25,2023-01-30,Delayed,TSK_078_49
PRJ_078,MLS_0776,Milestone Completion of Task 59,2023-01-28,2023-01-28,Pending,TSK_078_59
PRJ_078,MLS_0777,Milestone Completion of Task 69,2023-01-31,2023-02-05,Delayed,TSK_078_69
PRJ_078,MLS_0778,Milestone Completion of Task 79,2023-02-03,2023-01-30,Pending,TSK_078_79
PRJ_078,MLS_0779,Milestone Completion of Task 89,2023-02-06,2023-02-02,Pending,TSK_078_89
PRJ_078,MLS_0780,Milestone Completion of Task 99,2023-02-09,2023-02-09,Pending,TSK_078_99
PRJ_079,MLS_0781,Milestone Completion of Task 9,2023-01-13,2023-01-23,Delayed,TSK_079_09
PRJ_079,MLS_0782,Milestone Completion of Task 19,2023-01-16,2023-01-12,Completed,TSK_079_19
PRJ_079,MLS_0783,Milestone Completion of Task 29,2023-01-19,2023-01-29,Delayed,TSK_079_29
PRJ_079,MLS_0784,Milestone Completion of Task 39,2023-01-22,2023-01-18,Completed,TSK_079_39
PRJ_079,MLS_0785,Milestone Completion of Task 49,2023-01-25,2023-01-30,Delayed,TSK_079_49
PRJ_079,MLS_0786,Milestone Completion of Task 59,2023-01-28,2023-02-07,Delayed,TSK_079_59
PRJ_079,MLS_0787,Milestone Completion of Task 69,2023-01-31,2023-02-15,Delayed,TSK_079_69
PRJ_079,MLS_0788,Milestone Completion of Task 79,2023-02-03,2023-01-30,Pending,TSK_079_79
PRJ_079,MLS_0789,Milestone Completion of Task 89,2023-02-06,2023-02-08,Delayed,TSK_079_89
PRJ_079,MLS_0790,Milestone Completion of Task 99,2023-02-09,2023-02-05,Pending,TSK_079_99
PRJ_080,MLS_0791,Milestone Completion of Task 9,2023-01-13,2023-01-28,Delayed,TSK_080_09
PRJ_080,MLS_0792,Milestone Completion of Task 19,2023-01-16,2023-01-12,Completed,TSK_080_19
PRJ_080,MLS_0793,Milestone Completion of Task 29,2023-01-19,2023-01-19,Completed,TSK_080_29
PRJ_080,MLS_0794,Milestone Completion of Task 39,2023-01-22,2023-01-18,Completed,TSK_080_39
PRJ_080,MLS_0795,Milestone Completion of Task 49,2023-01-25,2023-02-09,Delayed,TSK_080_49
PRJ_080,MLS_0796,Milestone Completion of Task 59,2023-01-28,2023-02-12,Delayed,TSK_080_59
PRJ_080,MLS_0797,Milestone Completion of Task 69,2023-01-31,2023-02-02,Delayed,TSK_080_69
PRJ_080,MLS_0798,Milestone Completion of Task 79,2023-02-03,2023-02-18,Delayed,TSK_080_79
PRJ_080,MLS_0799,Milestone Completion of Task 89,2023-02-06,2023-02-11,Delayed,TSK_080_89
PRJ_080,MLS_0800,Milestone Completion of Task 99,2023-02-09,2023-02-05,Pending,TSK_080_99
PRJ_081,MLS_0801,Milestone Completion of Task 9,2023-01-13,2023-01-28,Delayed,TSK_081_09
PRJ_081,MLS_0802,Milestone Completion of Task 19,2023-01-16,2023-01-14,Completed,TSK_081_19
PRJ_081,MLS_0803,Milestone Completion of Task 29,2023-01-19,2023-01-24,Delayed,TSK_081_29
PRJ_081,MLS_0804,Milestone Completion of Task 39,2023-01-22,2023-01-18,Completed,TSK_081_39
PRJ_081,MLS_0805,Milestone Completion of Task 49,2023-01-25,2023-01-21,Completed,TSK_081_49
PRJ_081,MLS_0806,Milestone Completion of Task 59,2023-01-28,2023-02-12,Delayed,TSK_081_59
PRJ_081,MLS_0807,Milestone Completion of Task 69,2023-01-31,2023-01-27,Pending,TSK_081_69
PRJ_081,MLS_0808,Milestone Completion of Task 79,2023-02-03,2023-01-30,Pending,TSK_081_79
PRJ_081,MLS_0809,Milestone Completion of Task 89,2023-02-06,2023-02-02,Pending,TSK_081_89
PRJ_081,MLS_0810,Milestone Completion of Task 99,2023-02-09,2023-02-24,Delayed,TSK_081_99
PRJ_082,MLS_0811,Milestone Completion of Task 9,2023-01-13,2023-01-09,Completed,TSK_082_09
PRJ_082,MLS_0812,Milestone Completion of Task 19,2023-01-16,2023-01-12,Completed,TSK_082_19
PRJ_082,MLS_0813,Milestone Completion of Task 29,2023-01-19,2023-01-15,Completed,TSK_082_29
PRJ_082,MLS_0814,Milestone Completion of Task 39,2023-01-22,2023-01-22,Completed,TSK_082_39
PRJ_082,MLS_0815,Milestone Completion of Task 49,2023-01-25,2023-02-09,Delayed,TSK_082_49
PRJ_082,MLS_0816,Milestone Completion of Task 59,2023-01-28,2023-02-12,Delayed,TSK_082_59
PRJ_082,MLS_0817,Milestone Completion of Task 69,2023-01-31,2023-01-27,Pending,TSK_082_69
PRJ_082,MLS_0818,Milestone Completion of Task 79,2023-02-03,2023-02-10,Delayed,TSK_082_79
PRJ_082,MLS_0819,Milestone Completion of Task 89,2023-02-06,2023-02-21,Delayed,TSK_082_89
PRJ_082,MLS_0820,Milestone Completion of Task 99,2023-02-09,2023-02-05,Pending,TSK_082_99
PRJ_083,MLS_0821,Milestone Completion of Task 9,2023-01-13,2023-01-21,Completed,TSK_083_09
PRJ_083,MLS_0822,Milestone Completion of Task 19,2023-01-16,2023-01-12,Completed,TSK_083_19
PRJ_083,MLS_0823,Milestone Completion of Task 29,2023-01-19,2023-01-15,Completed,TSK_083_29
PRJ_083,MLS_0824,Milestone Completion of Task 39,2023-01-22,2023-02-04,Delayed,TSK_083_39
PRJ_083,MLS_0825,Milestone Completion of Task 49,2023-01-25,2023-01-21,Completed,TSK_083_49
PRJ_083,MLS_0826,Milestone Completion of Task 59,2023-01-28,2023-02-07,Delayed,TSK_083_59
PRJ_083,MLS_0827,Milestone Completion of Task 69,2023-01-31,2023-01-27,Pending,TSK_083_69
PRJ_083,MLS_0828,Milestone Completion of Task 79,2023-02-03,2023-02-16,Delayed,TSK_083_79
PRJ_083,MLS_0829,Milestone Completion of Task 89,2023-02-06,2023-02-02,Pending,TSK_083_89
PRJ_083,MLS_0830,Milestone Completion of Task 99,2023-02-09,2023-02-09,Pending,TSK_083_99
PRJ_084,MLS_0831,Milestone Completion of Task 9,2023-01-13,2023-01-09,Completed,TSK_084_09
PRJ_084,MLS_0832,Milestone Completion of Task 19,2023-01-16,2023-01-16,Completed,TSK_084_19
PRJ_084,MLS_0833,Milestone Completion of Task 29,2023-01-19,2023-01-21,Completed,TSK_084_29
PRJ_084,MLS_0834,Milestone Completion of Task 39,2023-01-22,2023-01-29,Delayed,TSK_084_39
PRJ_084,MLS_0835,Milestone Completion of Task 49,2023-01-25,2023-02-06,Delayed,TSK_084_49
PRJ_084,MLS_0836,Milestone Completion of Task 59,2023-01-28,2023-01-24,Pending,TSK_084_59
PRJ_084,MLS_0837,Milestone Completion of Task 69,2023-01-31,2023-02-05,Delayed,TSK_084_69
PRJ_084,MLS_0838,Milestone Completion of Task 79,2023-02-03,2023-02-15,Delayed,TSK_084_79
PRJ_084,MLS_0839,Milestone Completion of Task 89,2023-02-06,2023-02-17,Delayed,TSK_084_89
PRJ_084,MLS_0840,Milestone Completion of Task 99,2023-02-09,2023-02-14,Delayed,TSK_084_99
PRJ_085,MLS_0841,Milestone Completion of Task 9,2023-01-13,2023-01-28,Delayed,TSK_085_09
PRJ_085,MLS_0842,Milestone Completion of Task 19,2023-01-16,2023-01-31,Delayed,TSK_085_19
PRJ_085,MLS_0843,Milestone Completion of Task 29,2023-01-19,2023-01-15,Completed,TSK_085_29
PRJ_085,MLS_0844,Milestone Completion of Task 39,2023-01-22,2023-01-18,Completed,TSK_085_39
PRJ_085,MLS_0845,Milestone Completion of Task 49,2023-01-25,2023-01-21,Completed,TSK_085_49
PRJ_085,MLS_0846,Milestone Completion of Task 59,2023-01-28,2023-01-24,Pending,TSK_085_59
PRJ_085,MLS_0847,Milestone Completion of Task 69,2023-01-31,2023-01-27,Pending,TSK_085_69
PRJ_085,MLS_0848,Milestone Completion of Task 79,2023-02-03,2023-02-08,Delayed,TSK_085_79
PRJ_085,MLS_0849,Milestone Completion of Task 89,2023-02-06,2023-02-08,Delayed,TSK_085_89
PRJ_085,MLS_0850,Milestone Completion of Task 99,2023-02-09,2023-02-05,Pending,TSK_085_99
PRJ_086,MLS_0851,Milestone Completion of Task 9,2023-01-13,2023-01-09,Completed,TSK_086_09
PRJ_086,MLS_0852,Milestone Completion of Task 19,2023-01-16,2023-01-26,Delayed,TSK_086_19
PRJ_086,MLS_0853,Milestone Completion of Task 29,2023-01-19,2023-02-03,Delayed,TSK_086_29
PRJ_086,MLS_0854,Milestone Completion of Task 39,2023-01-22,2023-01-18,Completed,TSK_086_39
PRJ_086,MLS_0855,Milestone Completion of Task 49,2023-01-25,2023-01-21,Completed,TSK_086_49
PRJ_086,MLS_0856,Milestone Completion of Task 59,2023-01-28,2023-01-24,Pending,TSK_086_59
PRJ_086,MLS_0857,Milestone Completion of Task 69,2023-01-31,2023-01-27,Pending,TSK_086_69
PRJ_086,MLS_0858,Milestone Completion of Task 79,2023-02-03,2023-02-13,Delayed,TSK_086_79
PRJ_086,MLS_0859,Milestone Completion of Task 89,2023-02-06,2023-02-21,Delayed,TSK_086_89
PRJ_086,MLS_0860,Milestone Completion of Task 99,2023-02-09,2023-02-11,Delayed,TSK_086_99
PRJ_087,MLS_0861,Milestone Completion of Task 9,2023-01-13,2023-01-09,Completed,TSK_087_09
PRJ_087,MLS_0862,Milestone Completion of Task 19,2023-01-16,2023-01-12,Completed,TSK_087_19
PRJ_087,MLS_0863,Milestone Completion of Task 29,2023-01-19,2023-02-03,Delayed,TSK_087_29
PRJ_087,MLS_0864,Milestone Completion of Task 39,2023-01-22,2023-01-22,Completed,TSK_087_39
PRJ_087,MLS_0865,Milestone Completion of Task 49,2023-01-25,2023-01-21,Completed,TSK_087_49
PRJ_087,MLS_0866,Milestone Completion of Task 59,2023-01-28,2023-02-12,Delayed,TSK_087_59
PRJ_087,MLS_0867,Milestone Completion of Task 69,2023-01-31,2023-01-27,Pending,TSK_087_69
PRJ_087,MLS_0868,Milestone Completion of Task 79,2023-02-03,2023-02-18,Delayed,TSK_087_79
PRJ_087,MLS_0869,Milestone Completion of Task 89,2023-02-06,2023-02-02,Pending,TSK_087_89
PRJ_087,MLS_0870,Milestone Completion of Task 99,2023-02-09,2023-02-24,Delayed,TSK_087_99
PRJ_088,MLS_0871,Milestone Completion of Task 9,2023-01-14,2023-01-26,Delayed,TSK_088_09
PRJ_088,MLS_0872,Milestone Completion of Task 19,2023-01-17,2023-01-13,Completed,TSK_088_19
PRJ_088,MLS_0873,Milestone Completion of Task 29,2023-01-20,2023-02-01,Delayed,TSK_088_29
PRJ_088,MLS_0874,Milestone Completion of Task 39,2023-01-23,2023-01-19,Completed,TSK_088_39
PRJ_088,MLS_0875,Milestone Completion of Task 49,2023-01-26,2023-01-22,Completed,TSK_088_49
PRJ_088,MLS_0876,Milestone Completion of Task 59,2023-01-29,2023-02-03,Delayed,TSK_088_59
PRJ_088,MLS_0877,Milestone Completion of Task 69,2023-02-01,2023-02-16,Delayed,TSK_088_69
PRJ_088,MLS_0878,Milestone Completion of Task 79,2023-02-04,2023-02-02,Pending,TSK_088_79
PRJ_088,MLS_0879,Milestone Completion of Task 89,2023-02-07,2023-02-12,Delayed,TSK_088_89
PRJ_088,MLS_0880,Milestone Completion of Task 99,2023-02-10,2023-02-06,Pending,TSK_088_99
PRJ_089,MLS_0881,Milestone Completion of Task 9,2023-01-14,2023-01-29,Delayed,TSK_089_09
PRJ_089,MLS_0882,Milestone Completion of Task 19,2023-01-17,2023-01-13,Completed,TSK_089_19
PRJ_089,MLS_0883,Milestone Completion of Task 29,2023-01-20,2023-02-04,Delayed,TSK_089_29
PRJ_089,MLS_0884,Milestone Completion of Task 39,2023-01-23,2023-01-30,Delayed,TSK_089_39
PRJ_089,MLS_0885,Milestone Completion of Task 49,2023-01-26,2023-02-10,Delayed,TSK_089_49
PRJ_089,MLS_0886,Milestone Completion of Task 59,2023-01-29,2023-02-05,Delayed,TSK_089_59
PRJ_089,MLS_0887,Milestone Completion of Task 69,2023-02-01,2023-01-28,Pending,TSK_089_69
PRJ_089,MLS_0888,Milestone Completion of Task 79,2023-02-04,2023-01-31,Pending,TSK_089_79
PRJ_089,MLS_0889,Milestone Completion of Task 89,2023-02-07,2023-02-22,Delayed,TSK_089_89
PRJ_089,MLS_0890,Milestone Completion of Task 99,2023-02-10,2023-02-06,Pending,TSK_089_99
PRJ_090,MLS_0891,Milestone Completion of Task 9,2023-01-14,2023-01-10,Completed,TSK_090_09
PRJ_090,MLS_0892,Milestone Completion of Task 19,2023-01-17,2023-02-01,Delayed,TSK_090_19
PRJ_090,MLS_0893,Milestone Completion of Task 29,2023-01-20,2023-01-16,Completed,TSK_090_29
PRJ_090,MLS_0894,Milestone Completion of Task 39,2023-01-23,2023-01-23,Pending,TSK_090_39
PRJ_090,MLS_0895,Milestone Completion of Task 49,2023-01-26,2023-01-22,Completed,TSK_090_49
PRJ_090,MLS_0896,Milestone Completion of Task 59,2023-01-29,2023-02-13,Delayed,TSK_090_59
PRJ_090,MLS_0897,Milestone Completion of Task 69,2023-02-01,2023-02-08,Delayed,TSK_090_69
PRJ_090,MLS_0898,Milestone Completion of Task 79,2023-02-04,2023-02-19,Delayed,TSK_090_79
PRJ_090,MLS_0899,Milestone Completion of Task 89,2023-02-07,2023-02-03,Pending,TSK_090_89
PRJ_090,MLS_0900,Milestone Completion of Task 99,2023-02-10,2023-02-06,Pending,TSK_090_99
PRJ_091,MLS_0901,Milestone Completion of Task 9,2023-01-14,2023-01-10,Completed,TSK_091_09
PRJ_091,MLS_0902,Milestone Completion of Task 19,2023-01-17,2023-01-15,Completed,TSK_091_19
PRJ_091,MLS_0903,Milestone Completion of Task 29,2023-01-20,2023-01-16,Completed,TSK_091_29
PRJ_091,MLS_0904,Milestone Completion of Task 39,2023-01-23,2023-01-25,Delayed,TSK_091_39
PRJ_091,MLS_0905,Milestone Completion of Task 49,2023-01-26,2023-01-22,Completed,TSK_091_49
PRJ_091,MLS_0906,Milestone Completion of Task 59,2023-01-29,2023-02-13,Delayed,TSK_091_59
PRJ_091,MLS_0907,Milestone Completion of Task 69,2023-02-01,2023-02-08,Delayed,TSK_091_69
PRJ_091,MLS_0908,Milestone Completion of Task 79,2023-02-04,2023-02-06,Delayed,TSK_091_79
PRJ_091,MLS_0909,Milestone Completion of Task 89,2023-02-07,2023-02-03,Pending,TSK_091_89
PRJ_091,MLS_0910,Milestone Completion of Task 99,2023-02-10,2023-02-25,Delayed,TSK_091_99
PRJ_092,MLS_0911,Milestone Completion of Task 9,2023-01-14,2023-01-24,Delayed,TSK_092_09
PRJ_092,MLS_0912,Milestone Completion of Task 19,2023-01-17,2023-01-13,Completed,TSK_092_19
PRJ_092,MLS_0913,Milestone Completion of Task 29,2023-01-20,2023-01-25,Delayed,TSK_092_29
PRJ_092,MLS_0914,Milestone Completion of Task 39,2023-01-23,2023-01-23,Pending,TSK_092_39
PRJ_092,MLS_0915,Milestone Completion of Task 49,2023-01-26,2023-02-08,Delayed,TSK_092_49
PRJ_092,MLS_0916,Milestone Completion of Task 59,2023-01-29,2023-02-13,Delayed,TSK_092_59
PRJ_092,MLS_0917,Milestone Completion of Task 69,2023-02-01,2023-02-01,Pending,TSK_092_69
PRJ_092,MLS_0918,Milestone Completion of Task 79,2023-02-04,2023-02-19,Delayed,TSK_092_79
PRJ_092,MLS_0919,Milestone Completion of Task 89,2023-02-07,2023-02-22,Delayed,TSK_092_89
PRJ_092,MLS_0920,Milestone Completion of Task 99,2023-02-10,2023-02-08,Pending,TSK_092_99
PRJ_093,MLS_0921,Milestone Completion of Task 9,2023-01-14,2023-01-10,Completed,TSK_093_09
PRJ_093,MLS_0922,Milestone Completion of Task 19,2023-01-17,2023-02-01,Delayed,TSK_093_19
PRJ_093,MLS_0923,Milestone Completion of Task 29,2023-01-20,2023-01-30,Delayed,TSK_093_29
PRJ_093,MLS_0924,Milestone Completion of Task 39,2023-01-23,2023-01-23,Pending,TSK_093_39
PRJ_093,MLS_0925,Milestone Completion of Task 49,2023-01-26,2023-02-02,Delayed,TSK_093_49
PRJ_093,MLS_0926,Milestone Completion of Task 59,2023-01-29,2023-01-31,Delayed,TSK_093_59
PRJ_093,MLS_0927,Milestone Completion of Task 69,2023-02-01,2023-02-16,Delayed,TSK_093_69
PRJ_093,MLS_0928,Milestone Completion of Task 79,2023-02-04,2023-02-14,Delayed,TSK_093_79
PRJ_093,MLS_0929,Milestone Completion of Task 89,2023-02-07,2023-02-22,Delayed,TSK_093_89
PRJ_093,MLS_0930,Milestone Completion of Task 99,2023-02-10,2023-02-06,Pending,TSK_093_99
PRJ_094,MLS_0931,Milestone Completion of Task 9,2023-01-14,2023-01-10,Completed,TSK_094_09
PRJ_094,MLS_0932,Milestone Completion of Task 19,2023-01-17,2023-02-01,Delayed,TSK_094_19
PRJ_094,MLS_0933,Milestone Completion of Task 29,2023-01-20,2023-02-04,Delayed,TSK_094_29
PRJ_094,MLS_0934,Milestone Completion of Task 39,2023-01-23,2023-02-01,Delayed,TSK_094_39
PRJ_094,MLS_0935,Milestone Completion of Task 49,2023-01-26,2023-02-10,Delayed,TSK_094_49
PRJ_094,MLS_0936,Milestone Completion of Task 59,2023-01-29,2023-02-13,Delayed,TSK_094_59
PRJ_094,MLS_0937,Milestone Completion of Task 69,2023-02-01,2023-02-01,Pending,TSK_094_69
PRJ_094,MLS_0938,Milestone Completion of Task 79,2023-02-04,2023-02-04,Pending,TSK_094_79
PRJ_094,MLS_0939,Milestone Completion of Task 89,2023-02-07,2023-02-22,Delayed,TSK_094_89
PRJ_094,MLS_0940,Milestone Completion of Task 99,2023-02-10,2023-02-06,Pending,TSK_094_99
PRJ_095,MLS_0941,Milestone Completion of Task 9,2023-01-14,2023-01-10,Completed,TSK_095_09
PRJ_095,MLS_0942,Milestone Completion of Task 19,2023-01-17,2023-02-01,Delayed,TSK_095_19
PRJ_095,MLS_0943,Milestone Completion of Task 29,2023-01-20,2023-02-04,Delayed,TSK_095_29
PRJ_095,MLS_0944,Milestone Completion of Task 39,2023-01-23,2023-02-07,Delayed,TSK_095_39
PRJ_095,MLS_0945,Milestone Completion of Task 49,2023-01-26,2023-02-10,Delayed,TSK_095_49
PRJ_095,MLS_0946,Milestone Completion of Task 59,2023-01-29,2023-01-29,Pending,TSK_095_59
PRJ_095,MLS_0947,Milestone Completion of Task 69,2023-02-01,2023-02-16,Delayed,TSK_095_69
PRJ_095,MLS_0948,Milestone Completion of Task 79,2023-02-04,2023-02-19,Delayed,TSK_095_79
PRJ_095,MLS_0949,Milestone Completion of Task 89,2023-02-07,2023-02-03,Pending,TSK_095_89
PRJ_095,MLS_0950,Milestone Completion of Task 99,2023-02-10,2023-02-06,Pending,TSK_095_99
PRJ_096,MLS_0951,Milestone Completion of Task 9,2023-01-14,2023-01-22,Completed,TSK_096_09
PRJ_096,MLS_0952,Milestone Completion of Task 19,2023-01-17,2023-01-13,Completed,TSK_096_19
PRJ_096,MLS_0953,Milestone Completion of Task 29,2023-01-20,2023-01-16,Completed,TSK_096_29
PRJ_096,MLS_0954,Milestone Completion of Task 39,2023-01-23,2023-01-19,Completed,TSK_096_39
PRJ_096,MLS_0955,Milestone Completion of Task 49,2023-01-26,2023-01-26,Pending,TSK_096_49
PRJ_096,MLS_0956,Milestone Completion of Task 59,2023-01-29,2023-01-29,Pending,TSK_096_59
PRJ_096,MLS_0957,Milestone Completion of Task 69,2023-02-01,2023-02-16,Delayed,TSK_096_69
PRJ_096,MLS_0958,Milestone Completion of Task 79,2023-02-04,2023-02-19,Delayed,TSK_096_79
PRJ_096,MLS_0959,Milestone Completion of Task 89,2023-02-07,2023-02-11,Delayed,TSK_096_89
PRJ_096,MLS_0960,Milestone Completion of Task 99,2023-02-10,2023-02-06,Pending,TSK_096_99
PRJ_097,MLS_0961,Milestone Completion of Task 9,2023-01-14,2023-01-28,Delayed,TSK_097_09
PRJ_097,MLS_0962,Milestone Completion of Task 19,2023-01-17,2023-01-13,Completed,TSK_097_19
PRJ_097,MLS_0963,Milestone Completion of Task 29,2023-01-20,2023-02-01,Delayed,TSK_097_29
PRJ_097,MLS_0964,Milestone Completion of Task 39,2023-01-23,2023-02-02,Delayed,TSK_097_39
PRJ_097,MLS_0965,Milestone Completion of Task 49,2023-01-26,2023-01-26,Pending,TSK_097_49
PRJ_097,MLS_0966,Milestone Completion of Task 59,2023-01-29,2023-02-13,Delayed,TSK_097_59
PRJ_097,MLS_0967,Milestone Completion of Task 69,2023-02-01,2023-02-07,Delayed,TSK_097_69
PRJ_097,MLS_0968,Milestone Completion of Task 79,2023-02-04,2023-01-31,Pending,TSK_097_79
PRJ_097,MLS_0969,Milestone Completion of Task 89,2023-02-07,2023-02-13,Delayed,TSK_097_89
PRJ_097,MLS_0970,Milestone Completion of Task 99,2023-02-10,2023-02-20,Delayed,TSK_097_99
PRJ_098,MLS_0971,Milestone Completion of Task 9,2023-01-14,2023-01-29,Delayed,TSK_098_09
PRJ_098,MLS_0972,Milestone Completion of Task 19,2023-01-17,2023-01-13,Completed,TSK_098_19
PRJ_098,MLS_0973,Milestone Completion of Task 29,2023-01-20,2023-02-04,Delayed,TSK_098_29
PRJ_098,MLS_0974,Milestone Completion of Task 39,2023-01-23,2023-02-07,Delayed,TSK_098_39
PRJ_098,MLS_0975,Milestone Completion of Task 49,2023-01-26,2023-01-22,Completed,TSK_098_49
PRJ_098,MLS_0976,Milestone Completion of Task 59,2023-01-29,2023-01-25,Pending,TSK_098_59
PRJ_098,MLS_0977,Milestone Completion of Task 69,2023-02-01,2023-02-16,Delayed,TSK_098_69
PRJ_098,MLS_0978,Milestone Completion of Task 79,2023-02-04,2023-01-31,Pending,TSK_098_79
PRJ_098,MLS_0979,Milestone Completion of Task 89,2023-02-07,2023-02-03,Pending,TSK_098_89
PRJ_098,MLS_0980,Milestone Completion of Task 99,2023-02-10,2023-02-10,Pending,TSK_098_99
PRJ_099,MLS_0981,Milestone Completion of Task 9,2023-01-14,2023-01-10,Completed,TSK_099_09
PRJ_099,MLS_0982,Milestone Completion of Task 19,2023-01-17,2023-01-22,Completed,TSK_099_19
PRJ_099,MLS_0983,Milestone Completion of Task 29,2023-01-20,2023-01-16,Completed,TSK_099_29
PRJ_099,MLS_0984,Milestone Completion of Task 39,2023-01-23,2023-01-19,Completed,TSK_099_39
PRJ_099,MLS_0985,Milestone Completion of Task 49,2023-01-26,2023-01-28,Delayed,TSK_099_49
PRJ_099,MLS_0986,Milestone Completion of Task 59,2023-01-29,2023-02-08,Delayed,TSK_099_59
PRJ_099,MLS_0987,Milestone Completion of Task 69,2023-02-01,2023-01-28,Pending,TSK_099_69
PRJ_099,MLS_0988,Milestone Completion of Task 79,2023-02-04,2023-01-31,Pending,TSK_099_79
PRJ_099,MLS_0989,Milestone Completion of Task 89,2023-02-07,2023-02-19,Delayed,TSK_099_89
PRJ_099,MLS_0990,Milestone Completion of Task 99,2023-02-10,2023-02-06,Pending,TSK_099_99
PRJ_100,MLS_0991,Milestone Completion of Task 9,2023-01-14,2023-01-27,Delayed,TSK_100_09
PRJ_100,MLS_0992,Milestone Completion of Task 19,2023-01-17,2023-02-01,Delayed,TSK_100_19
PRJ_100,MLS_0993,Milestone Completion of Task 29,2023-01-20,2023-01-30,Delayed,TSK_100_29
PRJ_100,MLS_0994,Milestone Completion of Task 39,2023-01-23,2023-01-23,Pending,TSK_100_39
PRJ_100,MLS_0995,Milestone Completion of Task 49,2023-01-26,2023-01-22,Completed,TSK_100_49
PRJ_100,MLS_0996,Milestone Completion of Task 59,2023-01-29,2023-01-25,Pending,TSK_100_59
PRJ_100,MLS_0997,Milestone Completion of Task 69,2023-02-01,2023-01-28,Pending,TSK_100_69
PRJ_100,MLS_0998,Milestone Completion of Task 79,2023-02-04,2023-02-04,Pending,TSK_100_79
PRJ_100,MLS_0999,Milestone Completion of Task 89,2023-02-07,2023-02-03,Pending,TSK_100_89
PRJ_100,MLS_1000,Milestone Completion of Task 99,2023-02-10,2023-02-16,Delayed,TSK_100_99
PRJ_101,MLS_1001,Milestone Completion of Task 9,2023-01-14,2023-01-29,Delayed,TSK_101_09
PRJ_101,MLS_1002,Milestone Completion of Task 19,2023-01-17,2023-01-13,Completed,TSK_101_19
PRJ_101,MLS_1003,Milestone Completion of Task 29,2023-01-20,2023-01-16,Completed,TSK_101_29
PRJ_101,MLS_1004,Milestone Completion of Task 39,2023-01-23,2023-01-23,Pending,TSK_101_39
PRJ_101,MLS_1005,Milestone Completion of Task 49,2023-01-26,2023-02-10,Delayed,TSK_101_49
PRJ_101,MLS_1006,Milestone Completion of Task 59,2023-01-29,2023-02-13,Delayed,TSK_101_59
PRJ_101,MLS_1007,Milestone Completion of Task 69,2023-02-01,2023-02-16,Delayed,TSK_101_69
PRJ_101,MLS_1008,Milestone Completion of Task 79,2023-02-04,2023-02-14,Delayed,TSK_101_79
PRJ_101,MLS_1009,Milestone Completion of Task 89,2023-02-07,2023-02-22,Delayed,TSK_101_89
PRJ_101,MLS_1010,Milestone Completion of Task 99,2023-02-10,2023-02-06,Pending,TSK_101_99
PRJ_102,MLS_1011,Milestone Completion of Task 9,2023-01-15,2023-01-11,Completed,TSK_102_09
PRJ_102,MLS_1012,Milestone Completion of Task 19,2023-01-18,2023-01-15,Completed,TSK_102_19
PRJ_102,MLS_1013,Milestone Completion of Task 29,2023-01-21,2023-01-17,Completed,TSK_102_29
PRJ_102,MLS_1014,Milestone Completion of Task 39,2023-01-24,2023-01-25,Delayed,TSK_102_39
PRJ_102,MLS_1015,Milestone Completion of Task 49,2023-01-27,2023-01-23,Pending,TSK_102_49
PRJ_102,MLS_1016,Milestone Completion of Task 59,2023-01-30,2023-01-30,Pending,TSK_102_59
PRJ_102,MLS_1017,Milestone Completion of Task 69,2023-02-02,2023-01-29,Pending,TSK_102_69
PRJ_102,MLS_1018,Milestone Completion of Task 79,2023-02-05,2023-02-03,Pending,TSK_102_79
PRJ_102,MLS_1019,Milestone Completion of Task 89,2023-02-08,2023-02-19,Delayed,TSK_102_89
PRJ_102,MLS_1020,Milestone Completion of Task 99,2023-02-11,2023-02-14,Delayed,TSK_102_99
PRJ_103,MLS_1021,Milestone Completion of Task 9,2023-01-15,2023-01-11,Completed,TSK_103_09
PRJ_103,MLS_1022,Milestone Completion of Task 19,2023-01-18,2023-01-14,Completed,TSK_103_19
PRJ_103,MLS_1023,Milestone Completion of Task 29,2023-01-21,2023-01-17,Completed,TSK_103_29
PRJ_103,MLS_1024,Milestone Completion of Task 39,2023-01-24,2023-01-20,Completed,TSK_103_39
PRJ_103,MLS_1025,Milestone Completion of Task 49,2023-01-27,2023-01-23,Pending,TSK_103_49
PRJ_103,MLS_1026,Milestone Completion of Task 59,2023-01-30,2023-02-03,Delayed,TSK_103_59
PRJ_103,MLS_1027,Milestone Completion of Task 69,2023-02-02,2023-01-29,Pending,TSK_103_69
PRJ_103,MLS_1028,Milestone Completion of Task 79,2023-02-05,2023-02-05,Pending,TSK_103_79
PRJ_103,MLS_1029,Milestone Completion of Task 89,2023-02-08,2023-02-08,Pending,TSK_103_89
PRJ_103,MLS_1030,Milestone Completion of Task 99,2023-02-11,2023-02-07,Pending,TSK_103_99
PRJ_104,MLS_1031,Milestone Completion of Task 9,2023-01-15,2023-01-11,Completed,TSK_104_09
PRJ_104,MLS_1032,Milestone Completion of Task 19,2023-01-18,2023-01-27,Delayed,TSK_104_19
PRJ_104,MLS_1033,Milestone Completion of Task 29,2023-01-21,2023-01-17,Completed,TSK_104_29
PRJ_104,MLS_1034,Milestone Completion of Task 39,2023-01-24,2023-01-20,Completed,TSK_104_39
PRJ_104,MLS_1035,Milestone Completion of Task 49,2023-01-27,2023-01-23,Pending,TSK_104_49
PRJ_104,MLS_1036,Milestone Completion of Task 59,2023-01-30,2023-02-12,Delayed,TSK_104_59
PRJ_104,MLS_1037,Milestone Completion of Task 69,2023-02-02,2023-01-29,Pending,TSK_104_69
PRJ_104,MLS_1038,Milestone Completion of Task 79,2023-02-05,2023-02-09,Delayed,TSK_104_79
PRJ_104,MLS_1039,Milestone Completion of Task 89,2023-02-08,2023-02-12,Delayed,TSK_104_89
PRJ_104,MLS_1040,Milestone Completion of Task 99,2023-02-11,2023-02-07,Pending,TSK_104_99
PRJ_105,MLS_1041,Milestone Completion of Task 9,2023-01-15,2023-01-27,Delayed,TSK_105_09
PRJ_105,MLS_1042,Milestone Completion of Task 19,2023-01-18,2023-01-18,Completed,TSK_105_19
PRJ_105,MLS_1043,Milestone Completion of Task 29,2023-01-21,2023-01-29,Delayed,TSK_105_29
PRJ_105,MLS_1044,Milestone Completion of Task 39,2023-01-24,2023-02-07,Delayed,TSK_105_39
PRJ_105,MLS_1045,Milestone Completion of Task 49,2023-01-27,2023-01-23,Pending,TSK_105_49
PRJ_105,MLS_1046,Milestone Completion of Task 59,2023-01-30,2023-02-09,Delayed,TSK_105_59
PRJ_105,MLS_1047,Milestone Completion of Task 69,2023-02-02,2023-02-16,Delayed,TSK_105_69
PRJ_105,MLS_1048,Milestone Completion of Task 79,2023-02-05,2023-02-01,Pending,TSK_105_79
PRJ_105,MLS_1049,Milestone Completion of Task 89,2023-02-08,2023-02-06,Pending,TSK_105_89
PRJ_105,MLS_1050,Milestone Completion of Task 99,2023-02-11,2023-02-07,Pending,TSK_105_99
PRJ_106,MLS_1051,Milestone Completion of Task 9,2023-01-15,2023-01-15,Completed,TSK_106_09
PRJ_106,MLS_1052,Milestone Completion of Task 19,2023-01-18,2023-01-18,Completed,TSK_106_19
PRJ_106,MLS_1053,Milestone Completion of Task 29,2023-01-21,2023-01-20,Completed,TSK_106_29
PRJ_106,MLS_1054,Milestone Completion of Task 39,2023-01-24,2023-02-04,Delayed,TSK_106_39
PRJ_106,MLS_1055,Milestone Completion of Task 49,2023-01-27,2023-01-23,Pending,TSK_106_49
PRJ_106,MLS_1056,Milestone Completion of Task 59,2023-01-30,2023-01-26,Pending,TSK_106_59
PRJ_106,MLS_1057,Milestone Completion of Task 69,2023-02-02,2023-02-02,Pending,TSK_106_69
PRJ_106,MLS_1058,Milestone Completion of Task 79,2023-02-05,2023-02-12,Delayed,TSK_106_79
PRJ_106,MLS_1059,Milestone Completion of Task 89,2023-02-08,2023-02-23,Delayed,TSK_106_89
PRJ_106,MLS_1060,Milestone Completion of Task 99,2023-02-11,2023-02-20,Delayed,TSK_106_99
PRJ_107,MLS_1061,Milestone Completion of Task 9,2023-01-15,2023-01-11,Completed,TSK_107_09
PRJ_107,MLS_1062,Milestone Completion of Task 19,2023-01-18,2023-01-30,Delayed,TSK_107_19
PRJ_107,MLS_1063,Milestone Completion of Task 29,2023-01-21,2023-01-26,Delayed,TSK_107_29
PRJ_107,MLS_1064,Milestone Completion of Task 39,2023-01-24,2023-01-20,Completed,TSK_107_39
PRJ_107,MLS_1065,Milestone Completion of Task 49,2023-01-27,2023-02-01,Delayed,TSK_107_49
PRJ_107,MLS_1066,Milestone Completion of Task 59,2023-01-30,2023-01-26,Pending,TSK_107_59
PRJ_107,MLS_1067,Milestone Completion of Task 69,2023-02-02,2023-02-14,Delayed,TSK_107_69
PRJ_107,MLS_1068,Milestone Completion of Task 79,2023-02-05,2023-02-05,Pending,TSK_107_79
PRJ_107,MLS_1069,Milestone Completion of Task 89,2023-02-08,2023-02-04,Pending,TSK_107_89
PRJ_107,MLS_1070,Milestone Completion of Task 99,2023-02-11,2023-02-07,Pending,TSK_107_99
PRJ_108,MLS_1071,Milestone Completion of Task 9,2023-01-15,2023-01-30,Delayed,TSK_108_09
PRJ_108,MLS_1072,Milestone Completion of Task 19,2023-01-18,2023-01-14,Completed,TSK_108_19
PRJ_108,MLS_1073,Milestone Completion of Task 29,2023-01-21,2023-02-05,Delayed,TSK_108_29
PRJ_108,MLS_1074,Milestone Completion of Task 39,2023-01-24,2023-02-08,Delayed,TSK_108_39
PRJ_108,MLS_1075,Milestone Completion of Task 49,2023-01-27,2023-02-11,Delayed,TSK_108_49
PRJ_108,MLS_1076,Milestone Completion of Task 59,2023-01-30,2023-02-14,Delayed,TSK_108_59
PRJ_108,MLS_1077,Milestone Completion of Task 69,2023-02-02,2023-02-02,Pending,TSK_108_69
PRJ_108,MLS_1078,Milestone Completion of Task 79,2023-02-05,2023-02-01,Pending,TSK_108_79
PRJ_108,MLS_1079,Milestone Completion of Task 89,2023-02-08,2023-02-23,Delayed,TSK_108_89
PRJ_108,MLS_1080,Milestone Completion of Task 99,2023-02-11,2023-02-07,Pending,TSK_108_99
PRJ_109,MLS_1081,Milestone Completion of Task 9,2023-01-15,2023-01-11,Completed,TSK_109_09
PRJ_109,MLS_1082,Milestone Completion of Task 19,2023-01-18,2023-02-02,Delayed,TSK_109_19
PRJ_109,MLS_1083,Milestone Completion of Task 29,2023-01-21,2023-01-17,Completed,TSK_109_29
PRJ_109,MLS_1084,Milestone Completion of Task 39,2023-01-24,2023-01-20,Completed,TSK_109_39
PRJ_109,MLS_1085,Milestone Completion of Task 49,2023-01-27,2023-01-23,Pending,TSK_109_49
PRJ_109,MLS_1086,Milestone Completion of Task 59,2023-01-30,2023-01-26,Pending,TSK_109_59
PRJ_109,MLS_1087,Milestone Completion of Task 69,2023-02-02,2023-01-29,Pending,TSK_109_69
PRJ_109,MLS_1088,Milestone Completion of Task 79,2023-02-05,2023-02-10,Delayed,TSK_109_79
PRJ_109,MLS_1089,Milestone Completion of Task 89,2023-02-08,2023-02-13,Delayed,TSK_109_89
PRJ_109,MLS_1090,Milestone Completion of Task 99,2023-02-11,2023-02-26,Delayed,TSK_109_99
PRJ_110,MLS_1091,Milestone Completion of Task 9,2023-01-15,2023-01-15,Completed,TSK_110_09
PRJ_110,MLS_1092,Milestone Completion of Task 19,2023-01-18,2023-01-14,Completed,TSK_110_19
PRJ_110,MLS_1093,Milestone Completion of Task 29,2023-01-21,2023-01-21,Completed,TSK_110_29
PRJ_110,MLS_1094,Milestone Completion of Task 39,2023-01-24,2023-02-08,Delayed,TSK_110_39
PRJ_110,MLS_1095,Milestone Completion of Task 49,2023-01-27,2023-02-03,Delayed,TSK_110_49
PRJ_110,MLS_1096,Milestone Completion of Task 59,2023-01-30,2023-01-26,Pending,TSK_110_59
PRJ_110,MLS_1097,Milestone Completion of Task 69,2023-02-02,2023-01-29,Pending,TSK_110_69
PRJ_110,MLS_1098,Milestone Completion of Task 79,2023-02-05,2023-02-20,Delayed,TSK_110_79
PRJ_110,MLS_1099,Milestone Completion of Task 89,2023-02-08,2023-02-13,Delayed,TSK_110_89
PRJ_110,MLS_1100,Milestone Completion of Task 99,2023-02-11,2023-02-11,Pending,TSK_110_99
PRJ_111,MLS_1101,Milestone Completion of Task 9,2023-01-15,2023-01-30,Delayed,TSK_111_09
PRJ_111,MLS_1102,Milestone Completion of Task 19,2023-01-18,2023-01-15,Completed,TSK_111_19
PRJ_111,MLS_1103,Milestone Completion of Task 29,2023-01-21,2023-01-27,Delayed,TSK_111_29
PRJ_111,MLS_1104,Milestone Completion of Task 39,2023-01-24,2023-01-21,Completed,TSK_111_39
PRJ_111,MLS_1105,Milestone Completion of Task 49,2023-01-27,2023-01-23,Pending,TSK_111_49
PRJ_111,MLS_1106,Milestone Completion of Task 59,2023-01-30,2023-01-26,Pending,TSK_111_59
PRJ_111,MLS_1107,Milestone Completion of Task 69,2023-02-02,2023-02-08,Delayed,TSK_111_69
PRJ_111,MLS_1108,Milestone Completion of Task 79,2023-02-05,2023-02-01,Pending,TSK_111_79
PRJ_111,MLS_1109,Milestone Completion of Task 89,2023-02-08,2023-02-08,Pending,TSK_111_89
PRJ_111,MLS_1110,Milestone Completion of Task 99,2023-02-11,2023-02-17,Delayed,TSK_111_99
PRJ_112,MLS_1111,Milestone Completion of Task 9,2023-01-15,2023-01-30,Delayed,TSK_112_09
PRJ_112,MLS_1112,Milestone Completion of Task 19,2023-01-18,2023-01-14,Completed,TSK_112_19
PRJ_112,MLS_1113,Milestone Completion of Task 29,2023-01-21,2023-01-21,Completed,TSK_112_29
PRJ_112,MLS_1114,Milestone Completion of Task 39,2023-01-24,2023-01-20,Completed,TSK_112_39
PRJ_112,MLS_1115,Milestone Completion of Task 49,2023-01-27,2023-01-27,Pending,TSK_112_49
PRJ_112,MLS_1116,Milestone Completion of Task 59,2023-01-30,2023-02-14,Delayed,TSK_112_59
PRJ_112,MLS_1117,Milestone Completion of Task 69,2023-02-02,2023-02-17,Delayed,TSK_112_69
PRJ_112,MLS_1118,Milestone Completion of Task 79,2023-02-05,2023-02-20,Delayed,TSK_112_79
PRJ_112,MLS_1119,Milestone Completion of Task 89,2023-02-08,2023-02-08,Pending,TSK_112_89
PRJ_112,MLS_1120,Milestone Completion of Task 99,2023-02-11,2023-02-26,Delayed,TSK_112_99
PRJ_113,MLS_1121,Milestone Completion of Task 9,2023-01-15,2023-01-11,Completed,TSK_113_09
PRJ_113,MLS_1122,Milestone Completion of Task 19,2023-01-18,2023-01-14,Completed,TSK_113_19
PRJ_113,MLS_1123,Milestone Completion of Task 29,2023-01-21,2023-01-23,Delayed,TSK_113_29
PRJ_113,MLS_1124,Milestone Completion of Task 39,2023-01-24,2023-01-20,Completed,TSK_113_39
PRJ_113,MLS_1125,Milestone Completion of Task 49,2023-01-27,2023-02-11,Delayed,TSK_113_49
PRJ_113,MLS_1126,Milestone Completion of Task 59,2023-01-30,2023-01-30,Pending,TSK_113_59
PRJ_113,MLS_1127,Milestone Completion of Task 69,2023-02-02,2023-01-29,Pending,TSK_113_69
PRJ_113,MLS_1128,Milestone Completion of Task 79,2023-02-05,2023-02-01,Pending,TSK_113_79
PRJ_113,MLS_1129,Milestone Completion of Task 89,2023-02-08,2023-02-23,Delayed,TSK_113_89
PRJ_113,MLS_1130,Milestone Completion of Task 99,2023-02-11,2023-02-07,Pending,TSK_113_99
PRJ_114,MLS_1131,Milestone Completion of Task 9,2023-01-15,2023-01-30,Delayed,TSK_114_09
PRJ_114,MLS_1132,Milestone Completion of Task 19,2023-01-18,2023-01-14,Completed,TSK_114_19
PRJ_114,MLS_1133,Milestone Completion of Task 29,2023-01-21,2023-01-17,Completed,TSK_114_29
PRJ_114,MLS_1134,Milestone Completion of Task 39,2023-01-24,2023-01-24,Pending,TSK_114_39
PRJ_114,MLS_1135,Milestone Completion of Task 49,2023-01-27,2023-02-11,Delayed,TSK_114_49
PRJ_114,MLS_1136,Milestone Completion of Task 59,2023-01-30,2023-01-30,Pending,TSK_114_59
PRJ_114,MLS_1137,Milestone Completion of Task 69,2023-02-02,2023-02-02,Pending,TSK_114_69
PRJ_114,MLS_1138,Milestone Completion of Task 79,2023-02-05,2023-02-20,Delayed,TSK_114_79
PRJ_114,MLS_1139,Milestone Completion of Task 89,2023-02-08,2023-02-20,Delayed,TSK_114_89
PRJ_114,MLS_1140,Milestone Completion of Task 99,2023-02-11,2023-02-26,Delayed,TSK_114_99
PRJ_115,MLS_1141,Milestone Completion of Task 9,2023-01-15,2023-01-30,Delayed,TSK_115_09
PRJ_115,MLS_1142,Milestone Completion of Task 19,2023-01-18,2023-01-14,Completed,TSK_115_19
PRJ_115,MLS_1143,Milestone Completion of Task 29,2023-01-21,2023-01-17,Completed,TSK_115_29
PRJ_115,MLS_1144,Milestone Completion of Task 39,2023-01-24,2023-02-08,Delayed,TSK_115_39
PRJ_115,MLS_1145,Milestone Completion of Task 49,2023-01-27,2023-01-23,Pending,TSK_115_49
PRJ_115,MLS_1146,Milestone Completion of Task 59,2023-01-30,2023-02-14,Delayed,TSK_115_59
PRJ_115,MLS_1147,Milestone Completion of Task 69,2023-02-02,2023-01-29,Pending,TSK_115_69
PRJ_115,MLS_1148,Milestone Completion of Task 79,2023-02-05,2023-02-20,Delayed,TSK_115_79
PRJ_115,MLS_1149,Milestone Completion of Task 89,2023-02-08,2023-02-04,Pending,TSK_115_89
PRJ_115,MLS_1150,Milestone Completion of Task 99,2023-02-11,2023-02-07,Pending,TSK_115_99
PRJ_116,MLS_1151,Milestone Completion of Task 9,2023-01-15,2023-01-11,Completed,TSK_116_09
PRJ_116,MLS_1152,Milestone Completion of Task 19,2023-01-18,2023-01-14,Completed,TSK_116_19
PRJ_116,MLS_1153,Milestone Completion of Task 29,2023-01-21,2023-01-17,Completed,TSK_116_29
PRJ_116,MLS_1154,Milestone Completion of Task 39,2023-01-24,2023-02-08,Delayed,TSK_116_39
PRJ_116,MLS_1155,Milestone Completion of Task 49,2023-01-27,2023-01-23,Pending,TSK_116_49
PRJ_116,MLS_1156,Milestone Completion of Task 59,2023-01-30,2023-02-14,Delayed,TSK_116_59
PRJ_116,MLS_1157,Milestone Completion of Task 69,2023-02-02,2023-02-04,Delayed,TSK_116_69
PRJ_116,MLS_1158,Milestone Completion of Task 79,2023-02-05,2023-02-20,Delayed,TSK_116_79
PRJ_116,MLS_1159,Milestone Completion of Task 89,2023-02-08,2023-02-08,Pending,TSK_116_89
PRJ_116,MLS_1160,Milestone Completion of Task 99,2023-02-11,2023-02-21,Delayed,TSK_116_99
PRJ_117,MLS_1161,Milestone Completion of Task 9,2023-01-16,2023-01-12,Completed,TSK_117_09
PRJ_117,MLS_1162,Milestone Completion of Task 19,2023-01-19,2023-01-15,Completed,TSK_117_19
PRJ_117,MLS_1163,Milestone Completion of Task 29,2023-01-22,2023-02-01,Delayed,TSK_117_29
PRJ_117,MLS_1164,Milestone Completion of Task 39,2023-01-25,2023-02-04,Delayed,TSK_117_39
PRJ_117,MLS_1165,Milestone Completion of Task 49,2023-01-28,2023-01-24,Pending,TSK_117_49
PRJ_117,MLS_1166,Milestone Completion of Task 59,2023-01-31,2023-02-10,Delayed,TSK_117_59
PRJ_117,MLS_1167,Milestone Completion of Task 69,2023-02-03,2023-02-03,Pending,TSK_117_69
PRJ_117,MLS_1168,Milestone Completion of Task 79,2023-02-06,2023-02-08,Delayed,TSK_117_79
PRJ_117,MLS_1169,Milestone Completion of Task 89,2023-02-09,2023-02-05,Pending,TSK_117_89
PRJ_117,MLS_1170,Milestone Completion of Task 99,2023-02-12,2023-02-10,Pending,TSK_117_99
PRJ_118,MLS_1171,Milestone Completion of Task 9,2023-01-16,2023-01-26,Delayed,TSK_118_09
PRJ_118,MLS_1172,Milestone Completion of Task 19,2023-01-19,2023-01-15,Completed,TSK_118_19
PRJ_118,MLS_1173,Milestone Completion of Task 29,2023-01-22,2023-01-27,Delayed,TSK_118_29
PRJ_118,MLS_1174,Milestone Completion of Task 39,2023-01-25,2023-02-09,Delayed,TSK_118_39
PRJ_118,MLS_1175,Milestone Completion of Task 49,2023-01-28,2023-01-24,Pending,TSK_118_49
PRJ_118,MLS_1176,Milestone Completion of Task 59,2023-01-31,2023-02-05,Delayed,TSK_118_59
PRJ_118,MLS_1177,Milestone Completion of Task 69,2023-02-03,2023-02-08,Delayed,TSK_118_69
PRJ_118,MLS_1178,Milestone Completion of Task 79,2023-02-06,2023-02-02,Pending,TSK_118_79
PRJ_118,MLS_1179,Milestone Completion of Task 89,2023-02-09,2023-02-14,Delayed,TSK_118_89
PRJ_118,MLS_1180,Milestone Completion of Task 99,2023-02-12,2023-02-17,Delayed,TSK_118_99
PRJ_119,MLS_1181,Milestone Completion of Task 9,2023-01-16,2023-01-16,Completed,TSK_119_09
PRJ_119,MLS_1182,Milestone Completion of Task 19,2023-01-19,2023-01-24,Delayed,TSK_119_19
PRJ_119,MLS_1183,Milestone Completion of Task 29,2023-01-22,2023-01-29,Delayed,TSK_119_29
PRJ_119,MLS_1184,Milestone Completion of Task 39,2023-01-25,2023-01-26,Delayed,TSK_119_39
PRJ_119,MLS_1185,Milestone Completion of Task 49,2023-01-28,2023-02-01,Delayed,TSK_119_49
PRJ_119,MLS_1186,Milestone Completion of Task 59,2023-01-31,2023-02-04,Delayed,TSK_119_59
PRJ_119,MLS_1187,Milestone Completion of Task 69,2023-02-03,2023-01-30,Pending,TSK_119_69
PRJ_119,MLS_1188,Milestone Completion of Task 79,2023-02-06,2023-02-05,Pending,TSK_119_79
PRJ_119,MLS_1189,Milestone Completion of Task 89,2023-02-09,2023-02-10,Delayed,TSK_119_89
PRJ_119,MLS_1190,Milestone Completion of Task 99,2023-02-12,2023-02-14,Delayed,TSK_119_99
PRJ_120,MLS_1191,Milestone Completion of Task 9,2023-01-16,2023-01-12,Completed,TSK_120_09
PRJ_120,MLS_1192,Milestone Completion of Task 19,2023-01-19,2023-02-03,Delayed,TSK_120_19
PRJ_120,MLS_1193,Milestone Completion of Task 29,2023-01-22,2023-01-18,Completed,TSK_120_29
PRJ_120,MLS_1194,Milestone Completion of Task 39,2023-01-25,2023-01-21,Completed,TSK_120_39
PRJ_120,MLS_1195,Milestone Completion of Task 49,2023-01-28,2023-02-12,Delayed,TSK_120_49
PRJ_120,MLS_1196,Milestone Completion of Task 59,2023-01-31,2023-01-31,Pending,TSK_120_59
PRJ_120,MLS_1197,Milestone Completion of Task 69,2023-02-03,2023-01-30,Pending,TSK_120_69
PRJ_120,MLS_1198,Milestone Completion of Task 79,2023-02-06,2023-02-21,Delayed,TSK_120_79
PRJ_120,MLS_1199,Milestone Completion of Task 89,2023-02-09,2023-02-05,Pending,TSK_120_89
PRJ_120,MLS_1200,Milestone Completion of Task 99,2023-02-12,2023-02-08,Pending,TSK_120_99
PRJ_121,MLS_1201,Milestone Completion of Task 9,2023-01-16,2023-01-12,Completed,TSK_121_09
PRJ_121,MLS_1202,Milestone Completion of Task 19,2023-01-19,2023-01-23,Delayed,TSK_121_19
PRJ_121,MLS_1203,Milestone Completion of Task 29,2023-01-22,2023-01-18,Completed,TSK_121_29
PRJ_121,MLS_1204,Milestone Completion of Task 39,2023-01-25,2023-01-29,Delayed,TSK_121_39
PRJ_121,MLS_1205,Milestone Completion of Task 49,2023-01-28,2023-01-29,Delayed,TSK_121_49
PRJ_121,MLS_1206,Milestone Completion of Task 59,2023-01-31,2023-01-27,Pending,TSK_121_59
PRJ_121,MLS_1207,Milestone Completion of Task 69,2023-02-03,2023-02-03,Pending,TSK_121_69
PRJ_121,MLS_1208,Milestone Completion of Task 79,2023-02-06,2023-02-05,Pending,TSK_121_79
PRJ_121,MLS_1209,Milestone Completion of Task 89,2023-02-09,2023-02-15,Delayed,TSK_121_89
PRJ_121,MLS_1210,Milestone Completion of Task 99,2023-02-12,2023-02-08,Pending,TSK_121_99
PRJ_122,MLS_1211,Milestone Completion of Task 9,2023-01-16,2023-01-12,Completed,TSK_122_09
PRJ_122,MLS_1212,Milestone Completion of Task 19,2023-01-19,2023-01-26,Delayed,TSK_122_19
PRJ_122,MLS_1213,Milestone Completion of Task 29,2023-01-22,2023-01-18,Completed,TSK_122_29
PRJ_122,MLS_1214,Milestone Completion of Task 39,2023-01-25,2023-01-21,Completed,TSK_122_39
PRJ_122,MLS_1215,Milestone Completion of Task 49,2023-01-28,2023-01-26,Pending,TSK_122_49
PRJ_122,MLS_1216,Milestone Completion of Task 59,2023-01-31,2023-02-07,Delayed,TSK_122_59
PRJ_122,MLS_1217,Milestone Completion of Task 69,2023-02-03,2023-02-13,Delayed,TSK_122_69
PRJ_122,MLS_1218,Milestone Completion of Task 79,2023-02-06,2023-02-02,Pending,TSK_122_79
PRJ_122,MLS_1219,Milestone Completion of Task 89,2023-02-09,2023-02-05,Pending,TSK_122_89
PRJ_122,MLS_1220,Milestone Completion of Task 99,2023-02-12,2023-02-08,Pending,TSK_122_99
PRJ_123,MLS_1221,Milestone Completion of Task 9,2023-01-16,2023-01-16,Completed,TSK_123_09
PRJ_123,MLS_1222,Milestone Completion of Task 19,2023-01-19,2023-02-03,Delayed,TSK_123_19
PRJ_123,MLS_1223,Milestone Completion of Task 29,2023-01-22,2023-01-18,Completed,TSK_123_29
PRJ_123,MLS_1224,Milestone Completion of Task 39,2023-01-25,2023-02-04,Delayed,TSK_123_39
PRJ_123,MLS_1225,Milestone Completion of Task 49,2023-01-28,2023-02-12,Delayed,TSK_123_49
PRJ_123,MLS_1226,Milestone Completion of Task 59,2023-01-31,2023-02-15,Delayed,TSK_123_59
PRJ_123,MLS_1227,Milestone Completion of Task 69,2023-02-03,2023-01-30,Pending,TSK_123_69
PRJ_123,MLS_1228,Milestone Completion of Task 79,2023-02-06,2023-02-02,Pending,TSK_123_79
PRJ_123,MLS_1229,Milestone Completion of Task 89,2023-02-09,2023-02-05,Pending,TSK_123_89
PRJ_123,MLS_1230,Milestone Completion of Task 99,2023-02-12,2023-02-08,Pending,TSK_123_99
PRJ_124,MLS_1231,Milestone Completion of Task 9,2023-01-16,2023-01-12,Completed,TSK_124_09
PRJ_124,MLS_1232,Milestone Completion of Task 19,2023-01-19,2023-01-15,Completed,TSK_124_19
PRJ_124,MLS_1233,Milestone Completion of Task 29,2023-01-22,2023-01-18,Completed,TSK_124_29
PRJ_124,MLS_1234,Milestone Completion of Task 39,2023-01-25,2023-01-21,Completed,TSK_124_39
PRJ_124,MLS_1235,Milestone Completion of Task 49,2023-01-28,2023-01-28,Pending,TSK_124_49
PRJ_124,MLS_1236,Milestone Completion of Task 59,2023-01-31,2023-02-15,Delayed,TSK_124_59
PRJ_124,MLS_1237,Milestone Completion of Task 69,2023-02-03,2023-02-10,Delayed,TSK_124_69
PRJ_124,MLS_1238,Milestone Completion of Task 79,2023-02-06,2023-02-06,Pending,TSK_124_79
PRJ_124,MLS_1239,Milestone Completion of Task 89,2023-02-09,2023-02-24,Delayed,TSK_124_89
PRJ_124,MLS_1240,Milestone Completion of Task 99,2023-02-12,2023-02-08,Pending,TSK_124_99
PRJ_125,MLS_1241,Milestone Completion of Task 9,2023-01-16,2023-01-16,Completed,TSK_125_09
PRJ_125,MLS_1242,Milestone Completion of Task 19,2023-01-19,2023-01-15,Completed,TSK_125_19
PRJ_125,MLS_1243,Milestone Completion of Task 29,2023-01-22,2023-02-06,Delayed,TSK_125_29
PRJ_125,MLS_1244,Milestone Completion of Task 39,2023-01-25,2023-01-21,Completed,TSK_125_39
PRJ_125,MLS_1245,Milestone Completion of Task 49,2023-01-28,2023-01-24,Pending,TSK_125_49
PRJ_125,MLS_1246,Milestone Completion of Task 59,2023-01-31,2023-02-06,Delayed,TSK_125_59
PRJ_125,MLS_1247,Milestone Completion of Task 69,2023-02-03,2023-02-16,Delayed,TSK_125_69
PRJ_125,MLS_1248,Milestone Completion of Task 79,2023-02-06,2023-02-02,Pending,TSK_125_79
PRJ_125,MLS_1249,Milestone Completion of Task 89,2023-02-09,2023-02-05,Pending,TSK_125_89
PRJ_125,MLS_1250,Milestone Completion of Task 99,2023-02-12,2023-02-18,Delayed,TSK_125_99
PRJ_126,MLS_1251,Milestone Completion of Task 9,2023-01-16,2023-01-31,Delayed,TSK_126_09
PRJ_126,MLS_1252,Milestone Completion of Task 19,2023-01-19,2023-02-03,Delayed,TSK_126_19
PRJ_126,MLS_1253,Milestone Completion of Task 29,2023-01-22,2023-01-18,Completed,TSK_126_29
PRJ_126,MLS_1254,Milestone Completion of Task 39,2023-01-25,2023-01-21,Completed,TSK_126_39
PRJ_126,MLS_1255,Milestone Completion of Task 49,2023-01-28,2023-01-24,Pending,TSK_126_49
PRJ_126,MLS_1256,Milestone Completion of Task 59,2023-01-31,2023-02-15,Delayed,TSK_126_59
PRJ_126,MLS_1257,Milestone Completion of Task 69,2023-02-03,2023-01-30,Pending,TSK_126_69
PRJ_126,MLS_1258,Milestone Completion of Task 79,2023-02-06,2023-02-02,Pending,TSK_126_79
PRJ_126,MLS_1259,Milestone Completion of Task 89,2023-02-09,2023-02-05,Pending,TSK_126_89
PRJ_126,MLS_1260,Milestone Completion of Task 99,2023-02-12,2023-02-27,Delayed,TSK_126_99
PRJ_127,MLS_1261,Milestone Completion of Task 9,2023-01-16,2023-01-16,Completed,TSK_127_09
PRJ_127,MLS_1262,Milestone Completion of Task 19,2023-01-19,2023-01-29,Delayed,TSK_127_19
PRJ_127,MLS_1263,Milestone Completion of Task 29,2023-01-22,2023-01-24,Delayed,TSK_127_29
PRJ_127,MLS_1264,Milestone Completion of Task 39,2023-01-25,2023-01-21,Completed,TSK_127_39
PRJ_127,MLS_1265,Milestone Completion of Task 49,2023-01-28,2023-01-24,Pending,TSK_127_49
PRJ_127,MLS_1266,Milestone Completion of Task 59,2023-01-31,2023-02-05,Delayed,TSK_127_59
PRJ_127,MLS_1267,Milestone Completion of Task 69,2023-02-03,2023-02-01,Pending,TSK_127_69
PRJ_127,MLS_1268,Milestone Completion of Task 79,2023-02-06,2023-02-02,Pending,TSK_127_79
PRJ_127,MLS_1269,Milestone Completion of Task 89,2023-02-09,2023-02-05,Pending,TSK_127_89
PRJ_127,MLS_1270,Milestone Completion of Task 99,2023-02-12,2023-02-19,Delayed,TSK_127_99
PRJ_128,MLS_1271,Milestone Completion of Task 9,2023-01-16,2023-01-20,Completed,TSK_128_09
PRJ_128,MLS_1272,Milestone Completion of Task 19,2023-01-19,2023-01-15,Completed,TSK_128_19
PRJ_128,MLS_1273,Milestone Completion of Task 29,2023-01-22,2023-02-06,Delayed,TSK_128_29
PRJ_128,MLS_1274,Milestone Completion of Task 39,2023-01-25,2023-01-21,Completed,TSK_128_39
PRJ_128,MLS_1275,Milestone Completion of Task 49,2023-01-28,2023-01-24,Pending,TSK_128_49
PRJ_128,MLS_1276,Milestone Completion of Task 59,2023-01-31,2023-01-27,Pending,TSK_128_59
PRJ_128,MLS_1277,Milestone Completion of Task 69,2023-02-03,2023-01-30,Pending,TSK_128_69
PRJ_128,MLS_1278,Milestone Completion of Task 79,2023-02-06,2023-02-02,Pending,TSK_128_79
PRJ_128,MLS_1279,Milestone Completion of Task 89,2023-02-09,2023-02-05,Pending,TSK_128_89
PRJ_128,MLS_1280,Milestone Completion of Task 99,2023-02-12,2023-02-27,Delayed,TSK_128_99
PRJ_129,MLS_1281,Milestone Completion of Task 9,2023-01-16,2023-01-31,Delayed,TSK_129_09
PRJ_129,MLS_1282,Milestone Completion of Task 19,2023-01-19,2023-02-03,Delayed,TSK_129_19
PRJ_129,MLS_1283,Milestone Completion of Task 29,2023-01-22,2023-02-06,Delayed,TSK_129_29
PRJ_129,MLS_1284,Milestone Completion of Task 39,2023-01-25,2023-01-21,Completed,TSK_129_39
PRJ_129,MLS_1285,Milestone Completion of Task 49,2023-01-28,2023-02-12,Delayed,TSK_129_49
PRJ_129,MLS_1286,Milestone Completion of Task 59,2023-01-31,2023-02-11,Delayed,TSK_129_59
PRJ_129,MLS_1287,Milestone Completion of Task 69,2023-02-03,2023-01-30,Pending,TSK_129_69
PRJ_129,MLS_1288,Milestone Completion of Task 79,2023-02-06,2023-02-02,Pending,TSK_129_79
PRJ_129,MLS_1289,Milestone Completion of Task 89,2023-02-09,2023-02-05,Pending,TSK_129_89
PRJ_129,MLS_1290,Milestone Completion of Task 99,2023-02-12,2023-02-12,Pending,TSK_129_99
PRJ_130,MLS_1291,Milestone Completion of Task 9,2023-01-16,2023-01-12,Completed,TSK_130_09
PRJ_130,MLS_1292,Milestone Completion of Task 19,2023-01-19,2023-01-29,Delayed,TSK_130_19
PRJ_130,MLS_1293,Milestone Completion of Task 29,2023-01-22,2023-01-24,Delayed,TSK_130_29
PRJ_130,MLS_1294,Milestone Completion of Task 39,2023-01-25,2023-01-21,Completed,TSK_130_39
PRJ_130,MLS_1295,Milestone Completion of Task 49,2023-01-28,2023-01-24,Pending,TSK_130_49
PRJ_130,MLS_1296,Milestone Completion of Task 59,2023-01-31,2023-02-12,Delayed,TSK_130_59
PRJ_130,MLS_1297,Milestone Completion of Task 69,2023-02-03,2023-01-30,Pending,TSK_130_69
PRJ_130,MLS_1298,Milestone Completion of Task 79,2023-02-06,2023-02-02,Pending,TSK_130_79
PRJ_130,MLS_1299,Milestone Completion of Task 89,2023-02-09,2023-02-14,Delayed,TSK_130_89
PRJ_130,MLS_1300,Milestone Completion of Task 99,2023-02-12,2023-02-08,Pending,TSK_130_99
PRJ_131,MLS_1301,Milestone Completion of Task 9,2023-01-17,2023-01-13,Completed,TSK_131_09
PRJ_131,MLS_1302,Milestone Completion of Task 19,2023-01-20,2023-02-01,Delayed,TSK_131_19
PRJ_131,MLS_1303,Milestone Completion of Task 29,2023-01-23,2023-02-04,Delayed,TSK_131_29
PRJ_131,MLS_1304,Milestone Completion of Task 39,2023-01-26,2023-01-26,Pending,TSK_131_39
PRJ_131,MLS_1305,Milestone Completion of Task 49,2023-01-29,2023-01-25,Pending,TSK_131_49
PRJ_131,MLS_1306,Milestone Completion of Task 59,2023-02-01,2023-02-03,Delayed,TSK_131_59
PRJ_131,MLS_1307,Milestone Completion of Task 69,2023-02-04,2023-01-31,Pending,TSK_131_69
PRJ_131,MLS_1308,Milestone Completion of Task 79,2023-02-07,2023-02-14,Delayed,TSK_131_79
PRJ_131,MLS_1309,Milestone Completion of Task 89,2023-02-10,2023-02-10,Pending,TSK_131_89
PRJ_131,MLS_1310,Milestone Completion of Task 99,2023-02-13,2023-02-11,Pending,TSK_131_99
PRJ_132,MLS_1311,Milestone Completion of Task 9,2023-01-17,2023-01-13,Completed,TSK_132_09
PRJ_132,MLS_1312,Milestone Completion of Task 19,2023-01-20,2023-01-26,Delayed,TSK_132_19
PRJ_132,MLS_1313,Milestone Completion of Task 29,2023-01-23,2023-01-19,Completed,TSK_132_29
PRJ_132,MLS_1314,Milestone Completion of Task 39,2023-01-26,2023-01-28,Delayed,TSK_132_39
PRJ_132,MLS_1315,Milestone Completion of Task 49,2023-01-29,2023-02-13,Delayed,TSK_132_49
PRJ_132,MLS_1316,Milestone Completion of Task 59,2023-02-01,2023-01-28,Pending,TSK_132_59
PRJ_132,MLS_1317,Milestone Completion of Task 69,2023-02-04,2023-01-31,Pending,TSK_132_69
PRJ_132,MLS_1318,Milestone Completion of Task 79,2023-02-07,2023-02-11,Delayed,TSK_132_79
PRJ_132,MLS_1319,Milestone Completion of Task 89,2023-02-10,2023-02-23,Delayed,TSK_132_89
PRJ_132,MLS_1320,Milestone Completion of Task 99,2023-02-13,2023-02-24,Delayed,TSK_132_99
PRJ_133,MLS_1321,Milestone Completion of Task 9,2023-01-17,2023-01-17,Completed,TSK_133_09
PRJ_133,MLS_1322,Milestone Completion of Task 19,2023-01-20,2023-01-22,Completed,TSK_133_19
PRJ_133,MLS_1323,Milestone Completion of Task 29,2023-01-23,2023-02-07,Delayed,TSK_133_29
PRJ_133,MLS_1324,Milestone Completion of Task 39,2023-01-26,2023-02-05,Delayed,TSK_133_39
PRJ_133,MLS_1325,Milestone Completion of Task 49,2023-01-29,2023-01-25,Pending,TSK_133_49
PRJ_133,MLS_1326,Milestone Completion of Task 59,2023-02-01,2023-01-28,Pending,TSK_133_59
PRJ_133,MLS_1327,Milestone Completion of Task 69,2023-02-04,2023-01-31,Pending,TSK_133_69
PRJ_133,MLS_1328,Milestone Completion of Task 79,2023-02-07,2023-02-12,Delayed,TSK_133_79
PRJ_133,MLS_1329,Milestone Completion of Task 89,2023-02-10,2023-02-06,Pending,TSK_133_89
PRJ_133,MLS_1330,Milestone Completion of Task 99,2023-02-13,2023-02-23,Delayed,TSK_133_99
PRJ_134,MLS_1331,Milestone Completion of Task 9,2023-01-17,2023-01-13,Completed,TSK_134_09
PRJ_134,MLS_1332,Milestone Completion of Task 19,2023-01-20,2023-01-20,Completed,TSK_134_19
PRJ_134,MLS_1333,Milestone Completion of Task 29,2023-01-23,2023-01-19,Completed,TSK_134_29
PRJ_134,MLS_1334,Milestone Completion of Task 39,2023-01-26,2023-02-03,Delayed,TSK_134_39
PRJ_134,MLS_1335,Milestone Completion of Task 49,2023-01-29,2023-01-25,Pending,TSK_134_49
PRJ_134,MLS_1336,Milestone Completion of Task 59,2023-02-01,2023-02-16,Delayed,TSK_134_59
PRJ_134,MLS_1337,Milestone Completion of Task 69,2023-02-04,2023-02-19,Delayed,TSK_134_69
PRJ_134,MLS_1338,Milestone Completion of Task 79,2023-02-07,2023-02-03,Pending,TSK_134_79
PRJ_134,MLS_1339,Milestone Completion of Task 89,2023-02-10,2023-02-06,Pending,TSK_134_89
PRJ_134,MLS_1340,Milestone Completion of Task 99,2023-02-13,2023-02-19,Delayed,TSK_134_99
PRJ_135,MLS_1341,Milestone Completion of Task 9,2023-01-17,2023-01-29,Delayed,TSK_135_09
PRJ_135,MLS_1342,Milestone Completion of Task 19,2023-01-20,2023-01-27,Delayed,TSK_135_19
PRJ_135,MLS_1343,Milestone Completion of Task 29,2023-01-23,2023-01-19,Completed,TSK_135_29
PRJ_135,MLS_1344,Milestone Completion of Task 39,2023-01-26,2023-01-22,Completed,TSK_135_39
PRJ_135,MLS_1345,Milestone Completion of Task 49,2023-01-29,2023-02-10,Delayed,TSK_135_49
PRJ_135,MLS_1346,Milestone Completion of Task 59,2023-02-01,2023-01-28,Pending,TSK_135_59
PRJ_135,MLS_1347,Milestone Completion of Task 69,2023-02-04,2023-01-31,Pending,TSK_135_69
PRJ_135,MLS_1348,Milestone Completion of Task 79,2023-02-07,2023-02-03,Pending,TSK_135_79
PRJ_135,MLS_1349,Milestone Completion of Task 89,2023-02-10,2023-02-15,Delayed,TSK_135_89
PRJ_135,MLS_1350,Milestone Completion of Task 99,2023-02-13,2023-02-25,Delayed,TSK_135_99
PRJ_136,MLS_1351,Milestone Completion of Task 9,2023-01-17,2023-01-17,Completed,TSK_136_09
PRJ_136,MLS_1352,Milestone Completion of Task 19,2023-01-20,2023-02-04,Delayed,TSK_136_19
PRJ_136,MLS_1353,Milestone Completion of Task 29,2023-01-23,2023-01-19,Completed,TSK_136_29
PRJ_136,MLS_1354,Milestone Completion of Task 39,2023-01-26,2023-01-22,Completed,TSK_136_39
PRJ_136,MLS_1355,Milestone Completion of Task 49,2023-01-29,2023-01-25,Pending,TSK_136_49
PRJ_136,MLS_1356,Milestone Completion of Task 59,2023-02-01,2023-02-14,Delayed,TSK_136_59
PRJ_136,MLS_1357,Milestone Completion of Task 69,2023-02-04,2023-01-31,Pending,TSK_136_69
PRJ_136,MLS_1358,Milestone Completion of Task 79,2023-02-07,2023-02-03,Pending,TSK_136_79
PRJ_136,MLS_1359,Milestone Completion of Task 89,2023-02-10,2023-02-21,Delayed,TSK_136_89
PRJ_136,MLS_1360,Milestone Completion of Task 99,2023-02-13,2023-02-24,Delayed,TSK_136_99
PRJ_137,MLS_1361,Milestone Completion of Task 9,2023-01-17,2023-02-01,Delayed,TSK_137_09
PRJ_137,MLS_1362,Milestone Completion of Task 19,2023-01-20,2023-01-16,Completed,TSK_137_19
PRJ_137,MLS_1363,Milestone Completion of Task 29,2023-01-23,2023-02-07,Delayed,TSK_137_29
PRJ_137,MLS_1364,Milestone Completion of Task 39,2023-01-26,2023-02-10,Delayed,TSK_137_39
PRJ_137,MLS_1365,Milestone Completion of Task 49,2023-01-29,2023-01-25,Pending,TSK_137_49
PRJ_137,MLS_1366,Milestone Completion of Task 59,2023-02-01,2023-01-28,Pending,TSK_137_59
PRJ_137,MLS_1367,Milestone Completion of Task 69,2023-02-04,2023-01-31,Pending,TSK_137_69
PRJ_137,MLS_1368,Milestone Completion of Task 79,2023-02-07,2023-02-22,Delayed,TSK_137_79
PRJ_137,MLS_1369,Milestone Completion of Task 89,2023-02-10,2023-02-06,Pending,TSK_137_89
PRJ_137,MLS_1370,Milestone Completion of Task 99,2023-02-13,2023-02-09,Pending,TSK_137_99
PRJ_138,MLS_1371,Milestone Completion of Task 9,2023-01-17,2023-01-29,Delayed,TSK_138_09
PRJ_138,MLS_1372,Milestone Completion of Task 19,2023-01-20,2023-01-28,Delayed,TSK_138_19
PRJ_138,MLS_1373,Milestone Completion of Task 29,2023-01-23,2023-01-19,Completed,TSK_138_29
PRJ_138,MLS_1374,Milestone Completion of Task 39,2023-01-26,2023-02-10,Delayed,TSK_138_39
PRJ_138,MLS_1375,Milestone Completion of Task 49,2023-01-29,2023-01-25,Pending,TSK_138_49
PRJ_138,MLS_1376,Milestone Completion of Task 59,2023-02-01,2023-02-13,Delayed,TSK_138_59
PRJ_138,MLS_1377,Milestone Completion of Task 69,2023-02-04,2023-01-31,Pending,TSK_138_69
PRJ_138,MLS_1378,Milestone Completion of Task 79,2023-02-07,2023-02-07,Pending,TSK_138_79
PRJ_138,MLS_1379,Milestone Completion of Task 89,2023-02-10,2023-02-25,Delayed,TSK_138_89
PRJ_138,MLS_1380,Milestone Completion of Task 99,2023-02-13,2023-02-28,Delayed,TSK_138_99
PRJ_139,MLS_1381,Milestone Completion of Task 9,2023-01-17,2023-01-25,Delayed,TSK_139_09
PRJ_139,MLS_1382,Milestone Completion of Task 19,2023-01-20,2023-02-04,Delayed,TSK_139_19
PRJ_139,MLS_1383,Milestone Completion of Task 29,2023-01-23,2023-01-19,Completed,TSK_139_29
PRJ_139,MLS_1384,Milestone Completion of Task 39,2023-01-26,2023-02-10,Delayed,TSK_139_39
PRJ_139,MLS_1385,Milestone Completion of Task 49,2023-01-29,2023-02-13,Delayed,TSK_139_49
PRJ_139,MLS_1386,Milestone Completion of Task 59,2023-02-01,2023-02-16,Delayed,TSK_139_59
PRJ_139,MLS_1387,Milestone Completion of Task 69,2023-02-04,2023-01-31,Pending,TSK_139_69
PRJ_139,MLS_1388,Milestone Completion of Task 79,2023-02-07,2023-02-22,Delayed,TSK_139_79
PRJ_139,MLS_1389,Milestone Completion of Task 89,2023-02-10,2023-02-06,Pending,TSK_139_89
PRJ_139,MLS_1390,Milestone Completion of Task 99,2023-02-13,2023-02-09,Pending,TSK_139_99
PRJ_140,MLS_1391,Milestone Completion of Task 9,2023-01-17,2023-01-13,Completed,TSK_140_09
PRJ_140,MLS_1392,Milestone Completion of Task 19,2023-01-20,2023-01-29,Delayed,TSK_140_19
PRJ_140,MLS_1393,Milestone Completion of Task 29,2023-01-23,2023-01-19,Completed,TSK_140_29
PRJ_140,MLS_1394,Milestone Completion of Task 39,2023-01-26,2023-02-10,Delayed,TSK_140_39
PRJ_140,MLS_1395,Milestone Completion of Task 49,2023-01-29,2023-01-25,Pending,TSK_140_49
PRJ_140,MLS_1396,Milestone Completion of Task 59,2023-02-01,2023-02-16,Delayed,TSK_140_59
PRJ_140,MLS_1397,Milestone Completion of Task 69,2023-02-04,2023-01-31,Pending,TSK_140_69
PRJ_140,MLS_1398,Milestone Completion of Task 79,2023-02-07,2023-02-22,Delayed,TSK_140_79
PRJ_140,MLS_1399,Milestone Completion of Task 89,2023-02-10,2023-02-25,Delayed,TSK_140_89
PRJ_140,MLS_1400,Milestone Completion of Task 99,2023-02-13,2023-02-28,Delayed,TSK_140_99
PRJ_141,MLS_1401,Milestone Completion of Task 9,2023-01-17,2023-01-13,Completed,TSK_141_09
PRJ_141,MLS_1402,Milestone Completion of Task 19,2023-01-20,2023-01-19,Completed,TSK_141_19
PRJ_141,MLS_1403,Milestone Completion of Task 29,2023-01-23,2023-01-20,Completed,TSK_141_29
PRJ_141,MLS_1404,Milestone Completion of Task 39,2023-01-26,2023-01-26,Pending,TSK_141_39
PRJ_141,MLS_1405,Milestone Completion of Task 49,2023-01-29,2023-02-06,Delayed,TSK_141_49
PRJ_141,MLS_1406,Milestone Completion of Task 59,2023-02-01,2023-02-01,Pending,TSK_141_59
PRJ_141,MLS_1407,Milestone Completion of Task 69,2023-02-04,2023-01-31,Pending,TSK_141_69
PRJ_141,MLS_1408,Milestone Completion of Task 79,2023-02-07,2023-02-06,Pending,TSK_141_79
PRJ_141,MLS_1409,Milestone Completion of Task 89,2023-02-10,2023-02-16,Delayed,TSK_141_89
PRJ_141,MLS_1410,Milestone Completion of Task 99,2023-02-13,2023-02-09,Pending,TSK_141_99
PRJ_142,MLS_1411,Milestone Completion of Task 9,2023-01-17,2023-01-13,Completed,TSK_142_09
PRJ_142,MLS_1412,Milestone Completion of Task 19,2023-01-20,2023-01-26,Delayed,TSK_142_19
PRJ_142,MLS_1413,Milestone Completion of Task 29,2023-01-23,2023-01-19,Completed,TSK_142_29
PRJ_142,MLS_1414,Milestone Completion of Task 39,2023-01-26,2023-02-10,Delayed,TSK_142_39
PRJ_142,MLS_1415,Milestone Completion of Task 49,2023-01-29,2023-02-13,Delayed,TSK_142_49
PRJ_142,MLS_1416,Milestone Completion of Task 59,2023-02-01,2023-02-14,Delayed,TSK_142_59
PRJ_142,MLS_1417,Milestone Completion of Task 69,2023-02-04,2023-01-31,Pending,TSK_142_69
PRJ_142,MLS_1418,Milestone Completion of Task 79,2023-02-07,2023-02-03,Pending,TSK_142_79
PRJ_142,MLS_1419,Milestone Completion of Task 89,2023-02-10,2023-02-25,Delayed,TSK_142_89
PRJ_142,MLS_1420,Milestone Completion of Task 99,2023-02-13,2023-02-09,Pending,TSK_142_99
PRJ_143,MLS_1421,Milestone Completion of Task 9,2023-01-17,2023-01-13,Completed,TSK_143_09
PRJ_143,MLS_1422,Milestone Completion of Task 19,2023-01-20,2023-01-20,Completed,TSK_143_19
PRJ_143,MLS_1423,Milestone Completion of Task 29,2023-01-23,2023-02-07,Delayed,TSK_143_29
PRJ_143,MLS_1424,Milestone Completion of Task 39,2023-01-26,2023-01-22,Completed,TSK_143_39
PRJ_143,MLS_1425,Milestone Completion of Task 49,2023-01-29,2023-01-25,Pending,TSK_143_49
PRJ_143,MLS_1426,Milestone Completion of Task 59,2023-02-01,2023-01-28,Pending,TSK_143_59
PRJ_143,MLS_1427,Milestone Completion of Task 69,2023-02-04,2023-01-31,Pending,TSK_143_69
PRJ_143,MLS_1428,Milestone Completion of Task 79,2023-02-07,2023-02-03,Pending,TSK_143_79
PRJ_143,MLS_1429,Milestone Completion of Task 89,2023-02-10,2023-02-06,Pending,TSK_143_89
PRJ_143,MLS_1430,Milestone Completion of Task 99,2023-02-13,2023-02-13,Pending,TSK_143_99
PRJ_144,MLS_1431,Milestone Completion of Task 9,2023-01-17,2023-02-01,Delayed,TSK_144_09
PRJ_144,MLS_1432,Milestone Completion of Task 19,2023-01-20,2023-02-04,Delayed,TSK_144_19
PRJ_144,MLS_1433,Milestone Completion of Task 29,2023-01-23,2023-01-19,Completed,TSK_144_29
PRJ_144,MLS_1434,Milestone Completion of Task 39,2023-01-26,2023-02-10,Delayed,TSK_144_39
PRJ_144,MLS_1435,Milestone Completion of Task 49,2023-01-29,2023-02-13,Delayed,TSK_144_49
PRJ_144,MLS_1436,Milestone Completion of Task 59,2023-02-01,2023-02-16,Delayed,TSK_144_59
PRJ_144,MLS_1437,Milestone Completion of Task 69,2023-02-04,2023-01-31,Pending,TSK_144_69
PRJ_144,MLS_1438,Milestone Completion of Task 79,2023-02-07,2023-02-03,Pending,TSK_144_79
PRJ_144,MLS_1439,Milestone Completion of Task 89,2023-02-10,2023-02-06,Pending,TSK_144_89
PRJ_144,MLS_1440,Milestone Completion of Task 99,2023-02-13,2023-02-09,Pending,TSK_144_99
PRJ_145,MLS_1441,Milestone Completion of Task 9,2023-01-18,2023-01-14,Completed,TSK_145_09
PRJ_145,MLS_1442,Milestone Completion of Task 19,2023-01-21,2023-01-19,Completed,TSK_145_19
PRJ_145,MLS_1443,Milestone Completion of Task 29,2023-01-24,2023-01-24,Pending,TSK_145_29
PRJ_145,MLS_1444,Milestone Completion of Task 39,2023-01-27,2023-02-10,Delayed,TSK_145_39
PRJ_145,MLS_1445,Milestone Completion of Task 49,2023-01-30,2023-01-26,Pending,TSK_145_49
PRJ_145,MLS_1446,Milestone Completion of Task 59,2023-02-02,2023-01-29,Pending,TSK_145_59
PRJ_145,MLS_1447,Milestone Completion of Task 69,2023-02-05,2023-02-05,Pending,TSK_145_69
PRJ_145,MLS_1448,Milestone Completion of Task 79,2023-02-08,2023-02-04,Pending,TSK_145_79
PRJ_145,MLS_1449,Milestone Completion of Task 89,2023-02-11,2023-02-07,Pending,TSK_145_89
PRJ_145,MLS_1450,Milestone Completion of Task 99,2023-02-14,2023-02-10,Pending,TSK_145_99
PRJ_146,MLS_1451,Milestone Completion of Task 9,2023-01-18,2023-02-02,Delayed,TSK_146_09
PRJ_146,MLS_1452,Milestone Completion of Task 19,2023-01-21,2023-01-17,Completed,TSK_146_19
PRJ_146,MLS_1453,Milestone Completion of Task 29,2023-01-24,2023-01-20,Completed,TSK_146_29
PRJ_146,MLS_1454,Milestone Completion of Task 39,2023-01-27,2023-02-10,Delayed,TSK_146_39
PRJ_146,MLS_1455,Milestone Completion of Task 49,2023-01-30,2023-01-26,Pending,TSK_146_49
PRJ_146,MLS_1456,Milestone Completion of Task 59,2023-02-02,2023-01-29,Pending,TSK_146_59
PRJ_146,MLS_1457,Milestone Completion of Task 69,2023-02-05,2023-02-01,Pending,TSK_146_69
PRJ_146,MLS_1458,Milestone Completion of Task 79,2023-02-08,2023-02-04,Pending,TSK_146_79
PRJ_146,MLS_1459,Milestone Completion of Task 89,2023-02-11,2023-02-26,Delayed,TSK_146_89
PRJ_146,MLS_1460,Milestone Completion of Task 99,2023-02-14,2023-02-14,Pending,TSK_146_99
PRJ_147,MLS_1461,Milestone Completion of Task 9,2023-01-18,2023-01-14,Completed,TSK_147_09
PRJ_147,MLS_1462,Milestone Completion of Task 19,2023-01-21,2023-01-17,Completed,TSK_147_19
PRJ_147,MLS_1463,Milestone Completion of Task 29,2023-01-24,2023-01-20,Completed,TSK_147_29
PRJ_147,MLS_1464,Milestone Completion of Task 39,2023-01-27,2023-01-23,Pending,TSK_147_39
PRJ_147,MLS_1465,Milestone Completion of Task 49,2023-01-30,2023-02-09,Delayed,TSK_147_49
PRJ_147,MLS_1466,Milestone Completion of Task 59,2023-02-02,2023-02-12,Delayed,TSK_147_59
PRJ_147,MLS_1467,Milestone Completion of Task 69,2023-02-05,2023-02-17,Delayed,TSK_147_69
PRJ_147,MLS_1468,Milestone Completion of Task 79,2023-02-08,2023-02-23,Delayed,TSK_147_79
PRJ_147,MLS_1469,Milestone Completion of Task 89,2023-02-11,2023-02-07,Pending,TSK_147_89
PRJ_147,MLS_1470,Milestone Completion of Task 99,2023-02-14,2023-02-14,Pending,TSK_147_99
PRJ_148,MLS_1471,Milestone Completion of Task 9,2023-01-18,2023-01-14,Completed,TSK_148_09
PRJ_148,MLS_1472,Milestone Completion of Task 19,2023-01-21,2023-02-05,Delayed,TSK_148_19
PRJ_148,MLS_1473,Milestone Completion of Task 29,2023-01-24,2023-02-03,Delayed,TSK_148_29
PRJ_148,MLS_1474,Milestone Completion of Task 39,2023-01-27,2023-02-11,Delayed,TSK_148_39
PRJ_148,MLS_1475,Milestone Completion of Task 49,2023-01-30,2023-01-26,Pending,TSK_148_49
PRJ_148,MLS_1476,Milestone Completion of Task 59,2023-02-02,2023-02-14,Delayed,TSK_148_59
PRJ_148,MLS_1477,Milestone Completion of Task 69,2023-02-05,2023-02-20,Delayed,TSK_148_69
PRJ_148,MLS_1478,Milestone Completion of Task 79,2023-02-08,2023-02-23,Delayed,TSK_148_79
PRJ_148,MLS_1479,Milestone Completion of Task 89,2023-02-11,2023-02-07,Pending,TSK_148_89
PRJ_148,MLS_1480,Milestone Completion of Task 99,2023-02-14,2023-02-19,Delayed,TSK_148_99
PRJ_149,MLS_1481,Milestone Completion of Task 9,2023-01-18,2023-01-19,Completed,TSK_149_09
PRJ_149,MLS_1482,Milestone Completion of Task 19,2023-01-21,2023-01-29,Delayed,TSK_149_19
PRJ_149,MLS_1483,Milestone Completion of Task 29,2023-01-24,2023-01-20,Completed,TSK_149_29
PRJ_149,MLS_1484,Milestone Completion of Task 39,2023-01-27,2023-01-30,Delayed,TSK_149_39
PRJ_149,MLS_1485,Milestone Completion of Task 49,2023-01-30,2023-01-26,Pending,TSK_149_49
PRJ_149,MLS_1486,Milestone Completion of Task 59,2023-02-02,2023-01-29,Pending,TSK_149_59
PRJ_149,MLS_1487,Milestone Completion of Task 69,2023-02-05,2023-02-01,Pending,TSK_149_69
PRJ_149,MLS_1488,Milestone Completion of Task 79,2023-02-08,2023-02-04,Pending,TSK_149_79
PRJ_149,MLS_1489,Milestone Completion of Task 89,2023-02-11,2023-02-19,Delayed,TSK_149_89
PRJ_149,MLS_1490,Milestone Completion of Task 99,2023-02-14,2023-02-15,Delayed,TSK_149_99
PRJ_150,MLS_1491,Milestone Completion of Task 9,2023-01-18,2023-01-29,Delayed,TSK_150_09
PRJ_150,MLS_1492,Milestone Completion of Task 19,2023-01-21,2023-02-05,Delayed,TSK_150_19
PRJ_150,MLS_1493,Milestone Completion of Task 29,2023-01-24,2023-01-27,Delayed,TSK_150_29
PRJ_150,MLS_1494,Milestone Completion of Task 39,2023-01-27,2023-02-11,Delayed,TSK_150_39
PRJ_150,MLS_1495,Milestone Completion of Task 49,2023-01-30,2023-02-14,Delayed,TSK_150_49
PRJ_150,MLS_1496,Milestone Completion of Task 59,2023-02-02,2023-02-16,Delayed,TSK_150_59
PRJ_150,MLS_1497,Milestone Completion of Task 69,2023-02-05,2023-02-01,Pending,TSK_150_69
PRJ_150,MLS_1498,Milestone Completion of Task 79,2023-02-08,2023-02-04,Pending,TSK_150_79
PRJ_150,MLS_1499,Milestone Completion of Task 89,2023-02-11,2023-02-11,Pending,TSK_150_89
PRJ_150,MLS_1500,Milestone Completion of Task 99,2023-02-14,2023-02-10,Pending,TSK_150_99
PRJ_151,MLS_1501,Milestone Completion of Task 9,2023-01-18,2023-01-30,Delayed,TSK_151_09
PRJ_151,MLS_1502,Milestone Completion of Task 19,2023-01-21,2023-01-21,Completed,TSK_151_19
PRJ_151,MLS_1503,Milestone Completion of Task 29,2023-01-24,2023-01-24,Pending,TSK_151_29
PRJ_151,MLS_1504,Milestone Completion of Task 39,2023-01-27,2023-01-23,Pending,TSK_151_39
PRJ_151,MLS_1505,Milestone Completion of Task 49,2023-01-30,2023-02-11,Delayed,TSK_151_49
PRJ_151,MLS_1506,Milestone Completion of Task 59,2023-02-02,2023-02-09,Delayed,TSK_151_59
PRJ_151,MLS_1507,Milestone Completion of Task 69,2023-02-05,2023-02-05,Pending,TSK_151_69
PRJ_151,MLS_1508,Milestone Completion of Task 79,2023-02-08,2023-02-04,Pending,TSK_151_79
PRJ_151,MLS_1509,Milestone Completion of Task 89,2023-02-11,2023-02-21,Delayed,TSK_151_89
PRJ_151,MLS_1510,Milestone Completion of Task 99,2023-02-14,2023-03-01,Delayed,TSK_151_99
PRJ_152,MLS_1511,Milestone Completion of Task 9,2023-01-18,2023-02-02,Delayed,TSK_152_09
PRJ_152,MLS_1512,Milestone Completion of Task 19,2023-01-21,2023-02-05,Delayed,TSK_152_19
PRJ_152,MLS_1513,Milestone Completion of Task 29,2023-01-24,2023-01-20,Completed,TSK_152_29
PRJ_152,MLS_1514,Milestone Completion of Task 39,2023-01-27,2023-02-11,Delayed,TSK_152_39
PRJ_152,MLS_1515,Milestone Completion of Task 49,2023-01-30,2023-02-14,Delayed,TSK_152_49
PRJ_152,MLS_1516,Milestone Completion of Task 59,2023-02-02,2023-02-17,Delayed,TSK_152_59
PRJ_152,MLS_1517,Milestone Completion of Task 69,2023-02-05,2023-02-01,Pending,TSK_152_69
PRJ_152,MLS_1518,Milestone Completion of Task 79,2023-02-08,2023-02-04,Pending,TSK_152_79
PRJ_152,MLS_1519,Milestone Completion of Task 89,2023-02-11,2023-02-07,Pending,TSK_152_89
PRJ_152,MLS_1520,Milestone Completion of Task 99,2023-02-14,2023-02-10,Pending,TSK_152_99
PRJ_153,MLS_1521,Milestone Completion of Task 9,2023-01-18,2023-01-14,Completed,TSK_153_09
PRJ_153,MLS_1522,Milestone Completion of Task 19,2023-01-21,2023-02-05,Delayed,TSK_153_19
PRJ_153,MLS_1523,Milestone Completion of Task 29,2023-01-24,2023-01-20,Completed,TSK_153_29
PRJ_153,MLS_1524,Milestone Completion of Task 39,2023-01-27,2023-01-29,Delayed,TSK_153_39
PRJ_153,MLS_1525,Milestone Completion of Task 49,2023-01-30,2023-02-09,Delayed,TSK_153_49
PRJ_153,MLS_1526,Milestone Completion of Task 59,2023-02-02,2023-02-14,Delayed,TSK_153_59
PRJ_153,MLS_1527,Milestone Completion of Task 69,2023-02-05,2023-02-01,Pending,TSK_153_69
PRJ_153,MLS_1528,Milestone Completion of Task 79,2023-02-08,2023-02-04,Pending,TSK_153_79
PRJ_153,MLS_1529,Milestone Completion of Task 89,2023-02-11,2023-02-21,Delayed,TSK_153_89
PRJ_153,MLS_1530,Milestone Completion of Task 99,2023-02-14,2023-02-14,Pending,TSK_153_99
PRJ_154,MLS_1531,Milestone Completion of Task 9,2023-01-18,2023-01-28,Delayed,TSK_154_09
PRJ_154,MLS_1532,Milestone Completion of Task 19,2023-01-21,2023-01-17,Completed,TSK_154_19
PRJ_154,MLS_1533,Milestone Completion of Task 29,2023-01-24,2023-01-26,Delayed,TSK_154_29
PRJ_154,MLS_1534,Milestone Completion of Task 39,2023-01-27,2023-02-03,Delayed,TSK_154_39
PRJ_154,MLS_1535,Milestone Completion of Task 49,2023-01-30,2023-01-26,Pending,TSK_154_49
PRJ_154,MLS_1536,Milestone Completion of Task 59,2023-02-02,2023-02-04,Delayed,TSK_154_59
PRJ_154,MLS_1537,Milestone Completion of Task 69,2023-02-05,2023-02-01,Pending,TSK_154_69
PRJ_154,MLS_1538,Milestone Completion of Task 79,2023-02-08,2023-02-04,Pending,TSK_154_79
PRJ_154,MLS_1539,Milestone Completion of Task 89,2023-02-11,2023-02-26,Delayed,TSK_154_89
PRJ_154,MLS_1540,Milestone Completion of Task 99,2023-02-14,2023-02-19,Delayed,TSK_154_99
PRJ_155,MLS_1541,Milestone Completion of Task 9,2023-01-18,2023-01-22,Completed,TSK_155_09
PRJ_155,MLS_1542,Milestone Completion of Task 19,2023-01-21,2023-01-27,Delayed,TSK_155_19
PRJ_155,MLS_1543,Milestone Completion of Task 29,2023-01-24,2023-01-21,Completed,TSK_155_29
PRJ_155,MLS_1544,Milestone Completion of Task 39,2023-01-27,2023-01-27,Pending,TSK_155_39
PRJ_155,MLS_1545,Milestone Completion of Task 49,2023-01-30,2023-02-10,Delayed,TSK_155_49
PRJ_155,MLS_1546,Milestone Completion of Task 59,2023-02-02,2023-01-29,Pending,TSK_155_59
PRJ_155,MLS_1547,Milestone Completion of Task 69,2023-02-05,2023-02-13,Delayed,TSK_155_69
PRJ_155,MLS_1548,Milestone Completion of Task 79,2023-02-08,2023-02-09,Delayed,TSK_155_79
PRJ_155,MLS_1549,Milestone Completion of Task 89,2023-02-11,2023-02-11,Pending,TSK_155_89
PRJ_155,MLS_1550,Milestone Completion of Task 99,2023-02-14,2023-02-28,Delayed,TSK_155_99
PRJ_156,MLS_1551,Milestone Completion of Task 9,2023-01-18,2023-01-26,Delayed,TSK_156_09
PRJ_156,MLS_1552,Milestone Completion of Task 19,2023-01-21,2023-01-17,Completed,TSK_156_19
PRJ_156,MLS_1553,Milestone Completion of Task 29,2023-01-24,2023-01-20,Completed,TSK_156_29
PRJ_156,MLS_1554,Milestone Completion of Task 39,2023-01-27,2023-01-23,Pending,TSK_156_39
PRJ_156,MLS_1555,Milestone Completion of Task 49,2023-01-30,2023-01-28,Pending,TSK_156_49
PRJ_156,MLS_1556,Milestone Completion of Task 59,2023-02-02,2023-02-17,Delayed,TSK_156_59
PRJ_156,MLS_1557,Milestone Completion of Task 69,2023-02-05,2023-02-01,Pending,TSK_156_69
PRJ_156,MLS_1558,Milestone Completion of Task 79,2023-02-08,2023-02-23,Delayed,TSK_156_79
PRJ_156,MLS_1559,Milestone Completion of Task 89,2023-02-11,2023-02-26,Delayed,TSK_156_89
PRJ_156,MLS_1560,Milestone Completion of Task 99,2023-02-14,2023-03-01,Delayed,TSK_156_99
PRJ_157,MLS_1561,Milestone Completion of Task 9,2023-01-18,2023-01-14,Completed,TSK_157_09
PRJ_157,MLS_1562,Milestone Completion of Task 19,2023-01-21,2023-01-21,Completed,TSK_157_19
PRJ_157,MLS_1563,Milestone Completion of Task 29,2023-01-24,2023-01-26,Delayed,TSK_157_29
PRJ_157,MLS_1564,Milestone Completion of Task 39,2023-01-27,2023-01-23,Pending,TSK_157_39
PRJ_157,MLS_1565,Milestone Completion of Task 49,2023-01-30,2023-02-01,Delayed,TSK_157_49
PRJ_157,MLS_1566,Milestone Completion of Task 59,2023-02-02,2023-02-17,Delayed,TSK_157_59
PRJ_157,MLS_1567,Milestone Completion of Task 69,2023-02-05,2023-02-01,Pending,TSK_157_69
PRJ_157,MLS_1568,Milestone Completion of Task 79,2023-02-08,2023-02-08,Pending,TSK_157_79
PRJ_157,MLS_1569,Milestone Completion of Task 89,2023-02-11,2023-02-09,Pending,TSK_157_89
PRJ_157,MLS_1570,Milestone Completion of Task 99,2023-02-14,2023-02-10,Pending,TSK_157_99
PRJ_158,MLS_1571,Milestone Completion of Task 9,2023-01-18,2023-01-18,Completed,TSK_158_09
PRJ_158,MLS_1572,Milestone Completion of Task 19,2023-01-21,2023-01-17,Completed,TSK_158_19
PRJ_158,MLS_1573,Milestone Completion of Task 29,2023-01-24,2023-02-08,Delayed,TSK_158_29
PRJ_158,MLS_1574,Milestone Completion of Task 39,2023-01-27,2023-01-27,Pending,TSK_158_39
PRJ_158,MLS_1575,Milestone Completion of Task 49,2023-01-30,2023-02-14,Delayed,TSK_158_49
PRJ_158,MLS_1576,Milestone Completion of Task 59,2023-02-02,2023-01-29,Pending,TSK_158_59
PRJ_158,MLS_1577,Milestone Completion of Task 69,2023-02-05,2023-02-20,Delayed,TSK_158_69
PRJ_158,MLS_1578,Milestone Completion of Task 79,2023-02-08,2023-02-23,Delayed,TSK_158_79
PRJ_158,MLS_1579,Milestone Completion of Task 89,2023-02-11,2023-02-26,Delayed,TSK_158_89
PRJ_158,MLS_1580,Milestone Completion of Task 99,2023-02-14,2023-02-10,Pending,TSK_158_99
PRJ_159,MLS_1581,Milestone Completion of Task 9,2023-01-18,2023-02-02,Delayed,TSK_159_09
PRJ_159,MLS_1582,Milestone Completion of Task 19,2023-01-21,2023-01-17,Completed,TSK_159_19
PRJ_159,MLS_1583,Milestone Completion of Task 29,2023-01-24,2023-01-20,Completed,TSK_159_29
PRJ_159,MLS_1584,Milestone Completion of Task 39,2023-01-27,2023-01-23,Pending,TSK_159_39
PRJ_159,MLS_1585,Milestone Completion of Task 49,2023-01-30,2023-01-26,Pending,TSK_159_49
PRJ_159,MLS_1586,Milestone Completion of Task 59,2023-02-02,2023-02-17,Delayed,TSK_159_59
PRJ_159,MLS_1587,Milestone Completion of Task 69,2023-02-05,2023-02-20,Delayed,TSK_159_69
PRJ_159,MLS_1588,Milestone Completion of Task 79,2023-02-08,2023-02-04,Pending,TSK_159_79
PRJ_159,MLS_1589,Milestone Completion of Task 89,2023-02-11,2023-02-07,Pending,TSK_159_89
PRJ_159,MLS_1590,Milestone Completion of Task 99,2023-02-14,2023-02-10,Pending,TSK_159_99
PRJ_160,MLS_1591,Milestone Completion of Task 9,2023-01-19,2023-01-15,Completed,TSK_160_09
PRJ_160,MLS_1592,Milestone Completion of Task 19,2023-01-22,2023-02-06,Delayed,TSK_160_19
PRJ_160,MLS_1593,Milestone Completion of Task 29,2023-01-25,2023-02-09,Delayed,TSK_160_29
PRJ_160,MLS_1594,Milestone Completion of Task 39,2023-01-28,2023-01-24,Pending,TSK_160_39
PRJ_160,MLS_1595,Milestone Completion of Task 49,2023-01-31,2023-02-15,Delayed,TSK_160_49
PRJ_160,MLS_1596,Milestone Completion of Task 59,2023-02-03,2023-02-18,Delayed,TSK_160_59
PRJ_160,MLS_1597,Milestone Completion of Task 69,2023-02-06,2023-02-02,Pending,TSK_160_69
PRJ_160,MLS_1598,Milestone Completion of Task 79,2023-02-09,2023-02-05,Pending,TSK_160_79
PRJ_160,MLS_1599,Milestone Completion of Task 89,2023-02-12,2023-02-27,Delayed,TSK_160_89
PRJ_160,MLS_1600,Milestone Completion of Task 99,2023-02-15,2023-02-11,Pending,TSK_160_99
PRJ_161,MLS_1601,Milestone Completion of Task 9,2023-01-19,2023-02-03,Delayed,TSK_161_09
PRJ_161,MLS_1602,Milestone Completion of Task 19,2023-01-22,2023-01-18,Completed,TSK_161_19
PRJ_161,MLS_1603,Milestone Completion of Task 29,2023-01-25,2023-01-21,Completed,TSK_161_29
PRJ_161,MLS_1604,Milestone Completion of Task 39,2023-01-28,2023-01-24,Pending,TSK_161_39
PRJ_161,MLS_1605,Milestone Completion of Task 49,2023-01-31,2023-02-15,Delayed,TSK_161_49
PRJ_161,MLS_1606,Milestone Completion of Task 59,2023-02-03,2023-01-30,Pending,TSK_161_59
PRJ_161,MLS_1607,Milestone Completion of Task 69,2023-02-06,2023-02-21,Delayed,TSK_161_69
PRJ_161,MLS_1608,Milestone Completion of Task 79,2023-02-09,2023-02-05,Pending,TSK_161_79
PRJ_161,MLS_1609,Milestone Completion of Task 89,2023-02-12,2023-02-08,Pending,TSK_161_89
PRJ_161,MLS_1610,Milestone Completion of Task 99,2023-02-15,2023-03-02,Delayed,TSK_161_99
PRJ_162,MLS_1611,Milestone Completion of Task 9,2023-01-19,2023-01-26,Delayed,TSK_162_09
PRJ_162,MLS_1612,Milestone Completion of Task 19,2023-01-22,2023-02-06,Delayed,TSK_162_19
PRJ_162,MLS_1613,Milestone Completion of Task 29,2023-01-25,2023-02-01,Delayed,TSK_162_29
PRJ_162,MLS_1614,Milestone Completion of Task 39,2023-01-28,2023-01-31,Delayed,TSK_162_39
PRJ_162,MLS_1615,Milestone Completion of Task 49,2023-01-31,2023-01-27,Pending,TSK_162_49
PRJ_162,MLS_1616,Milestone Completion of Task 59,2023-02-03,2023-01-30,Pending,TSK_162_59
PRJ_162,MLS_1617,Milestone Completion of Task 69,2023-02-06,2023-02-21,Delayed,TSK_162_69
PRJ_162,MLS_1618,Milestone Completion of Task 79,2023-02-09,2023-02-24,Delayed,TSK_162_79
PRJ_162,MLS_1619,Milestone Completion of Task 89,2023-02-12,2023-02-08,Pending,TSK_162_89
PRJ_162,MLS_1620,Milestone Completion of Task 99,2023-02-15,2023-02-14,Pending,TSK_162_99
PRJ_163,MLS_1621,Milestone Completion of Task 9,2023-01-19,2023-01-15,Completed,TSK_163_09
PRJ_163,MLS_1622,Milestone Completion of Task 19,2023-01-22,2023-02-06,Delayed,TSK_163_19
PRJ_163,MLS_1623,Milestone Completion of Task 29,2023-01-25,2023-01-25,Pending,TSK_163_29
PRJ_163,MLS_1624,Milestone Completion of Task 39,2023-01-28,2023-01-30,Delayed,TSK_163_39
PRJ_163,MLS_1625,Milestone Completion of Task 49,2023-01-31,2023-02-15,Delayed,TSK_163_49
PRJ_163,MLS_1626,Milestone Completion of Task 59,2023-02-03,2023-02-05,Delayed,TSK_163_59
PRJ_163,MLS_1627,Milestone Completion of Task 69,2023-02-06,2023-02-02,Pending,TSK_163_69
PRJ_163,MLS_1628,Milestone Completion of Task 79,2023-02-09,2023-02-05,Pending,TSK_163_79
PRJ_163,MLS_1629,Milestone Completion of Task 89,2023-02-12,2023-02-27,Delayed,TSK_163_89
PRJ_163,MLS_1630,Milestone Completion of Task 99,2023-02-15,2023-03-02,Delayed,TSK_163_99
PRJ_164,MLS_1631,Milestone Completion of Task 9,2023-01-19,2023-01-23,Delayed,TSK_164_09
PRJ_164,MLS_1632,Milestone Completion of Task 19,2023-01-22,2023-01-18,Completed,TSK_164_19
PRJ_164,MLS_1633,Milestone Completion of Task 29,2023-01-25,2023-02-03,Delayed,TSK_164_29
PRJ_164,MLS_1634,Milestone Completion of Task 39,2023-01-28,2023-02-12,Delayed,TSK_164_39
PRJ_164,MLS_1635,Milestone Completion of Task 49,2023-01-31,2023-02-09,Delayed,TSK_164_49
PRJ_164,MLS_1636,Milestone Completion of Task 59,2023-02-03,2023-01-30,Pending,TSK_164_59
PRJ_164,MLS_1637,Milestone Completion of Task 69,2023-02-06,2023-02-21,Delayed,TSK_164_69
PRJ_164,MLS_1638,Milestone Completion of Task 79,2023-02-09,2023-02-05,Pending,TSK_164_79
PRJ_164,MLS_1639,Milestone Completion of Task 89,2023-02-12,2023-02-27,Delayed,TSK_164_89
PRJ_164,MLS_1640,Milestone Completion of Task 99,2023-02-15,2023-02-11,Pending,TSK_164_99
PRJ_165,MLS_1641,Milestone Completion of Task 9,2023-01-19,2023-01-19,Completed,TSK_165_09
PRJ_165,MLS_1642,Milestone Completion of Task 19,2023-01-22,2023-01-18,Completed,TSK_165_19
PRJ_165,MLS_1643,Milestone Completion of Task 29,2023-01-25,2023-01-21,Completed,TSK_165_29
PRJ_165,MLS_1644,Milestone Completion of Task 39,2023-01-28,2023-01-24,Pending,TSK_165_39
PRJ_165,MLS_1645,Milestone Completion of Task 49,2023-01-31,2023-01-31,Pending,TSK_165_49
PRJ_165,MLS_1646,Milestone Completion of Task 59,2023-02-03,2023-01-30,Pending,TSK_165_59
PRJ_165,MLS_1647,Milestone Completion of Task 69,2023-02-06,2023-02-18,Delayed,TSK_165_69
PRJ_165,MLS_1648,Milestone Completion of Task 79,2023-02-09,2023-02-05,Pending,TSK_165_79
PRJ_165,MLS_1649,Milestone Completion of Task 89,2023-02-12,2023-02-08,Pending,TSK_165_89
PRJ_165,MLS_1650,Milestone Completion of Task 99,2023-02-15,2023-03-02,Delayed,TSK_165_99
PRJ_166,MLS_1651,Milestone Completion of Task 9,2023-01-19,2023-01-25,Delayed,TSK_166_09
PRJ_166,MLS_1652,Milestone Completion of Task 19,2023-01-22,2023-01-18,Completed,TSK_166_19
PRJ_166,MLS_1653,Milestone Completion of Task 29,2023-01-25,2023-02-02,Delayed,TSK_166_29
PRJ_166,MLS_1654,Milestone Completion of Task 39,2023-01-28,2023-01-28,Pending,TSK_166_39
PRJ_166,MLS_1655,Milestone Completion of Task 49,2023-01-31,2023-01-31,Pending,TSK_166_49
PRJ_166,MLS_1656,Milestone Completion of Task 59,2023-02-03,2023-02-03,Pending,TSK_166_59
PRJ_166,MLS_1657,Milestone Completion of Task 69,2023-02-06,2023-02-20,Delayed,TSK_166_69
PRJ_166,MLS_1658,Milestone Completion of Task 79,2023-02-09,2023-02-23,Delayed,TSK_166_79
PRJ_166,MLS_1659,Milestone Completion of Task 89,2023-02-12,2023-02-21,Delayed,TSK_166_89
PRJ_166,MLS_1660,Milestone Completion of Task 99,2023-02-15,2023-02-27,Delayed,TSK_166_99
PRJ_167,MLS_1661,Milestone Completion of Task 9,2023-01-19,2023-01-15,Completed,TSK_167_09
PRJ_167,MLS_1662,Milestone Completion of Task 19,2023-01-22,2023-01-18,Completed,TSK_167_19
PRJ_167,MLS_1663,Milestone Completion of Task 29,2023-01-25,2023-02-07,Delayed,TSK_167_29
PRJ_167,MLS_1664,Milestone Completion of Task 39,2023-01-28,2023-02-10,Delayed,TSK_167_39
PRJ_167,MLS_1665,Milestone Completion of Task 49,2023-01-31,2023-01-31,Pending,TSK_167_49
PRJ_167,MLS_1666,Milestone Completion of Task 59,2023-02-03,2023-01-30,Pending,TSK_167_59
PRJ_167,MLS_1667,Milestone Completion of Task 69,2023-02-06,2023-02-06,Pending,TSK_167_69
PRJ_167,MLS_1668,Milestone Completion of Task 79,2023-02-09,2023-02-05,Pending,TSK_167_79
PRJ_167,MLS_1669,Milestone Completion of Task 89,2023-02-12,2023-02-14,Delayed,TSK_167_89
PRJ_167,MLS_1670,Milestone Completion of Task 99,2023-02-15,2023-03-02,Delayed,TSK_167_99
PRJ_168,MLS_1671,Milestone Completion of Task 9,2023-01-19,2023-02-03,Delayed,TSK_168_09
PRJ_168,MLS_1672,Milestone Completion of Task 19,2023-01-22,2023-02-06,Delayed,TSK_168_19
PRJ_168,MLS_1673,Milestone Completion of Task 29,2023-01-25,2023-02-09,Delayed,TSK_168_29
PRJ_168,MLS_1674,Milestone Completion of Task 39,2023-01-28,2023-02-12,Delayed,TSK_168_39
PRJ_168,MLS_1675,Milestone Completion of Task 49,2023-01-31,2023-01-27,Pending,TSK_168_49
PRJ_168,MLS_1676,Milestone Completion of Task 59,2023-02-03,2023-01-30,Pending,TSK_168_59
PRJ_168,MLS_1677,Milestone Completion of Task 69,2023-02-06,2023-02-11,Delayed,TSK_168_69
PRJ_168,MLS_1678,Milestone Completion of Task 79,2023-02-09,2023-02-05,Pending,TSK_168_79
PRJ_168,MLS_1679,Milestone Completion of Task 89,2023-02-12,2023-02-12,Pending,TSK_168_89
PRJ_168,MLS_1680,Milestone Completion of Task 99,2023-02-15,2023-02-15,Pending,TSK_168_99
PRJ_169,MLS_1681,Milestone Completion of Task 9,2023-01-19,2023-01-15,Completed,TSK_169_09
PRJ_169,MLS_1682,Milestone Completion of Task 19,2023-01-22,2023-01-18,Completed,TSK_169_19
PRJ_169,MLS_1683,Milestone Completion of Task 29,2023-01-25,2023-02-09,Delayed,TSK_169_29
PRJ_169,MLS_1684,Milestone Completion of Task 39,2023-01-28,2023-02-12,Delayed,TSK_169_39
PRJ_169,MLS_1685,Milestone Completion of Task 49,2023-01-31,2023-01-27,Pending,TSK_169_49
PRJ_169,MLS_1686,Milestone Completion of Task 59,2023-02-03,2023-02-18,Delayed,TSK_169_59
PRJ_169,MLS_1687,Milestone Completion of Task 69,2023-02-06,2023-02-21,Delayed,TSK_169_69
PRJ_169,MLS_1688,Milestone Completion of Task 79,2023-02-09,2023-02-05,Pending,TSK_169_79
PRJ_169,MLS_1689,Milestone Completion of Task 89,2023-02-12,2023-02-27,Delayed,TSK_169_89
PRJ_169,MLS_1690,Milestone Completion of Task 99,2023-02-15,2023-03-02,Delayed,TSK_169_99
PRJ_170,MLS_1691,Milestone Completion of Task 9,2023-01-19,2023-02-03,Delayed,TSK_170_09
PRJ_170,MLS_1692,Milestone Completion of Task 19,2023-01-22,2023-01-22,Completed,TSK_170_19
PRJ_170,MLS_1693,Milestone Completion of Task 29,2023-01-25,2023-01-21,Completed,TSK_170_29
PRJ_170,MLS_1694,Milestone Completion of Task 39,2023-01-28,2023-02-12,Delayed,TSK_170_39
PRJ_170,MLS_1695,Milestone Completion of Task 49,2023-01-31,2023-02-15,Delayed,TSK_170_49
PRJ_170,MLS_1696,Milestone Completion of Task 59,2023-02-03,2023-01-30,Pending,TSK_170_59
PRJ_170,MLS_1697,Milestone Completion of Task 69,2023-02-06,2023-02-02,Pending,TSK_170_69
PRJ_170,MLS_1698,Milestone Completion of Task 79,2023-02-09,2023-02-24,Delayed,TSK_170_79
PRJ_170,MLS_1699,Milestone Completion of Task 89,2023-02-12,2023-02-08,Pending,TSK_170_89
PRJ_170,MLS_1700,Milestone Completion of Task 99,2023-02-15,2023-02-11,Pending,TSK_170_99
PRJ_171,MLS_1701,Milestone Completion of Task 9,2023-01-19,2023-02-03,Delayed,TSK_171_09
PRJ_171,MLS_1702,Milestone Completion of Task 19,2023-01-22,2023-02-06,Delayed,TSK_171_19
PRJ_171,MLS_1703,Milestone Completion of Task 29,2023-01-25,2023-02-02,Delayed,TSK_171_29
PRJ_171,MLS_1704,Milestone Completion of Task 39,2023-01-28,2023-02-12,Delayed,TSK_171_39
PRJ_171,MLS_1705,Milestone Completion of Task 49,2023-01-31,2023-01-27,Pending,TSK_171_49
PRJ_171,MLS_1706,Milestone Completion of Task 59,2023-02-03,2023-01-30,Pending,TSK_171_59
PRJ_171,MLS_1707,Milestone Completion of Task 69,2023-02-06,2023-02-21,Delayed,TSK_171_69
PRJ_171,MLS_1708,Milestone Completion of Task 79,2023-02-09,2023-02-24,Delayed,TSK_171_79
PRJ_171,MLS_1709,Milestone Completion of Task 89,2023-02-12,2023-02-12,Pending,TSK_171_89
PRJ_171,MLS_1710,Milestone Completion of Task 99,2023-02-15,2023-02-11,Pending,TSK_171_99
PRJ_172,MLS_1711,Milestone Completion of Task 9,2023-01-19,2023-01-28,Delayed,TSK_172_09
PRJ_172,MLS_1712,Milestone Completion of Task 19,2023-01-22,2023-01-31,Delayed,TSK_172_19
PRJ_172,MLS_1713,Milestone Completion of Task 29,2023-01-25,2023-01-21,Completed,TSK_172_29
PRJ_172,MLS_1714,Milestone Completion of Task 39,2023-01-28,2023-01-24,Pending,TSK_172_39
PRJ_172,MLS_1715,Milestone Completion of Task 49,2023-01-31,2023-01-27,Pending,TSK_172_49
PRJ_172,MLS_1716,Milestone Completion of Task 59,2023-02-03,2023-01-30,Pending,TSK_172_59
PRJ_172,MLS_1717,Milestone Completion of Task 69,2023-02-06,2023-02-02,Pending,TSK_172_69
PRJ_172,MLS_1718,Milestone Completion of Task 79,2023-02-09,2023-02-05,Pending,TSK_172_79
PRJ_172,MLS_1719,Milestone Completion of Task 89,2023-02-12,2023-02-16,Delayed,TSK_172_89
PRJ_172,MLS_1720,Milestone Completion of Task 99,2023-02-15,2023-02-17,Delayed,TSK_172_99
PRJ_173,MLS_1721,Milestone Completion of Task 9,2023-01-19,2023-01-21,Completed,TSK_173_09
PRJ_173,MLS_1722,Milestone Completion of Task 19,2023-01-22,2023-01-18,Completed,TSK_173_19
PRJ_173,MLS_1723,Milestone Completion of Task 29,2023-01-25,2023-01-21,Completed,TSK_173_29
PRJ_173,MLS_1724,Milestone Completion of Task 39,2023-01-28,2023-02-12,Delayed,TSK_173_39
PRJ_173,MLS_1725,Milestone Completion of Task 49,2023-01-31,2023-02-06,Delayed,TSK_173_49
PRJ_173,MLS_1726,Milestone Completion of Task 59,2023-02-03,2023-02-12,Delayed,TSK_173_59
PRJ_173,MLS_1727,Milestone Completion of Task 69,2023-02-06,2023-02-10,Delayed,TSK_173_69
PRJ_173,MLS_1728,Milestone Completion of Task 79,2023-02-09,2023-02-20,Delayed,TSK_173_79
PRJ_173,MLS_1729,Milestone Completion of Task 89,2023-02-12,2023-02-27,Delayed,TSK_173_89
PRJ_173,MLS_1730,Milestone Completion of Task 99,2023-02-15,2023-03-02,Delayed,TSK_173_99
PRJ_174,MLS_1731,Milestone Completion of Task 9,2023-01-20,2023-02-04,Delayed,TSK_174_09
PRJ_174,MLS_1732,Milestone Completion of Task 19,2023-01-23,2023-01-19,Completed,TSK_174_19
PRJ_174,MLS_1733,Milestone Completion of Task 29,2023-01-26,2023-02-10,Delayed,TSK_174_29
PRJ_174,MLS_1734,Milestone Completion of Task 39,2023-01-29,2023-01-29,Pending,TSK_174_39
PRJ_174,MLS_1735,Milestone Completion of Task 49,2023-02-01,2023-02-16,Delayed,TSK_174_49
PRJ_174,MLS_1736,Milestone Completion of Task 59,2023-02-04,2023-02-04,Pending,TSK_174_59
PRJ_174,MLS_1737,Milestone Completion of Task 69,2023-02-07,2023-02-03,Pending,TSK_174_69
PRJ_174,MLS_1738,Milestone Completion of Task 79,2023-02-10,2023-02-06,Pending,TSK_174_79
PRJ_174,MLS_1739,Milestone Completion of Task 89,2023-02-13,2023-02-09,Pending,TSK_174_89
PRJ_174,MLS_1740,Milestone Completion of Task 99,2023-02-16,2023-02-12,Pending,TSK_174_99
PRJ_175,MLS_1741,Milestone Completion of Task 9,2023-01-20,2023-01-22,Completed,TSK_175_09
PRJ_175,MLS_1742,Milestone Completion of Task 19,2023-01-23,2023-01-19,Completed,TSK_175_19
PRJ_175,MLS_1743,Milestone Completion of Task 29,2023-01-26,2023-01-22,Completed,TSK_175_29
PRJ_175,MLS_1744,Milestone Completion of Task 39,2023-01-29,2023-01-25,Pending,TSK_175_39
PRJ_175,MLS_1745,Milestone Completion of Task 49,2023-02-01,2023-02-16,Delayed,TSK_175_49
PRJ_175,MLS_1746,Milestone Completion of Task 59,2023-02-04,2023-02-09,Delayed,TSK_175_59
PRJ_175,MLS_1747,Milestone Completion of Task 69,2023-02-07,2023-02-15,Delayed,TSK_175_69
PRJ_175,MLS_1748,Milestone Completion of Task 79,2023-02-10,2023-02-25,Delayed,TSK_175_79
PRJ_175,MLS_1749,Milestone Completion of Task 89,2023-02-13,2023-02-09,Pending,TSK_175_89
PRJ_175,MLS_1750,Milestone Completion of Task 99,2023-02-16,2023-02-12,Pending,TSK_175_99
PRJ_176,MLS_1751,Milestone Completion of Task 9,2023-01-20,2023-01-17,Completed,TSK_176_09
PRJ_176,MLS_1752,Milestone Completion of Task 19,2023-01-23,2023-02-07,Delayed,TSK_176_19
PRJ_176,MLS_1753,Milestone Completion of Task 29,2023-01-26,2023-01-26,Pending,TSK_176_29
PRJ_176,MLS_1754,Milestone Completion of Task 39,2023-01-29,2023-02-13,Delayed,TSK_176_39
PRJ_176,MLS_1755,Milestone Completion of Task 49,2023-02-01,2023-02-10,Delayed,TSK_176_49
PRJ_176,MLS_1756,Milestone Completion of Task 59,2023-02-04,2023-01-31,Pending,TSK_176_59
PRJ_176,MLS_1757,Milestone Completion of Task 69,2023-02-07,2023-02-22,Delayed,TSK_176_69
PRJ_176,MLS_1758,Milestone Completion of Task 79,2023-02-10,2023-02-13,Delayed,TSK_176_79
PRJ_176,MLS_1759,Milestone Completion of Task 89,2023-02-13,2023-02-25,Delayed,TSK_176_89
PRJ_176,MLS_1760,Milestone Completion of Task 99,2023-02-16,2023-02-12,Pending,TSK_176_99
PRJ_177,MLS_1761,Milestone Completion of Task 9,2023-01-20,2023-01-16,Completed,TSK_177_09
PRJ_177,MLS_1762,Milestone Completion of Task 19,2023-01-23,2023-01-21,Completed,TSK_177_19
PRJ_177,MLS_1763,Milestone Completion of Task 29,2023-01-26,2023-01-22,Completed,TSK_177_29
PRJ_177,MLS_1764,Milestone Completion of Task 39,2023-01-29,2023-01-25,Pending,TSK_177_39
PRJ_177,MLS_1765,Milestone Completion of Task 49,2023-02-01,2023-02-16,Delayed,TSK_177_49
PRJ_177,MLS_1766,Milestone Completion of Task 59,2023-02-04,2023-01-31,Pending,TSK_177_59
PRJ_177,MLS_1767,Milestone Completion of Task 69,2023-02-07,2023-02-03,Pending,TSK_177_69
PRJ_177,MLS_1768,Milestone Completion of Task 79,2023-02-10,2023-02-17,Delayed,TSK_177_79
PRJ_177,MLS_1769,Milestone Completion of Task 89,2023-02-13,2023-02-15,Delayed,TSK_177_89
PRJ_177,MLS_1770,Milestone Completion of Task 99,2023-02-16,2023-02-26,Delayed,TSK_177_99
PRJ_178,MLS_1771,Milestone Completion of Task 9,2023-01-20,2023-01-16,Completed,TSK_178_09
PRJ_178,MLS_1772,Milestone Completion of Task 19,2023-01-23,2023-01-19,Completed,TSK_178_19
PRJ_178,MLS_1773,Milestone Completion of Task 29,2023-01-26,2023-02-10,Delayed,TSK_178_29
PRJ_178,MLS_1774,Milestone Completion of Task 39,2023-01-29,2023-02-13,Delayed,TSK_178_39
PRJ_178,MLS_1775,Milestone Completion of Task 49,2023-02-01,2023-02-16,Delayed,TSK_178_49
PRJ_178,MLS_1776,Milestone Completion of Task 59,2023-02-04,2023-02-19,Delayed,TSK_178_59
PRJ_178,MLS_1777,Milestone Completion of Task 69,2023-02-07,2023-02-22,Delayed,TSK_178_69
PRJ_178,MLS_1778,Milestone Completion of Task 79,2023-02-10,2023-02-06,Pending,TSK_178_79
PRJ_178,MLS_1779,Milestone Completion of Task 89,2023-02-13,2023-02-28,Delayed,TSK_178_89
PRJ_178,MLS_1780,Milestone Completion of Task 99,2023-02-16,2023-03-03,Delayed,TSK_178_99
PRJ_179,MLS_1781,Milestone Completion of Task 9,2023-01-20,2023-01-16,Completed,TSK_179_09
PRJ_179,MLS_1782,Milestone Completion of Task 19,2023-01-23,2023-01-19,Completed,TSK_179_19
PRJ_179,MLS_1783,Milestone Completion of Task 29,2023-01-26,2023-01-22,Completed,TSK_179_29
PRJ_179,MLS_1784,Milestone Completion of Task 39,2023-01-29,2023-01-29,Pending,TSK_179_39
PRJ_179,MLS_1785,Milestone Completion of Task 49,2023-02-01,2023-02-16,Delayed,TSK_179_49
PRJ_179,MLS_1786,Milestone Completion of Task 59,2023-02-04,2023-02-19,Delayed,TSK_179_59
PRJ_179,MLS_1787,Milestone Completion of Task 69,2023-02-07,2023-02-07,Pending,TSK_179_69
PRJ_179,MLS_1788,Milestone Completion of Task 79,2023-02-10,2023-02-25,Delayed,TSK_179_79
PRJ_179,MLS_1789,Milestone Completion of Task 89,2023-02-13,2023-02-28,Delayed,TSK_179_89
PRJ_179,MLS_1790,Milestone Completion of Task 99,2023-02-16,2023-02-12,Pending,TSK_179_99
PRJ_180,MLS_1791,Milestone Completion of Task 9,2023-01-20,2023-01-24,Delayed,TSK_180_09
PRJ_180,MLS_1792,Milestone Completion of Task 19,2023-01-23,2023-01-23,Pending,TSK_180_19
PRJ_180,MLS_1793,Milestone Completion of Task 29,2023-01-26,2023-01-24,Pending,TSK_180_29
PRJ_180,MLS_1794,Milestone Completion of Task 39,2023-01-29,2023-01-29,Pending,TSK_180_39
PRJ_180,MLS_1795,Milestone Completion of Task 49,2023-02-01,2023-02-07,Delayed,TSK_180_49
PRJ_180,MLS_1796,Milestone Completion of Task 59,2023-02-04,2023-02-19,Delayed,TSK_180_59
PRJ_180,MLS_1797,Milestone Completion of Task 69,2023-02-07,2023-02-03,Pending,TSK_180_69
PRJ_180,MLS_1798,Milestone Completion of Task 79,2023-02-10,2023-02-25,Delayed,TSK_180_79
PRJ_180,MLS_1799,Milestone Completion of Task 89,2023-02-13,2023-02-13,Pending,TSK_180_89
PRJ_180,MLS_1800,Milestone Completion of Task 99,2023-02-16,2023-02-22,Delayed,TSK_180_99
PRJ_181,MLS_1801,Milestone Completion of Task 9,2023-01-20,2023-01-16,Completed,TSK_181_09
PRJ_181,MLS_1802,Milestone Completion of Task 19,2023-01-23,2023-01-25,Delayed,TSK_181_19
PRJ_181,MLS_1803,Milestone Completion of Task 29,2023-01-26,2023-01-22,Completed,TSK_181_29
PRJ_181,MLS_1804,Milestone Completion of Task 39,2023-01-29,2023-01-25,Pending,TSK_181_39
PRJ_181,MLS_1805,Milestone Completion of Task 49,2023-02-01,2023-02-01,Pending,TSK_181_49
PRJ_181,MLS_1806,Milestone Completion of Task 59,2023-02-04,2023-02-19,Delayed,TSK_181_59
PRJ_181,MLS_1807,Milestone Completion of Task 69,2023-02-07,2023-02-07,Pending,TSK_181_69
PRJ_181,MLS_1808,Milestone Completion of Task 79,2023-02-10,2023-02-06,Pending,TSK_181_79
PRJ_181,MLS_1809,Milestone Completion of Task 89,2023-02-13,2023-02-09,Pending,TSK_181_89
PRJ_181,MLS_1810,Milestone Completion of Task 99,2023-02-16,2023-02-23,Delayed,TSK_181_99
PRJ_182,MLS_1811,Milestone Completion of Task 9,2023-01-20,2023-01-20,Completed,TSK_182_09
PRJ_182,MLS_1812,Milestone Completion of Task 19,2023-01-23,2023-01-23,Pending,TSK_182_19
PRJ_182,MLS_1813,Milestone Completion of Task 29,2023-01-26,2023-02-06,Delayed,TSK_182_29
PRJ_182,MLS_1814,Milestone Completion of Task 39,2023-01-29,2023-02-09,Delayed,TSK_182_39
PRJ_182,MLS_1815,Milestone Completion of Task 49,2023-02-01,2023-01-28,Pending,TSK_182_49
PRJ_182,MLS_1816,Milestone Completion of Task 59,2023-02-04,2023-02-04,Pending,TSK_182_59
PRJ_182,MLS_1817,Milestone Completion of Task 69,2023-02-07,2023-02-03,Pending,TSK_182_69
PRJ_182,MLS_1818,Milestone Completion of Task 79,2023-02-10,2023-02-15,Delayed,TSK_182_79
PRJ_182,MLS_1819,Milestone Completion of Task 89,2023-02-13,2023-02-09,Pending,TSK_182_89
PRJ_182,MLS_1820,Milestone Completion of Task 99,2023-02-16,2023-02-19,Delayed,TSK_182_99
PRJ_183,MLS_1821,Milestone Completion of Task 9,2023-01-20,2023-02-01,Delayed,TSK_183_09
PRJ_183,MLS_1822,Milestone Completion of Task 19,2023-01-23,2023-01-21,Completed,TSK_183_19
PRJ_183,MLS_1823,Milestone Completion of Task 29,2023-01-26,2023-02-07,Delayed,TSK_183_29
PRJ_183,MLS_1824,Milestone Completion of Task 39,2023-01-29,2023-01-25,Pending,TSK_183_39
PRJ_183,MLS_1825,Milestone Completion of Task 49,2023-02-01,2023-01-28,Pending,TSK_183_49
PRJ_183,MLS_1826,Milestone Completion of Task 59,2023-02-04,2023-02-09,Delayed,TSK_183_59
PRJ_183,MLS_1827,Milestone Completion of Task 69,2023-02-07,2023-02-22,Delayed,TSK_183_69
PRJ_183,MLS_1828,Milestone Completion of Task 79,2023-02-10,2023-02-10,Pending,TSK_183_79
PRJ_183,MLS_1829,Milestone Completion of Task 89,2023-02-13,2023-02-09,Pending,TSK_183_89
PRJ_183,MLS_1830,Milestone Completion of Task 99,2023-02-16,2023-02-12,Pending,TSK_183_99
PRJ_184,MLS_1831,Milestone Completion of Task 9,2023-01-20,2023-01-20,Completed,TSK_184_09
PRJ_184,MLS_1832,Milestone Completion of Task 19,2023-01-23,2023-02-02,Delayed,TSK_184_19
PRJ_184,MLS_1833,Milestone Completion of Task 29,2023-01-26,2023-02-04,Delayed,TSK_184_29
PRJ_184,MLS_1834,Milestone Completion of Task 39,2023-01-29,2023-01-25,Pending,TSK_184_39
PRJ_184,MLS_1835,Milestone Completion of Task 49,2023-02-01,2023-01-28,Pending,TSK_184_49
PRJ_184,MLS_1836,Milestone Completion of Task 59,2023-02-04,2023-02-04,Pending,TSK_184_59
PRJ_184,MLS_1837,Milestone Completion of Task 69,2023-02-07,2023-02-06,Pending,TSK_184_69
PRJ_184,MLS_1838,Milestone Completion of Task 79,2023-02-10,2023-02-06,Pending,TSK_184_79
PRJ_184,MLS_1839,Milestone Completion of Task 89,2023-02-13,2023-02-09,Pending,TSK_184_89
PRJ_184,MLS_1840,Milestone Completion of Task 99,2023-02-16,2023-02-14,Pending,TSK_184_99
PRJ_185,MLS_1841,Milestone Completion of Task 9,2023-01-20,2023-01-16,Completed,TSK_185_09
PRJ_185,MLS_1842,Milestone Completion of Task 19,2023-01-23,2023-01-19,Completed,TSK_185_19
PRJ_185,MLS_1843,Milestone Completion of Task 29,2023-01-26,2023-01-22,Completed,TSK_185_29
PRJ_185,MLS_1844,Milestone Completion of Task 39,2023-01-29,2023-02-10,Delayed,TSK_185_39
PRJ_185,MLS_1845,Milestone Completion of Task 49,2023-02-01,2023-02-16,Delayed,TSK_185_49
PRJ_185,MLS_1846,Milestone Completion of Task 59,2023-02-04,2023-01-31,Pending,TSK_185_59
PRJ_185,MLS_1847,Milestone Completion of Task 69,2023-02-07,2023-02-03,Pending,TSK_185_69
PRJ_185,MLS_1848,Milestone Completion of Task 79,2023-02-10,2023-02-17,Delayed,TSK_185_79
PRJ_185,MLS_1849,Milestone Completion of Task 89,2023-02-13,2023-02-23,Delayed,TSK_185_89
PRJ_185,MLS_1850,Milestone Completion of Task 99,2023-02-16,2023-02-23,Delayed,TSK_185_99
PRJ_186,MLS_1851,Milestone Completion of Task 9,2023-01-20,2023-02-04,Delayed,TSK_186_09
PRJ_186,MLS_1852,Milestone Completion of Task 19,2023-01-23,2023-01-19,Completed,TSK_186_19
PRJ_186,MLS_1853,Milestone Completion of Task 29,2023-01-26,2023-02-10,Delayed,TSK_186_29
PRJ_186,MLS_1854,Milestone Completion of Task 39,2023-01-29,2023-02-13,Delayed,TSK_186_39
PRJ_186,MLS_1855,Milestone Completion of Task 49,2023-02-01,2023-01-28,Pending,TSK_186_49
PRJ_186,MLS_1856,Milestone Completion of Task 59,2023-02-04,2023-02-19,Delayed,TSK_186_59
PRJ_186,MLS_1857,Milestone Completion of Task 69,2023-02-07,2023-02-22,Delayed,TSK_186_69
PRJ_186,MLS_1858,Milestone Completion of Task 79,2023-02-10,2023-02-06,Pending,TSK_186_79
PRJ_186,MLS_1859,Milestone Completion of Task 89,2023-02-13,2023-02-28,Delayed,TSK_186_89
PRJ_186,MLS_1860,Milestone Completion of Task 99,2023-02-16,2023-03-03,Delayed,TSK_186_99
PRJ_187,MLS_1861,Milestone Completion of Task 9,2023-01-20,2023-02-04,Delayed,TSK_187_09
PRJ_187,MLS_1862,Milestone Completion of Task 19,2023-01-23,2023-01-20,Completed,TSK_187_19
PRJ_187,MLS_1863,Milestone Completion of Task 29,2023-01-26,2023-02-09,Delayed,TSK_187_29
PRJ_187,MLS_1864,Milestone Completion of Task 39,2023-01-29,2023-01-25,Pending,TSK_187_39
PRJ_187,MLS_1865,Milestone Completion of Task 49,2023-02-01,2023-02-04,Delayed,TSK_187_49
PRJ_187,MLS_1866,Milestone Completion of Task 59,2023-02-04,2023-01-31,Pending,TSK_187_59
PRJ_187,MLS_1867,Milestone Completion of Task 69,2023-02-07,2023-02-18,Delayed,TSK_187_69
PRJ_187,MLS_1868,Milestone Completion of Task 79,2023-02-10,2023-02-13,Delayed,TSK_187_79
PRJ_187,MLS_1869,Milestone Completion of Task 89,2023-02-13,2023-02-13,Pending,TSK_187_89
PRJ_187,MLS_1870,Milestone Completion of Task 99,2023-02-16,2023-03-03,Delayed,TSK_187_99
PRJ_188,MLS_1871,Milestone Completion of Task 9,2023-01-20,2023-01-20,Completed,TSK_188_09
PRJ_188,MLS_1872,Milestone Completion of Task 19,2023-01-23,2023-01-23,Pending,TSK_188_19
PRJ_188,MLS_1873,Milestone Completion of Task 29,2023-01-26,2023-01-22,Completed,TSK_188_29
PRJ_188,MLS_1874,Milestone Completion of Task 39,2023-01-29,2023-02-03,Delayed,TSK_188_39
PRJ_188,MLS_1875,Milestone Completion of Task 49,2023-02-01,2023-02-01,Pending,TSK_188_49
PRJ_188,MLS_1876,Milestone Completion of Task 59,2023-02-04,2023-02-19,Delayed,TSK_188_59
PRJ_188,MLS_1877,Milestone Completion of Task 69,2023-02-07,2023-02-22,Delayed,TSK_188_69
PRJ_188,MLS_1878,Milestone Completion of Task 79,2023-02-10,2023-02-06,Pending,TSK_188_79
PRJ_188,MLS_1879,Milestone Completion of Task 89,2023-02-13,2023-02-13,Pending,TSK_188_89
PRJ_188,MLS_1880,Milestone Completion of Task 99,2023-02-16,2023-02-16,Pending,TSK_188_99
PRJ_189,MLS_1881,Milestone Completion of Task 9,2023-01-21,2023-01-26,Delayed,TSK_189_09
PRJ_189,MLS_1882,Milestone Completion of Task 19,2023-01-24,2023-01-27,Delayed,TSK_189_19
PRJ_189,MLS_1883,Milestone Completion of Task 29,2023-01-27,2023-01-27,Pending,TSK_189_29
PRJ_189,MLS_1884,Milestone Completion of Task 39,2023-01-30,2023-01-26,Pending,TSK_189_39
PRJ_189,MLS_1885,Milestone Completion of Task 49,2023-02-02,2023-01-29,Pending,TSK_189_49
PRJ_189,MLS_1886,Milestone Completion of Task 59,2023-02-05,2023-02-12,Delayed,TSK_189_59
PRJ_189,MLS_1887,Milestone Completion of Task 69,2023-02-08,2023-02-09,Delayed,TSK_189_69
PRJ_189,MLS_1888,Milestone Completion of Task 79,2023-02-11,2023-02-07,Pending,TSK_189_79
PRJ_189,MLS_1889,Milestone Completion of Task 89,2023-02-14,2023-02-21,Delayed,TSK_189_89
PRJ_189,MLS_1890,Milestone Completion of Task 99,2023-02-17,2023-02-22,Delayed,TSK_189_99
PRJ_190,MLS_1891,Milestone Completion of Task 9,2023-01-21,2023-01-21,Completed,TSK_190_09
PRJ_190,MLS_1892,Milestone Completion of Task 19,2023-01-24,2023-01-31,Delayed,TSK_190_19
PRJ_190,MLS_1893,Milestone Completion of Task 29,2023-01-27,2023-01-23,Pending,TSK_190_29
PRJ_190,MLS_1894,Milestone Completion of Task 39,2023-01-30,2023-01-26,Pending,TSK_190_39
PRJ_190,MLS_1895,Milestone Completion of Task 49,2023-02-02,2023-01-29,Pending,TSK_190_49
PRJ_190,MLS_1896,Milestone Completion of Task 59,2023-02-05,2023-02-06,Delayed,TSK_190_59
PRJ_190,MLS_1897,Milestone Completion of Task 69,2023-02-08,2023-02-04,Pending,TSK_190_69
PRJ_190,MLS_1898,Milestone Completion of Task 79,2023-02-11,2023-02-09,Pending,TSK_190_79
PRJ_190,MLS_1899,Milestone Completion of Task 89,2023-02-14,2023-02-10,Pending,TSK_190_89
PRJ_190,MLS_1900,Milestone Completion of Task 99,2023-02-17,2023-02-17,Pending,TSK_190_99
PRJ_191,MLS_1901,Milestone Completion of Task 9,2023-01-21,2023-01-30,Delayed,TSK_191_09
PRJ_191,MLS_1902,Milestone Completion of Task 19,2023-01-24,2023-01-30,Delayed,TSK_191_19
PRJ_191,MLS_1903,Milestone Completion of Task 29,2023-01-27,2023-02-06,Delayed,TSK_191_29
PRJ_191,MLS_1904,Milestone Completion of Task 39,2023-01-30,2023-01-26,Pending,TSK_191_39
PRJ_191,MLS_1905,Milestone Completion of Task 49,2023-02-02,2023-01-29,Pending,TSK_191_49
PRJ_191,MLS_1906,Milestone Completion of Task 59,2023-02-05,2023-02-07,Delayed,TSK_191_59
PRJ_191,MLS_1907,Milestone Completion of Task 69,2023-02-08,2023-02-06,Pending,TSK_191_69
PRJ_191,MLS_1908,Milestone Completion of Task 79,2023-02-11,2023-02-13,Delayed,TSK_191_79
PRJ_191,MLS_1909,Milestone Completion of Task 89,2023-02-14,2023-02-10,Pending,TSK_191_89
PRJ_191,MLS_1910,Milestone Completion of Task 99,2023-02-17,2023-02-23,Delayed,TSK_191_99
PRJ_192,MLS_1911,Milestone Completion of Task 9,2023-01-21,2023-02-05,Delayed,TSK_192_09
PRJ_192,MLS_1912,Milestone Completion of Task 19,2023-01-24,2023-01-22,Completed,TSK_192_19
PRJ_192,MLS_1913,Milestone Completion of Task 29,2023-01-27,2023-01-23,Pending,TSK_192_29
PRJ_192,MLS_1914,Milestone Completion of Task 39,2023-01-30,2023-02-01,Delayed,TSK_192_39
PRJ_192,MLS_1915,Milestone Completion of Task 49,2023-02-02,2023-01-29,Pending,TSK_192_49
PRJ_192,MLS_1916,Milestone Completion of Task 59,2023-02-05,2023-02-07,Delayed,TSK_192_59
PRJ_192,MLS_1917,Milestone Completion of Task 69,2023-02-08,2023-02-04,Pending,TSK_192_69
PRJ_192,MLS_1918,Milestone Completion of Task 79,2023-02-11,2023-02-18,Delayed,TSK_192_79
PRJ_192,MLS_1919,Milestone Completion of Task 89,2023-02-14,2023-03-01,Delayed,TSK_192_89
PRJ_192,MLS_1920,Milestone Completion of Task 99,2023-02-17,2023-02-27,Delayed,TSK_192_99
PRJ_193,MLS_1921,Milestone Completion of Task 9,2023-01-21,2023-01-17,Completed,TSK_193_09
PRJ_193,MLS_1922,Milestone Completion of Task 19,2023-01-24,2023-02-08,Delayed,TSK_193_19
PRJ_193,MLS_1923,Milestone Completion of Task 29,2023-01-27,2023-02-11,Delayed,TSK_193_29
PRJ_193,MLS_1924,Milestone Completion of Task 39,2023-01-30,2023-02-14,Delayed,TSK_193_39
PRJ_193,MLS_1925,Milestone Completion of Task 49,2023-02-02,2023-02-17,Delayed,TSK_193_49
PRJ_193,MLS_1926,Milestone Completion of Task 59,2023-02-05,2023-02-20,Delayed,TSK_193_59
PRJ_193,MLS_1927,Milestone Completion of Task 69,2023-02-08,2023-02-23,Delayed,TSK_193_69
PRJ_193,MLS_1928,Milestone Completion of Task 79,2023-02-11,2023-02-07,Pending,TSK_193_79
PRJ_193,MLS_1929,Milestone Completion of Task 89,2023-02-14,2023-02-10,Pending,TSK_193_89
PRJ_193,MLS_1930,Milestone Completion of Task 99,2023-02-17,2023-03-04,Delayed,TSK_193_99
PRJ_194,MLS_1931,Milestone Completion of Task 9,2023-01-21,2023-01-21,Completed,TSK_194_09
PRJ_194,MLS_1932,Milestone Completion of Task 19,2023-01-24,2023-02-08,Delayed,TSK_194_19
PRJ_194,MLS_1933,Milestone Completion of Task 29,2023-01-27,2023-02-11,Delayed,TSK_194_29
PRJ_194,MLS_1934,Milestone Completion of Task 39,2023-01-30,2023-01-26,Pending,TSK_194_39
PRJ_194,MLS_1935,Milestone Completion of Task 49,2023-02-02,2023-02-17,Delayed,TSK_194_49
PRJ_194,MLS_1936,Milestone Completion of Task 59,2023-02-05,2023-02-20,Delayed,TSK_194_59
PRJ_194,MLS_1937,Milestone Completion of Task 69,2023-02-08,2023-02-08,Pending,TSK_194_69
PRJ_194,MLS_1938,Milestone Completion of Task 79,2023-02-11,2023-02-26,Delayed,TSK_194_79
PRJ_194,MLS_1939,Milestone Completion of Task 89,2023-02-14,2023-02-10,Pending,TSK_194_89
PRJ_194,MLS_1940,Milestone Completion of Task 99,2023-02-17,2023-02-21,Delayed,TSK_194_99
PRJ_195,MLS_1941,Milestone Completion of Task 9,2023-01-21,2023-01-17,Completed,TSK_195_09
PRJ_195,MLS_1942,Milestone Completion of Task 19,2023-01-24,2023-02-08,Delayed,TSK_195_19
PRJ_195,MLS_1943,Milestone Completion of Task 29,2023-01-27,2023-01-23,Pending,TSK_195_29
PRJ_195,MLS_1944,Milestone Completion of Task 39,2023-01-30,2023-01-26,Pending,TSK_195_39
PRJ_195,MLS_1945,Milestone Completion of Task 49,2023-02-02,2023-01-29,Pending,TSK_195_49
PRJ_195,MLS_1946,Milestone Completion of Task 59,2023-02-05,2023-02-10,Delayed,TSK_195_59
PRJ_195,MLS_1947,Milestone Completion of Task 69,2023-02-08,2023-02-20,Delayed,TSK_195_69
PRJ_195,MLS_1948,Milestone Completion of Task 79,2023-02-11,2023-02-07,Pending,TSK_195_79
PRJ_195,MLS_1949,Milestone Completion of Task 89,2023-02-14,2023-02-10,Pending,TSK_195_89
PRJ_195,MLS_1950,Milestone Completion of Task 99,2023-02-17,2023-02-13,Pending,TSK_195_99
PRJ_196,MLS_1951,Milestone Completion of Task 9,2023-01-21,2023-01-17,Completed,TSK_196_09
PRJ_196,MLS_1952,Milestone Completion of Task 19,2023-01-24,2023-02-08,Delayed,TSK_196_19
PRJ_196,MLS_1953,Milestone Completion of Task 29,2023-01-27,2023-01-23,Pending,TSK_196_29
PRJ_196,MLS_1954,Milestone Completion of Task 39,2023-01-30,2023-02-06,Delayed,TSK_196_39
PRJ_196,MLS_1955,Milestone Completion of Task 49,2023-02-02,2023-01-29,Pending,TSK_196_49
PRJ_196,MLS_1956,Milestone Completion of Task 59,2023-02-05,2023-02-01,Pending,TSK_196_59
PRJ_196,MLS_1957,Milestone Completion of Task 69,2023-02-08,2023-02-04,Pending,TSK_196_69
PRJ_196,MLS_1958,Milestone Completion of Task 79,2023-02-11,2023-02-26,Delayed,TSK_196_79
PRJ_196,MLS_1959,Milestone Completion of Task 89,2023-02-14,2023-02-10,Pending,TSK_196_89
PRJ_196,MLS_1960,Milestone Completion of Task 99,2023-02-17,2023-02-13,Pending,TSK_196_99
PRJ_197,MLS_1961,Milestone Completion of Task 9,2023-01-21,2023-01-17,Completed,TSK_197_09
PRJ_197,MLS_1962,Milestone Completion of Task 19,2023-01-24,2023-02-08,Delayed,TSK_197_19
PRJ_197,MLS_1963,Milestone Completion of Task 29,2023-01-27,2023-01-23,Pending,TSK_197_29
PRJ_197,MLS_1964,Milestone Completion of Task 39,2023-01-30,2023-01-26,Pending,TSK_197_39
PRJ_197,MLS_1965,Milestone Completion of Task 49,2023-02-02,2023-02-17,Delayed,TSK_197_49
PRJ_197,MLS_1966,Milestone Completion of Task 59,2023-02-05,2023-02-20,Delayed,TSK_197_59
PRJ_197,MLS_1967,Milestone Completion of Task 69,2023-02-08,2023-02-23,Delayed,TSK_197_69
PRJ_197,MLS_1968,Milestone Completion of Task 79,2023-02-11,2023-02-07,Pending,TSK_197_79
PRJ_197,MLS_1969,Milestone Completion of Task 89,2023-02-14,2023-03-01,Delayed,TSK_197_89
PRJ_197,MLS_1970,Milestone Completion of Task 99,2023-02-17,2023-02-13,Pending,TSK_197_99
PRJ_198,MLS_1971,Milestone Completion of Task 9,2023-01-21,2023-01-17,Completed,TSK_198_09
PRJ_198,MLS_1972,Milestone Completion of Task 19,2023-01-24,2023-01-20,Completed,TSK_198_19
PRJ_198,MLS_1973,Milestone Completion of Task 29,2023-01-27,2023-01-27,Pending,TSK_198_29
PRJ_198,MLS_1974,Milestone Completion of Task 39,2023-01-30,2023-02-14,Delayed,TSK_198_39
PRJ_198,MLS_1975,Milestone Completion of Task 49,2023-02-02,2023-02-17,Delayed,TSK_198_49
PRJ_198,MLS_1976,Milestone Completion of Task 59,2023-02-05,2023-02-01,Pending,TSK_198_59
PRJ_198,MLS_1977,Milestone Completion of Task 69,2023-02-08,2023-02-19,Delayed,TSK_198_69
PRJ_198,MLS_1978,Milestone Completion of Task 79,2023-02-11,2023-02-07,Pending,TSK_198_79
PRJ_198,MLS_1979,Milestone Completion of Task 89,2023-02-14,2023-02-10,Pending,TSK_198_89
PRJ_198,MLS_1980,Milestone Completion of Task 99,2023-02-17,2023-02-13,Pending,TSK_198_99
PRJ_199,MLS_1981,Milestone Completion of Task 9,2023-01-21,2023-01-18,Completed,TSK_199_09
PRJ_199,MLS_1982,Milestone Completion of Task 19,2023-01-24,2023-02-08,Delayed,TSK_199_19
PRJ_199,MLS_1983,Milestone Completion of Task 29,2023-01-27,2023-01-23,Pending,TSK_199_29
PRJ_199,MLS_1984,Milestone Completion of Task 39,2023-01-30,2023-01-26,Pending,TSK_199_39
PRJ_199,MLS_1985,Milestone Completion of Task 49,2023-02-02,2023-01-29,Pending,TSK_199_49
PRJ_199,MLS_1986,Milestone Completion of Task 59,2023-02-05,2023-02-01,Pending,TSK_199_59
PRJ_199,MLS_1987,Milestone Completion of Task 69,2023-02-08,2023-02-04,Pending,TSK_199_69
PRJ_199,MLS_1988,Milestone Completion of Task 79,2023-02-11,2023-02-07,Pending,TSK_199_79
PRJ_199,MLS_1989,Milestone Completion of Task 89,2023-02-14,2023-02-14,Pending,TSK_199_89
PRJ_199,MLS_1990,Milestone Completion of Task 99,2023-02-17,2023-02-26,Delayed,TSK_199_99
PRJ_200,MLS_1991,Milestone Completion of Task 9,2023-01-21,2023-01-17,Completed,TSK_200_09
PRJ_200,MLS_1992,Milestone Completion of Task 19,2023-01-24,2023-01-20,Completed,TSK_200_19
PRJ_200,MLS_1993,Milestone Completion of Task 29,2023-01-27,2023-01-27,Pending,TSK_200_29
PRJ_200,MLS_1994,Milestone Completion of Task 39,2023-01-30,2023-01-26,Pending,TSK_200_39
PRJ_200,MLS_1995,Milestone Completion of Task 49,2023-02-02,2023-02-17,Delayed,TSK_200_49
PRJ_200,MLS_1996,Milestone Completion of Task 59,2023-02-05,2023-02-01,Pending,TSK_200_59
PRJ_200,MLS_1997,Milestone Completion of Task 69,2023-02-08,2023-02-18,Delayed,TSK_200_69
PRJ_200,MLS_1998,Milestone Completion of Task 79,2023-02-11,2023-02-21,Delayed,TSK_200_79
PRJ_200,MLS_1999,Milestone Completion of Task 89,2023-02-14,2023-02-10,Pending,TSK_200_89
PRJ_200,MLS_2000,Milestone Completion of Task 99,2023-02-17,2023-02-13,Pending,TSK_200_99
PRJ_201,MLS_2001,Milestone Completion of Task 9,2023-01-21,2023-02-05,Delayed,TSK_201_09
PRJ_201,MLS_2002,Milestone Completion of Task 19,2023-01-24,2023-01-20,Completed,TSK_201_19
PRJ_201,MLS_2003,Milestone Completion of Task 29,2023-01-27,2023-02-11,Delayed,TSK_201_29
PRJ_201,MLS_2004,Milestone Completion of Task 39,2023-01-30,2023-02-14,Delayed,TSK_201_39
PRJ_201,MLS_2005,Milestone Completion of Task 49,2023-02-02,2023-01-29,Pending,TSK_201_49
PRJ_201,MLS_2006,Milestone Completion of Task 59,2023-02-05,2023-02-13,Delayed,TSK_201_59
PRJ_201,MLS_2007,Milestone Completion of Task 69,2023-02-08,2023-02-08,Pending,TSK_201_69
PRJ_201,MLS_2008,Milestone Completion of Task 79,2023-02-11,2023-02-11,Pending,TSK_201_79
PRJ_201,MLS_2009,Milestone Completion of Task 89,2023-02-14,2023-03-01,Delayed,TSK_201_89
PRJ_201,MLS_2010,Milestone Completion of Task 99,2023-02-17,2023-03-04,Delayed,TSK_201_99
PRJ_202,MLS_2011,Milestone Completion of Task 9,2023-01-21,2023-01-17,Completed,TSK_202_09
PRJ_202,MLS_2012,Milestone Completion of Task 19,2023-01-24,2023-01-28,Delayed,TSK_202_19
PRJ_202,MLS_2013,Milestone Completion of Task 29,2023-01-27,2023-01-27,Pending,TSK_202_29
PRJ_202,MLS_2014,Milestone Completion of Task 39,2023-01-30,2023-02-07,Delayed,TSK_202_39
PRJ_202,MLS_2015,Milestone Completion of Task 49,2023-02-02,2023-02-10,Delayed,TSK_202_49
PRJ_202,MLS_2016,Milestone Completion of Task 59,2023-02-05,2023-02-07,Delayed,TSK_202_59
PRJ_202,MLS_2017,Milestone Completion of Task 69,2023-02-08,2023-02-04,Pending,TSK_202_69
PRJ_202,MLS_2018,Milestone Completion of Task 79,2023-02-11,2023-02-07,Pending,TSK_202_79
PRJ_202,MLS_2019,Milestone Completion of Task 89,2023-02-14,2023-02-10,Pending,TSK_202_89
PRJ_202,MLS_2020,Milestone Completion of Task 99,2023-02-17,2023-02-13,Pending,TSK_202_99
PRJ_203,MLS_2021,Milestone Completion of Task 9,2023-01-22,2023-01-22,Completed,TSK_203_09
PRJ_203,MLS_2022,Milestone Completion of Task 19,2023-01-25,2023-02-09,Delayed,TSK_203_19
PRJ_203,MLS_2023,Milestone Completion of Task 29,2023-01-28,2023-02-12,Delayed,TSK_203_29
PRJ_203,MLS_2024,Milestone Completion of Task 39,2023-01-31,2023-01-27,Pending,TSK_203_39
PRJ_203,MLS_2025,Milestone Completion of Task 49,2023-02-03,2023-01-30,Pending,TSK_203_49
PRJ_203,MLS_2026,Milestone Completion of Task 59,2023-02-06,2023-02-02,Pending,TSK_203_59
PRJ_203,MLS_2027,Milestone Completion of Task 69,2023-02-09,2023-02-09,Pending,TSK_203_69
PRJ_203,MLS_2028,Milestone Completion of Task 79,2023-02-12,2023-02-27,Delayed,TSK_203_79
PRJ_203,MLS_2029,Milestone Completion of Task 89,2023-02-15,2023-02-11,Pending,TSK_203_89
PRJ_203,MLS_2030,Milestone Completion of Task 99,2023-02-18,2023-02-14,Pending,TSK_203_99
PRJ_204,MLS_2031,Milestone Completion of Task 9,2023-01-22,2023-01-18,Completed,TSK_204_09
PRJ_204,MLS_2032,Milestone Completion of Task 19,2023-01-25,2023-02-09,Delayed,TSK_204_19
PRJ_204,MLS_2033,Milestone Completion of Task 29,2023-01-28,2023-02-12,Delayed,TSK_204_29
PRJ_204,MLS_2034,Milestone Completion of Task 39,2023-01-31,2023-01-27,Pending,TSK_204_39
PRJ_204,MLS_2035,Milestone Completion of Task 49,2023-02-03,2023-01-30,Pending,TSK_204_49
PRJ_204,MLS_2036,Milestone Completion of Task 59,2023-02-06,2023-02-04,Pending,TSK_204_59
PRJ_204,MLS_2037,Milestone Completion of Task 69,2023-02-09,2023-02-14,Delayed,TSK_204_69
PRJ_204,MLS_2038,Milestone Completion of Task 79,2023-02-12,2023-02-27,Delayed,TSK_204_79
PRJ_204,MLS_2039,Milestone Completion of Task 89,2023-02-15,2023-02-11,Pending,TSK_204_89
PRJ_204,MLS_2040,Milestone Completion of Task 99,2023-02-18,2023-02-18,Pending,TSK_204_99
PRJ_205,MLS_2041,Milestone Completion of Task 9,2023-01-22,2023-01-18,Completed,TSK_205_09
PRJ_205,MLS_2042,Milestone Completion of Task 19,2023-01-25,2023-01-30,Delayed,TSK_205_19
PRJ_205,MLS_2043,Milestone Completion of Task 29,2023-01-28,2023-01-24,Pending,TSK_205_29
PRJ_205,MLS_2044,Milestone Completion of Task 39,2023-01-31,2023-01-29,Pending,TSK_205_39
PRJ_205,MLS_2045,Milestone Completion of Task 49,2023-02-03,2023-02-13,Delayed,TSK_205_49
PRJ_205,MLS_2046,Milestone Completion of Task 59,2023-02-06,2023-02-08,Delayed,TSK_205_59
PRJ_205,MLS_2047,Milestone Completion of Task 69,2023-02-09,2023-02-09,Pending,TSK_205_69
PRJ_205,MLS_2048,Milestone Completion of Task 79,2023-02-12,2023-02-12,Pending,TSK_205_79
PRJ_205,MLS_2049,Milestone Completion of Task 89,2023-02-15,2023-02-22,Delayed,TSK_205_89
PRJ_205,MLS_2050,Milestone Completion of Task 99,2023-02-18,2023-02-14,Pending,TSK_205_99
PRJ_206,MLS_2051,Milestone Completion of Task 9,2023-01-22,2023-01-29,Delayed,TSK_206_09
PRJ_206,MLS_2052,Milestone Completion of Task 19,2023-01-25,2023-02-09,Delayed,TSK_206_19
PRJ_206,MLS_2053,Milestone Completion of Task 29,2023-01-28,2023-01-24,Pending,TSK_206_29
PRJ_206,MLS_2054,Milestone Completion of Task 39,2023-01-31,2023-01-27,Pending,TSK_206_39
PRJ_206,MLS_2055,Milestone Completion of Task 49,2023-02-03,2023-01-30,Pending,TSK_206_49
PRJ_206,MLS_2056,Milestone Completion of Task 59,2023-02-06,2023-02-06,Pending,TSK_206_59
PRJ_206,MLS_2057,Milestone Completion of Task 69,2023-02-09,2023-02-19,Delayed,TSK_206_69
PRJ_206,MLS_2058,Milestone Completion of Task 79,2023-02-12,2023-02-17,Delayed,TSK_206_79
PRJ_206,MLS_2059,Milestone Completion of Task 89,2023-02-15,2023-03-02,Delayed,TSK_206_89
PRJ_206,MLS_2060,Milestone Completion of Task 99,2023-02-18,2023-02-18,Pending,TSK_206_99
PRJ_207,MLS_2061,Milestone Completion of Task 9,2023-01-22,2023-01-29,Delayed,TSK_207_09
PRJ_207,MLS_2062,Milestone Completion of Task 19,2023-01-25,2023-01-25,Pending,TSK_207_19
PRJ_207,MLS_2063,Milestone Completion of Task 29,2023-01-28,2023-01-24,Pending,TSK_207_29
PRJ_207,MLS_2064,Milestone Completion of Task 39,2023-01-31,2023-01-31,Pending,TSK_207_39
PRJ_207,MLS_2065,Milestone Completion of Task 49,2023-02-03,2023-02-06,Delayed,TSK_207_49
PRJ_207,MLS_2066,Milestone Completion of Task 59,2023-02-06,2023-02-15,Delayed,TSK_207_59
PRJ_207,MLS_2067,Milestone Completion of Task 69,2023-02-09,2023-02-10,Delayed,TSK_207_69
PRJ_207,MLS_2068,Milestone Completion of Task 79,2023-02-12,2023-02-08,Pending,TSK_207_79
PRJ_207,MLS_2069,Milestone Completion of Task 89,2023-02-15,2023-02-17,Delayed,TSK_207_89
PRJ_207,MLS_2070,Milestone Completion of Task 99,2023-02-18,2023-02-17,Pending,TSK_207_99
PRJ_208,MLS_2071,Milestone Completion of Task 9,2023-01-22,2023-02-06,Delayed,TSK_208_09
PRJ_208,MLS_2072,Milestone Completion of Task 19,2023-01-25,2023-01-21,Completed,TSK_208_19
PRJ_208,MLS_2073,Milestone Completion of Task 29,2023-01-28,2023-01-28,Pending,TSK_208_29
PRJ_208,MLS_2074,Milestone Completion of Task 39,2023-01-31,2023-02-15,Delayed,TSK_208_39
PRJ_208,MLS_2075,Milestone Completion of Task 49,2023-02-03,2023-01-30,Pending,TSK_208_49
PRJ_208,MLS_2076,Milestone Completion of Task 59,2023-02-06,2023-02-06,Pending,TSK_208_59
PRJ_208,MLS_2077,Milestone Completion of Task 69,2023-02-09,2023-02-05,Pending,TSK_208_69
PRJ_208,MLS_2078,Milestone Completion of Task 79,2023-02-12,2023-02-27,Delayed,TSK_208_79
PRJ_208,MLS_2079,Milestone Completion of Task 89,2023-02-15,2023-02-11,Pending,TSK_208_89
PRJ_208,MLS_2080,Milestone Completion of Task 99,2023-02-18,2023-03-05,Delayed,TSK_208_99
PRJ_209,MLS_2081,Milestone Completion of Task 9,2023-01-22,2023-01-18,Completed,TSK_209_09
PRJ_209,MLS_2082,Milestone Completion of Task 19,2023-01-25,2023-02-09,Delayed,TSK_209_19
PRJ_209,MLS_2083,Milestone Completion of Task 29,2023-01-28,2023-01-24,Pending,TSK_209_29
PRJ_209,MLS_2084,Milestone Completion of Task 39,2023-01-31,2023-01-31,Pending,TSK_209_39
PRJ_209,MLS_2085,Milestone Completion of Task 49,2023-02-03,2023-02-10,Delayed,TSK_209_49
PRJ_209,MLS_2086,Milestone Completion of Task 59,2023-02-06,2023-02-21,Delayed,TSK_209_59
PRJ_209,MLS_2087,Milestone Completion of Task 69,2023-02-09,2023-02-09,Pending,TSK_209_69
PRJ_209,MLS_2088,Milestone Completion of Task 79,2023-02-12,2023-02-08,Pending,TSK_209_79
PRJ_209,MLS_2089,Milestone Completion of Task 89,2023-02-15,2023-02-11,Pending,TSK_209_89
PRJ_209,MLS_2090,Milestone Completion of Task 99,2023-02-18,2023-02-14,Pending,TSK_209_99
PRJ_210,MLS_2091,Milestone Completion of Task 9,2023-01-22,2023-01-18,Completed,TSK_210_09
PRJ_210,MLS_2092,Milestone Completion of Task 19,2023-01-25,2023-02-09,Delayed,TSK_210_19
PRJ_210,MLS_2093,Milestone Completion of Task 29,2023-01-28,2023-01-24,Pending,TSK_210_29
PRJ_210,MLS_2094,Milestone Completion of Task 39,2023-01-31,2023-02-07,Delayed,TSK_210_39
PRJ_210,MLS_2095,Milestone Completion of Task 49,2023-02-03,2023-02-18,Delayed,TSK_210_49
PRJ_210,MLS_2096,Milestone Completion of Task 59,2023-02-06,2023-02-08,Delayed,TSK_210_59
PRJ_210,MLS_2097,Milestone Completion of Task 69,2023-02-09,2023-02-09,Pending,TSK_210_69
PRJ_210,MLS_2098,Milestone Completion of Task 79,2023-02-12,2023-02-08,Pending,TSK_210_79
PRJ_210,MLS_2099,Milestone Completion of Task 89,2023-02-15,2023-02-22,Delayed,TSK_210_89
PRJ_210,MLS_2100,Milestone Completion of Task 99,2023-02-18,2023-02-14,Pending,TSK_210_99
PRJ_211,MLS_2101,Milestone Completion of Task 9,2023-01-22,2023-01-18,Completed,TSK_211_09
PRJ_211,MLS_2102,Milestone Completion of Task 19,2023-01-25,2023-02-04,Delayed,TSK_211_19
PRJ_211,MLS_2103,Milestone Completion of Task 29,2023-01-28,2023-01-24,Pending,TSK_211_29
PRJ_211,MLS_2104,Milestone Completion of Task 39,2023-01-31,2023-01-29,Pending,TSK_211_39
PRJ_211,MLS_2105,Milestone Completion of Task 49,2023-02-03,2023-01-30,Pending,TSK_211_49
PRJ_211,MLS_2106,Milestone Completion of Task 59,2023-02-06,2023-02-02,Pending,TSK_211_59
PRJ_211,MLS_2107,Milestone Completion of Task 69,2023-02-09,2023-02-19,Delayed,TSK_211_69
PRJ_211,MLS_2108,Milestone Completion of Task 79,2023-02-12,2023-02-08,Pending,TSK_211_79
PRJ_211,MLS_2109,Milestone Completion of Task 89,2023-02-15,2023-02-11,Pending,TSK_211_89
PRJ_211,MLS_2110,Milestone Completion of Task 99,2023-02-18,2023-02-18,Pending,TSK_211_99
PRJ_212,MLS_2111,Milestone Completion of Task 9,2023-01-22,2023-01-18,Completed,TSK_212_09
PRJ_212,MLS_2112,Milestone Completion of Task 19,2023-01-25,2023-02-09,Delayed,TSK_212_19
PRJ_212,MLS_2113,Milestone Completion of Task 29,2023-01-28,2023-01-24,Pending,TSK_212_29
PRJ_212,MLS_2114,Milestone Completion of Task 39,2023-01-31,2023-02-15,Delayed,TSK_212_39
PRJ_212,MLS_2115,Milestone Completion of Task 49,2023-02-03,2023-01-30,Pending,TSK_212_49
PRJ_212,MLS_2116,Milestone Completion of Task 59,2023-02-06,2023-02-02,Pending,TSK_212_59
PRJ_212,MLS_2117,Milestone Completion of Task 69,2023-02-09,2023-02-24,Delayed,TSK_212_69
PRJ_212,MLS_2118,Milestone Completion of Task 79,2023-02-12,2023-02-27,Delayed,TSK_212_79
PRJ_212,MLS_2119,Milestone Completion of Task 89,2023-02-15,2023-03-02,Delayed,TSK_212_89
PRJ_212,MLS_2120,Milestone Completion of Task 99,2023-02-18,2023-02-25,Delayed,TSK_212_99
PRJ_213,MLS_2121,Milestone Completion of Task 9,2023-01-22,2023-01-18,Completed,TSK_213_09
PRJ_213,MLS_2122,Milestone Completion of Task 19,2023-01-25,2023-01-21,Completed,TSK_213_19
PRJ_213,MLS_2123,Milestone Completion of Task 29,2023-01-28,2023-01-24,Pending,TSK_213_29
PRJ_213,MLS_2124,Milestone Completion of Task 39,2023-01-31,2023-01-31,Pending,TSK_213_39
PRJ_213,MLS_2125,Milestone Completion of Task 49,2023-02-03,2023-01-30,Pending,TSK_213_49
PRJ_213,MLS_2126,Milestone Completion of Task 59,2023-02-06,2023-02-06,Pending,TSK_213_59
PRJ_213,MLS_2127,Milestone Completion of Task 69,2023-02-09,2023-02-14,Delayed,TSK_213_69
PRJ_213,MLS_2128,Milestone Completion of Task 79,2023-02-12,2023-02-08,Pending,TSK_213_79
PRJ_213,MLS_2129,Milestone Completion of Task 89,2023-02-15,2023-03-02,Delayed,TSK_213_89
PRJ_213,MLS_2130,Milestone Completion of Task 99,2023-02-18,2023-03-05,Delayed,TSK_213_99
PRJ_214,MLS_2131,Milestone Completion of Task 9,2023-01-22,2023-01-19,Completed,TSK_214_09
PRJ_214,MLS_2132,Milestone Completion of Task 19,2023-01-25,2023-01-21,Completed,TSK_214_19
PRJ_214,MLS_2133,Milestone Completion of Task 29,2023-01-28,2023-01-24,Pending,TSK_214_29
PRJ_214,MLS_2134,Milestone Completion of Task 39,2023-01-31,2023-01-27,Pending,TSK_214_39
PRJ_214,MLS_2135,Milestone Completion of Task 49,2023-02-03,2023-02-06,Delayed,TSK_214_49
PRJ_214,MLS_2136,Milestone Completion of Task 59,2023-02-06,2023-02-02,Pending,TSK_214_59
PRJ_214,MLS_2137,Milestone Completion of Task 69,2023-02-09,2023-02-22,Delayed,TSK_214_69
PRJ_214,MLS_2138,Milestone Completion of Task 79,2023-02-12,2023-02-22,Delayed,TSK_214_79
PRJ_214,MLS_2139,Milestone Completion of Task 89,2023-02-15,2023-02-11,Pending,TSK_214_89
PRJ_214,MLS_2140,Milestone Completion of Task 99,2023-02-18,2023-02-15,Pending,TSK_214_99
PRJ_215,MLS_2141,Milestone Completion of Task 9,2023-01-22,2023-02-06,Delayed,TSK_215_09
PRJ_215,MLS_2142,Milestone Completion of Task 19,2023-01-25,2023-01-21,Completed,TSK_215_19
PRJ_215,MLS_2143,Milestone Completion of Task 29,2023-01-28,2023-02-11,Delayed,TSK_215_29
PRJ_215,MLS_2144,Milestone Completion of Task 39,2023-01-31,2023-02-08,Delayed,TSK_215_39
PRJ_215,MLS_2145,Milestone Completion of Task 49,2023-02-03,2023-02-05,Delayed,TSK_215_49
PRJ_215,MLS_2146,Milestone Completion of Task 59,2023-02-06,2023-02-02,Pending,TSK_215_59
PRJ_215,MLS_2147,Milestone Completion of Task 69,2023-02-09,2023-02-07,Pending,TSK_215_69
PRJ_215,MLS_2148,Milestone Completion of Task 79,2023-02-12,2023-02-08,Pending,TSK_215_79
PRJ_215,MLS_2149,Milestone Completion of Task 89,2023-02-15,2023-02-13,Pending,TSK_215_89
PRJ_215,MLS_2150,Milestone Completion of Task 99,2023-02-18,2023-02-23,Delayed,TSK_215_99
PRJ_216,MLS_2151,Milestone Completion of Task 9,2023-01-22,2023-01-18,Completed,TSK_216_09
PRJ_216,MLS_2152,Milestone Completion of Task 19,2023-01-25,2023-01-21,Completed,TSK_216_19
PRJ_216,MLS_2153,Milestone Completion of Task 29,2023-01-28,2023-01-26,Pending,TSK_216_29
PRJ_216,MLS_2154,Milestone Completion of Task 39,2023-01-31,2023-01-27,Pending,TSK_216_39
PRJ_216,MLS_2155,Milestone Completion of Task 49,2023-02-03,2023-02-15,Delayed,TSK_216_49
PRJ_216,MLS_2156,Milestone Completion of Task 59,2023-02-06,2023-02-14,Delayed,TSK_216_59
PRJ_216,MLS_2157,Milestone Completion of Task 69,2023-02-09,2023-02-05,Pending,TSK_216_69
PRJ_216,MLS_2158,Milestone Completion of Task 79,2023-02-12,2023-02-22,Delayed,TSK_216_79
PRJ_216,MLS_2159,Milestone Completion of Task 89,2023-02-15,2023-03-02,Delayed,TSK_216_89
PRJ_216,MLS_2160,Milestone Completion of Task 99,2023-02-18,2023-02-16,Pending,TSK_216_99
PRJ_217,MLS_2161,Milestone Completion of Task 9,2023-01-23,2023-01-19,Completed,TSK_217_09
PRJ_217,MLS_2162,Milestone Completion of Task 19,2023-01-26,2023-02-09,Delayed,TSK_217_19
PRJ_217,MLS_2163,Milestone Completion of Task 29,2023-01-29,2023-01-25,Pending,TSK_217_29
PRJ_217,MLS_2164,Milestone Completion of Task 39,2023-02-01,2023-01-28,Pending,TSK_217_39
PRJ_217,MLS_2165,Milestone Completion of Task 49,2023-02-04,2023-02-19,Delayed,TSK_217_49
PRJ_217,MLS_2166,Milestone Completion of Task 59,2023-02-07,2023-02-22,Delayed,TSK_217_59
PRJ_217,MLS_2167,Milestone Completion of Task 69,2023-02-10,2023-02-25,Delayed,TSK_217_69
PRJ_217,MLS_2168,Milestone Completion of Task 79,2023-02-13,2023-02-09,Pending,TSK_217_79
PRJ_217,MLS_2169,Milestone Completion of Task 89,2023-02-16,2023-03-03,Delayed,TSK_217_89
PRJ_217,MLS_2170,Milestone Completion of Task 99,2023-02-19,2023-02-15,Pending,TSK_217_99
PRJ_218,MLS_2171,Milestone Completion of Task 9,2023-01-23,2023-01-19,Completed,TSK_218_09
PRJ_218,MLS_2172,Milestone Completion of Task 19,2023-01-26,2023-01-26,Pending,TSK_218_19
PRJ_218,MLS_2173,Milestone Completion of Task 29,2023-01-29,2023-01-25,Pending,TSK_218_29
PRJ_218,MLS_2174,Milestone Completion of Task 39,2023-02-01,2023-02-01,Pending,TSK_218_39
PRJ_218,MLS_2175,Milestone Completion of Task 49,2023-02-04,2023-02-04,Pending,TSK_218_49
PRJ_218,MLS_2176,Milestone Completion of Task 59,2023-02-07,2023-02-19,Delayed,TSK_218_59
PRJ_218,MLS_2177,Milestone Completion of Task 69,2023-02-10,2023-02-12,Delayed,TSK_218_69
PRJ_218,MLS_2178,Milestone Completion of Task 79,2023-02-13,2023-02-09,Pending,TSK_218_79
PRJ_218,MLS_2179,Milestone Completion of Task 89,2023-02-16,2023-02-18,Delayed,TSK_218_89
PRJ_218,MLS_2180,Milestone Completion of Task 99,2023-02-19,2023-02-19,Pending,TSK_218_99
PRJ_219,MLS_2181,Milestone Completion of Task 9,2023-01-23,2023-02-01,Delayed,TSK_219_09
PRJ_219,MLS_2182,Milestone Completion of Task 19,2023-01-26,2023-02-02,Delayed,TSK_219_19
PRJ_219,MLS_2183,Milestone Completion of Task 29,2023-01-29,2023-02-13,Delayed,TSK_219_29
PRJ_219,MLS_2184,Milestone Completion of Task 39,2023-02-01,2023-02-08,Delayed,TSK_219_39
PRJ_219,MLS_2185,Milestone Completion of Task 49,2023-02-04,2023-02-19,Delayed,TSK_219_49
PRJ_219,MLS_2186,Milestone Completion of Task 59,2023-02-07,2023-02-07,Pending,TSK_219_59
PRJ_219,MLS_2187,Milestone Completion of Task 69,2023-02-10,2023-02-21,Delayed,TSK_219_69
PRJ_219,MLS_2188,Milestone Completion of Task 79,2023-02-13,2023-02-26,Delayed,TSK_219_79
PRJ_219,MLS_2189,Milestone Completion of Task 89,2023-02-16,2023-02-23,Delayed,TSK_219_89
PRJ_219,MLS_2190,Milestone Completion of Task 99,2023-02-19,2023-02-15,Pending,TSK_219_99
PRJ_220,MLS_2191,Milestone Completion of Task 9,2023-01-23,2023-01-19,Completed,TSK_220_09
PRJ_220,MLS_2192,Milestone Completion of Task 19,2023-01-26,2023-01-23,Pending,TSK_220_19
PRJ_220,MLS_2193,Milestone Completion of Task 29,2023-01-29,2023-01-25,Pending,TSK_220_29
PRJ_220,MLS_2194,Milestone Completion of Task 39,2023-02-01,2023-01-28,Pending,TSK_220_39
PRJ_220,MLS_2195,Milestone Completion of Task 49,2023-02-04,2023-02-16,Delayed,TSK_220_49
PRJ_220,MLS_2196,Milestone Completion of Task 59,2023-02-07,2023-02-22,Delayed,TSK_220_59
PRJ_220,MLS_2197,Milestone Completion of Task 69,2023-02-10,2023-02-25,Delayed,TSK_220_69
PRJ_220,MLS_2198,Milestone Completion of Task 79,2023-02-13,2023-02-09,Pending,TSK_220_79
PRJ_220,MLS_2199,Milestone Completion of Task 89,2023-02-16,2023-02-12,Pending,TSK_220_89
PRJ_220,MLS_2200,Milestone Completion of Task 99,2023-02-19,2023-02-15,Pending,TSK_220_99
PRJ_221,MLS_2201,Milestone Completion of Task 9,2023-01-23,2023-01-23,Pending,TSK_221_09
PRJ_221,MLS_2202,Milestone Completion of Task 19,2023-01-26,2023-01-24,Pending,TSK_221_19
PRJ_221,MLS_2203,Milestone Completion of Task 29,2023-01-29,2023-01-25,Pending,TSK_221_29
PRJ_221,MLS_2204,Milestone Completion of Task 39,2023-02-01,2023-02-01,Pending,TSK_221_39
PRJ_221,MLS_2205,Milestone Completion of Task 49,2023-02-04,2023-02-14,Delayed,TSK_221_49
PRJ_221,MLS_2206,Milestone Completion of Task 59,2023-02-07,2023-02-22,Delayed,TSK_221_59
PRJ_221,MLS_2207,Milestone Completion of Task 69,2023-02-10,2023-02-06,Pending,TSK_221_69
PRJ_221,MLS_2208,Milestone Completion of Task 79,2023-02-13,2023-02-28,Delayed,TSK_221_79
PRJ_221,MLS_2209,Milestone Completion of Task 89,2023-02-16,2023-03-03,Delayed,TSK_221_89
PRJ_221,MLS_2210,Milestone Completion of Task 99,2023-02-19,2023-03-06,Delayed,TSK_221_99
PRJ_222,MLS_2211,Milestone Completion of Task 9,2023-01-23,2023-01-19,Completed,TSK_222_09
PRJ_222,MLS_2212,Milestone Completion of Task 19,2023-01-26,2023-01-22,Completed,TSK_222_19
PRJ_222,MLS_2213,Milestone Completion of Task 29,2023-01-29,2023-02-02,Delayed,TSK_222_29
PRJ_222,MLS_2214,Milestone Completion of Task 39,2023-02-01,2023-02-10,Delayed,TSK_222_39
PRJ_222,MLS_2215,Milestone Completion of Task 49,2023-02-04,2023-02-15,Delayed,TSK_222_49
PRJ_222,MLS_2216,Milestone Completion of Task 59,2023-02-07,2023-02-06,Pending,TSK_222_59
PRJ_222,MLS_2217,Milestone Completion of Task 69,2023-02-10,2023-02-06,Pending,TSK_222_69
PRJ_222,MLS_2218,Milestone Completion of Task 79,2023-02-13,2023-02-24,Delayed,TSK_222_79
PRJ_222,MLS_2219,Milestone Completion of Task 89,2023-02-16,2023-02-12,Pending,TSK_222_89
PRJ_222,MLS_2220,Milestone Completion of Task 99,2023-02-19,2023-02-15,Pending,TSK_222_99
PRJ_223,MLS_2221,Milestone Completion of Task 9,2023-01-23,2023-02-04,Delayed,TSK_223_09
PRJ_223,MLS_2222,Milestone Completion of Task 19,2023-01-26,2023-01-22,Completed,TSK_223_19
PRJ_223,MLS_2223,Milestone Completion of Task 29,2023-01-29,2023-02-13,Delayed,TSK_223_29
PRJ_223,MLS_2224,Milestone Completion of Task 39,2023-02-01,2023-02-16,Delayed,TSK_223_39
PRJ_223,MLS_2225,Milestone Completion of Task 49,2023-02-04,2023-01-31,Pending,TSK_223_49
PRJ_223,MLS_2226,Milestone Completion of Task 59,2023-02-07,2023-02-03,Pending,TSK_223_59
PRJ_223,MLS_2227,Milestone Completion of Task 69,2023-02-10,2023-02-06,Pending,TSK_223_69
PRJ_223,MLS_2228,Milestone Completion of Task 79,2023-02-13,2023-02-28,Delayed,TSK_223_79
PRJ_223,MLS_2229,Milestone Completion of Task 89,2023-02-16,2023-02-12,Pending,TSK_223_89
PRJ_223,MLS_2230,Milestone Completion of Task 99,2023-02-19,2023-02-15,Pending,TSK_223_99
PRJ_224,MLS_2231,Milestone Completion of Task 9,2023-01-23,2023-01-26,Delayed,TSK_224_09
PRJ_224,MLS_2232,Milestone Completion of Task 19,2023-01-26,2023-01-22,Completed,TSK_224_19
PRJ_224,MLS_2233,Milestone Completion of Task 29,2023-01-29,2023-02-07,Delayed,TSK_224_29
PRJ_224,MLS_2234,Milestone Completion of Task 39,2023-02-01,2023-02-01,Pending,TSK_224_39
PRJ_224,MLS_2235,Milestone Completion of Task 49,2023-02-04,2023-01-31,Pending,TSK_224_49
PRJ_224,MLS_2236,Milestone Completion of Task 59,2023-02-07,2023-02-07,Pending,TSK_224_59
PRJ_224,MLS_2237,Milestone Completion of Task 69,2023-02-10,2023-02-08,Pending,TSK_224_69
PRJ_224,MLS_2238,Milestone Completion of Task 79,2023-02-13,2023-02-12,Pending,TSK_224_79
PRJ_224,MLS_2239,Milestone Completion of Task 89,2023-02-16,2023-02-12,Pending,TSK_224_89
PRJ_224,MLS_2240,Milestone Completion of Task 99,2023-02-19,2023-02-23,Delayed,TSK_224_99
PRJ_225,MLS_2241,Milestone Completion of Task 9,2023-01-23,2023-01-19,Completed,TSK_225_09
PRJ_225,MLS_2242,Milestone Completion of Task 19,2023-01-26,2023-01-22,Completed,TSK_225_19
PRJ_225,MLS_2243,Milestone Completion of Task 29,2023-01-29,2023-02-13,Delayed,TSK_225_29
PRJ_225,MLS_2244,Milestone Completion of Task 39,2023-02-01,2023-02-16,Delayed,TSK_225_39
PRJ_225,MLS_2245,Milestone Completion of Task 49,2023-02-04,2023-02-19,Delayed,TSK_225_49
PRJ_225,MLS_2246,Milestone Completion of Task 59,2023-02-07,2023-02-13,Delayed,TSK_225_59
PRJ_225,MLS_2247,Milestone Completion of Task 69,2023-02-10,2023-02-06,Pending,TSK_225_69
PRJ_225,MLS_2248,Milestone Completion of Task 79,2023-02-13,2023-02-13,Pending,TSK_225_79
PRJ_225,MLS_2249,Milestone Completion of Task 89,2023-02-16,2023-02-12,Pending,TSK_225_89
PRJ_225,MLS_2250,Milestone Completion of Task 99,2023-02-19,2023-03-06,Delayed,TSK_225_99
PRJ_226,MLS_2251,Milestone Completion of Task 9,2023-01-23,2023-01-19,Completed,TSK_226_09
PRJ_226,MLS_2252,Milestone Completion of Task 19,2023-01-26,2023-02-07,Delayed,TSK_226_19
PRJ_226,MLS_2253,Milestone Completion of Task 29,2023-01-29,2023-02-05,Delayed,TSK_226_29
PRJ_226,MLS_2254,Milestone Completion of Task 39,2023-02-01,2023-01-28,Pending,TSK_226_39
PRJ_226,MLS_2255,Milestone Completion of Task 49,2023-02-04,2023-02-19,Delayed,TSK_226_49
PRJ_226,MLS_2256,Milestone Completion of Task 59,2023-02-07,2023-02-03,Pending,TSK_226_59
PRJ_226,MLS_2257,Milestone Completion of Task 69,2023-02-10,2023-02-06,Pending,TSK_226_69
PRJ_226,MLS_2258,Milestone Completion of Task 79,2023-02-13,2023-02-09,Pending,TSK_226_79
PRJ_226,MLS_2259,Milestone Completion of Task 89,2023-02-16,2023-02-28,Delayed,TSK_226_89
PRJ_226,MLS_2260,Milestone Completion of Task 99,2023-02-19,2023-02-15,Pending,TSK_226_99
PRJ_227,MLS_2261,Milestone Completion of Task 9,2023-01-23,2023-02-07,Delayed,TSK_227_09
PRJ_227,MLS_2262,Milestone Completion of Task 19,2023-01-26,2023-01-22,Completed,TSK_227_19
PRJ_227,MLS_2263,Milestone Completion of Task 29,2023-01-29,2023-01-25,Pending,TSK_227_29
PRJ_227,MLS_2264,Milestone Completion of Task 39,2023-02-01,2023-02-16,Delayed,TSK_227_39
PRJ_227,MLS_2265,Milestone Completion of Task 49,2023-02-04,2023-02-06,Delayed,TSK_227_49
PRJ_227,MLS_2266,Milestone Completion of Task 59,2023-02-07,2023-02-03,Pending,TSK_227_59
PRJ_227,MLS_2267,Milestone Completion of Task 69,2023-02-10,2023-02-10,Pending,TSK_227_69
PRJ_227,MLS_2268,Milestone Completion of Task 79,2023-02-13,2023-02-28,Delayed,TSK_227_79
PRJ_227,MLS_2269,Milestone Completion of Task 89,2023-02-16,2023-02-16,Pending,TSK_227_89
PRJ_227,MLS_2270,Milestone Completion of Task 99,2023-02-19,2023-02-21,Delayed,TSK_227_99
PRJ_228,MLS_2271,Milestone Completion of Task 9,2023-01-23,2023-01-19,Completed,TSK_228_09
PRJ_228,MLS_2272,Milestone Completion of Task 19,2023-01-26,2023-01-22,Completed,TSK_228_19
PRJ_228,MLS_2273,Milestone Completion of Task 29,2023-01-29,2023-01-25,Pending,TSK_228_29
PRJ_228,MLS_2274,Milestone Completion of Task 39,2023-02-01,2023-02-16,Delayed,TSK_228_39
PRJ_228,MLS_2275,Milestone Completion of Task 49,2023-02-04,2023-02-19,Delayed,TSK_228_49
PRJ_228,MLS_2276,Milestone Completion of Task 59,2023-02-07,2023-02-07,Pending,TSK_228_59
PRJ_228,MLS_2277,Milestone Completion of Task 69,2023-02-10,2023-02-25,Delayed,TSK_228_69
PRJ_228,MLS_2278,Milestone Completion of Task 79,2023-02-13,2023-02-27,Delayed,TSK_228_79
PRJ_228,MLS_2279,Milestone Completion of Task 89,2023-02-16,2023-02-16,Pending,TSK_228_89
PRJ_228,MLS_2280,Milestone Completion of Task 99,2023-02-19,2023-03-06,Delayed,TSK_228_99
PRJ_229,MLS_2281,Milestone Completion of Task 9,2023-01-23,2023-01-19,Completed,TSK_229_09
PRJ_229,MLS_2282,Milestone Completion of Task 19,2023-01-26,2023-01-26,Pending,TSK_229_19
PRJ_229,MLS_2283,Milestone Completion of Task 29,2023-01-29,2023-01-25,Pending,TSK_229_29
PRJ_229,MLS_2284,Milestone Completion of Task 39,2023-02-01,2023-02-16,Delayed,TSK_229_39
PRJ_229,MLS_2285,Milestone Completion of Task 49,2023-02-04,2023-02-11,Delayed,TSK_229_49
PRJ_229,MLS_2286,Milestone Completion of Task 59,2023-02-07,2023-02-07,Pending,TSK_229_59
PRJ_229,MLS_2287,Milestone Completion of Task 69,2023-02-10,2023-02-06,Pending,TSK_229_69
PRJ_229,MLS_2288,Milestone Completion of Task 79,2023-02-13,2023-02-18,Delayed,TSK_229_79
PRJ_229,MLS_2289,Milestone Completion of Task 89,2023-02-16,2023-02-12,Pending,TSK_229_89
PRJ_229,MLS_2290,Milestone Completion of Task 99,2023-02-19,2023-02-15,Pending,TSK_229_99
PRJ_230,MLS_2291,Milestone Completion of Task 9,2023-01-23,2023-01-19,Completed,TSK_230_09
PRJ_230,MLS_2292,Milestone Completion of Task 19,2023-01-26,2023-01-22,Completed,TSK_230_19
PRJ_230,MLS_2293,Milestone Completion of Task 29,2023-01-29,2023-01-25,Pending,TSK_230_29
PRJ_230,MLS_2294,Milestone Completion of Task 39,2023-02-01,2023-01-28,Pending,TSK_230_39
PRJ_230,MLS_2295,Milestone Completion of Task 49,2023-02-04,2023-02-14,Delayed,TSK_230_49
PRJ_230,MLS_2296,Milestone Completion of Task 59,2023-02-07,2023-02-22,Delayed,TSK_230_59
PRJ_230,MLS_2297,Milestone Completion of Task 69,2023-02-10,2023-02-25,Delayed,TSK_230_69
PRJ_230,MLS_2298,Milestone Completion of Task 79,2023-02-13,2023-02-25,Delayed,TSK_230_79
PRJ_230,MLS_2299,Milestone Completion of Task 89,2023-02-16,2023-02-14,Pending,TSK_230_89
PRJ_230,MLS_2300,Milestone Completion of Task 99,2023-02-19,2023-02-26,Delayed,TSK_230_99
PRJ_231,MLS_2301,Milestone Completion of Task 9,2023-01-23,2023-02-03,Delayed,TSK_231_09
PRJ_231,MLS_2302,Milestone Completion of Task 19,2023-01-26,2023-02-07,Delayed,TSK_231_19
PRJ_231,MLS_2303,Milestone Completion of Task 29,2023-01-29,2023-01-25,Pending,TSK_231_29
PRJ_231,MLS_2304,Milestone Completion of Task 39,2023-02-01,2023-02-07,Delayed,TSK_231_39
PRJ_231,MLS_2305,Milestone Completion of Task 49,2023-02-04,2023-02-03,Pending,TSK_231_49
PRJ_231,MLS_2306,Milestone Completion of Task 59,2023-02-07,2023-02-04,Pending,TSK_231_59
PRJ_231,MLS_2307,Milestone Completion of Task 69,2023-02-10,2023-02-10,Pending,TSK_231_69
PRJ_231,MLS_2308,Milestone Completion of Task 79,2023-02-13,2023-02-09,Pending,TSK_231_79
PRJ_231,MLS_2309,Milestone Completion of Task 89,2023-02-16,2023-02-19,Delayed,TSK_231_89
PRJ_231,MLS_2310,Milestone Completion of Task 99,2023-02-19,2023-02-25,Delayed,TSK_231_99
PRJ_232,MLS_2311,Milestone Completion of Task 9,2023-01-24,2023-01-24,Pending,TSK_232_09
PRJ_232,MLS_2312,Milestone Completion of Task 19,2023-01-27,2023-01-23,Pending,TSK_232_19
PRJ_232,MLS_2313,Milestone Completion of Task 29,2023-01-30,2023-01-26,Pending,TSK_232_29
PRJ_232,MLS_2314,Milestone Completion of Task 39,2023-02-02,2023-02-07,Delayed,TSK_232_39
PRJ_232,MLS_2315,Milestone Completion of Task 49,2023-02-05,2023-02-01,Pending,TSK_232_49
PRJ_232,MLS_2316,Milestone Completion of Task 59,2023-02-08,2023-02-04,Pending,TSK_232_59
PRJ_232,MLS_2317,Milestone Completion of Task 69,2023-02-11,2023-02-26,Delayed,TSK_232_69
PRJ_232,MLS_2318,Milestone Completion of Task 79,2023-02-14,2023-02-19,Delayed,TSK_232_79
PRJ_232,MLS_2319,Milestone Completion of Task 89,2023-02-17,2023-02-27,Delayed,TSK_232_89
PRJ_232,MLS_2320,Milestone Completion of Task 99,2023-02-20,2023-02-16,Pending,TSK_232_99
PRJ_233,MLS_2321,Milestone Completion of Task 9,2023-01-24,2023-01-20,Completed,TSK_233_09
PRJ_233,MLS_2322,Milestone Completion of Task 19,2023-01-27,2023-02-01,Delayed,TSK_233_19
PRJ_233,MLS_2323,Milestone Completion of Task 29,2023-01-30,2023-01-26,Pending,TSK_233_29
PRJ_233,MLS_2324,Milestone Completion of Task 39,2023-02-02,2023-02-04,Delayed,TSK_233_39
PRJ_233,MLS_2325,Milestone Completion of Task 49,2023-02-05,2023-02-20,Delayed,TSK_233_49
PRJ_233,MLS_2326,Milestone Completion of Task 59,2023-02-08,2023-02-13,Delayed,TSK_233_59
PRJ_233,MLS_2327,Milestone Completion of Task 69,2023-02-11,2023-02-26,Delayed,TSK_233_69
PRJ_233,MLS_2328,Milestone Completion of Task 79,2023-02-14,2023-02-14,Pending,TSK_233_79
PRJ_233,MLS_2329,Milestone Completion of Task 89,2023-02-17,2023-02-13,Pending,TSK_233_89
PRJ_233,MLS_2330,Milestone Completion of Task 99,2023-02-20,2023-03-07,Delayed,TSK_233_99
PRJ_234,MLS_2331,Milestone Completion of Task 9,2023-01-24,2023-01-20,Completed,TSK_234_09
PRJ_234,MLS_2332,Milestone Completion of Task 19,2023-01-27,2023-02-11,Delayed,TSK_234_19
PRJ_234,MLS_2333,Milestone Completion of Task 29,2023-01-30,2023-02-14,Delayed,TSK_234_29
PRJ_234,MLS_2334,Milestone Completion of Task 39,2023-02-02,2023-02-17,Delayed,TSK_234_39
PRJ_234,MLS_2335,Milestone Completion of Task 49,2023-02-05,2023-02-07,Delayed,TSK_234_49
PRJ_234,MLS_2336,Milestone Completion of Task 59,2023-02-08,2023-02-04,Pending,TSK_234_59
PRJ_234,MLS_2337,Milestone Completion of Task 69,2023-02-11,2023-02-13,Delayed,TSK_234_69
PRJ_234,MLS_2338,Milestone Completion of Task 79,2023-02-14,2023-03-01,Delayed,TSK_234_79
PRJ_234,MLS_2339,Milestone Completion of Task 89,2023-02-17,2023-03-04,Delayed,TSK_234_89
PRJ_234,MLS_2340,Milestone Completion of Task 99,2023-02-20,2023-02-18,Pending,TSK_234_99
PRJ_235,MLS_2341,Milestone Completion of Task 9,2023-01-24,2023-01-24,Pending,TSK_235_09
PRJ_235,MLS_2342,Milestone Completion of Task 19,2023-01-27,2023-01-27,Pending,TSK_235_19
PRJ_235,MLS_2343,Milestone Completion of Task 29,2023-01-30,2023-01-26,Pending,TSK_235_29
PRJ_235,MLS_2344,Milestone Completion of Task 39,2023-02-02,2023-01-29,Pending,TSK_235_39
PRJ_235,MLS_2345,Milestone Completion of Task 49,2023-02-05,2023-02-01,Pending,TSK_235_49
PRJ_235,MLS_2346,Milestone Completion of Task 59,2023-02-08,2023-02-08,Pending,TSK_235_59
PRJ_235,MLS_2347,Milestone Completion of Task 69,2023-02-11,2023-02-26,Delayed,TSK_235_69
PRJ_235,MLS_2348,Milestone Completion of Task 79,2023-02-14,2023-02-10,Pending,TSK_235_79
PRJ_235,MLS_2349,Milestone Completion of Task 89,2023-02-17,2023-02-17,Pending,TSK_235_89
PRJ_235,MLS_2350,Milestone Completion of Task 99,2023-02-20,2023-02-16,Pending,TSK_235_99
PRJ_236,MLS_2351,Milestone Completion of Task 9,2023-01-24,2023-02-08,Delayed,TSK_236_09
PRJ_236,MLS_2352,Milestone Completion of Task 19,2023-01-27,2023-01-23,Pending,TSK_236_19
PRJ_236,MLS_2353,Milestone Completion of Task 29,2023-01-30,2023-02-06,Delayed,TSK_236_29
PRJ_236,MLS_2354,Milestone Completion of Task 39,2023-02-02,2023-02-04,Delayed,TSK_236_39
PRJ_236,MLS_2355,Milestone Completion of Task 49,2023-02-05,2023-02-20,Delayed,TSK_236_49
PRJ_236,MLS_2356,Milestone Completion of Task 59,2023-02-08,2023-02-08,Pending,TSK_236_59
PRJ_236,MLS_2357,Milestone Completion of Task 69,2023-02-11,2023-02-11,Pending,TSK_236_69
PRJ_236,MLS_2358,Milestone Completion of Task 79,2023-02-14,2023-02-10,Pending,TSK_236_79
PRJ_236,MLS_2359,Milestone Completion of Task 89,2023-02-17,2023-02-13,Pending,TSK_236_89
PRJ_236,MLS_2360,Milestone Completion of Task 99,2023-02-20,2023-03-07,Delayed,TSK_236_99
PRJ_237,MLS_2361,Milestone Completion of Task 9,2023-01-24,2023-01-20,Completed,TSK_237_09
PRJ_237,MLS_2362,Milestone Completion of Task 19,2023-01-27,2023-01-23,Pending,TSK_237_19
PRJ_237,MLS_2363,Milestone Completion of Task 29,2023-01-30,2023-01-30,Pending,TSK_237_29
PRJ_237,MLS_2364,Milestone Completion of Task 39,2023-02-02,2023-02-16,Delayed,TSK_237_39
PRJ_237,MLS_2365,Milestone Completion of Task 49,2023-02-05,2023-02-01,Pending,TSK_237_49
PRJ_237,MLS_2366,Milestone Completion of Task 59,2023-02-08,2023-02-04,Pending,TSK_237_59
PRJ_237,MLS_2367,Milestone Completion of Task 69,2023-02-11,2023-02-20,Delayed,TSK_237_69
PRJ_237,MLS_2368,Milestone Completion of Task 79,2023-02-14,2023-03-01,Delayed,TSK_237_79
PRJ_237,MLS_2369,Milestone Completion of Task 89,2023-02-17,2023-02-13,Pending,TSK_237_89
PRJ_237,MLS_2370,Milestone Completion of Task 99,2023-02-20,2023-03-07,Delayed,TSK_237_99
PRJ_238,MLS_2371,Milestone Completion of Task 9,2023-01-24,2023-02-01,Delayed,TSK_238_09
PRJ_238,MLS_2372,Milestone Completion of Task 19,2023-01-27,2023-01-23,Pending,TSK_238_19
PRJ_238,MLS_2373,Milestone Completion of Task 29,2023-01-30,2023-01-26,Pending,TSK_238_29
PRJ_238,MLS_2374,Milestone Completion of Task 39,2023-02-02,2023-01-29,Pending,TSK_238_39
PRJ_238,MLS_2375,Milestone Completion of Task 49,2023-02-05,2023-02-01,Pending,TSK_238_49
PRJ_238,MLS_2376,Milestone Completion of Task 59,2023-02-08,2023-02-04,Pending,TSK_238_59
PRJ_238,MLS_2377,Milestone Completion of Task 69,2023-02-11,2023-02-07,Pending,TSK_238_69
PRJ_238,MLS_2378,Milestone Completion of Task 79,2023-02-14,2023-02-10,Pending,TSK_238_79
PRJ_238,MLS_2379,Milestone Completion of Task 89,2023-02-17,2023-02-13,Pending,TSK_238_89
PRJ_238,MLS_2380,Milestone Completion of Task 99,2023-02-20,2023-03-04,Delayed,TSK_238_99
PRJ_239,MLS_2381,Milestone Completion of Task 9,2023-01-24,2023-01-20,Completed,TSK_239_09
PRJ_239,MLS_2382,Milestone Completion of Task 19,2023-01-27,2023-01-23,Pending,TSK_239_19
PRJ_239,MLS_2383,Milestone Completion of Task 29,2023-01-30,2023-01-26,Pending,TSK_239_29
PRJ_239,MLS_2384,Milestone Completion of Task 39,2023-02-02,2023-02-02,Pending,TSK_239_39
PRJ_239,MLS_2385,Milestone Completion of Task 49,2023-02-05,2023-02-05,Pending,TSK_239_49
PRJ_239,MLS_2386,Milestone Completion of Task 59,2023-02-08,2023-02-19,Delayed,TSK_239_59
PRJ_239,MLS_2387,Milestone Completion of Task 69,2023-02-11,2023-02-25,Delayed,TSK_239_69
PRJ_239,MLS_2388,Milestone Completion of Task 79,2023-02-14,2023-02-19,Delayed,TSK_239_79
PRJ_239,MLS_2389,Milestone Completion of Task 89,2023-02-17,2023-02-13,Pending,TSK_239_89
PRJ_239,MLS_2390,Milestone Completion of Task 99,2023-02-20,2023-02-28,Delayed,TSK_239_99
PRJ_240,MLS_2391,Milestone Completion of Task 9,2023-01-24,2023-01-24,Pending,TSK_240_09
PRJ_240,MLS_2392,Milestone Completion of Task 19,2023-01-27,2023-02-11,Delayed,TSK_240_19
PRJ_240,MLS_2393,Milestone Completion of Task 29,2023-01-30,2023-01-30,Pending,TSK_240_29
PRJ_240,MLS_2394,Milestone Completion of Task 39,2023-02-02,2023-01-29,Pending,TSK_240_39
PRJ_240,MLS_2395,Milestone Completion of Task 49,2023-02-05,2023-02-20,Delayed,TSK_240_49
PRJ_240,MLS_2396,Milestone Completion of Task 59,2023-02-08,2023-02-23,Delayed,TSK_240_59
PRJ_240,MLS_2397,Milestone Completion of Task 69,2023-02-11,2023-02-07,Pending,TSK_240_69
PRJ_240,MLS_2398,Milestone Completion of Task 79,2023-02-14,2023-02-21,Delayed,TSK_240_79
PRJ_240,MLS_2399,Milestone Completion of Task 89,2023-02-17,2023-02-17,Pending,TSK_240_89
PRJ_240,MLS_2400,Milestone Completion of Task 99,2023-02-20,2023-02-16,Pending,TSK_240_99
PRJ_241,MLS_2401,Milestone Completion of Task 9,2023-01-24,2023-02-08,Delayed,TSK_241_09
PRJ_241,MLS_2402,Milestone Completion of Task 19,2023-01-27,2023-01-23,Pending,TSK_241_19
PRJ_241,MLS_2403,Milestone Completion of Task 29,2023-01-30,2023-01-30,Pending,TSK_241_29
PRJ_241,MLS_2404,Milestone Completion of Task 39,2023-02-02,2023-02-17,Delayed,TSK_241_39
PRJ_241,MLS_2405,Milestone Completion of Task 49,2023-02-05,2023-02-17,Delayed,TSK_241_49
PRJ_241,MLS_2406,Milestone Completion of Task 59,2023-02-08,2023-02-04,Pending,TSK_241_59
PRJ_241,MLS_2407,Milestone Completion of Task 69,2023-02-11,2023-02-26,Delayed,TSK_241_69
PRJ_241,MLS_2408,Milestone Completion of Task 79,2023-02-14,2023-02-10,Pending,TSK_241_79
PRJ_241,MLS_2409,Milestone Completion of Task 89,2023-02-17,2023-03-04,Delayed,TSK_241_89
PRJ_241,MLS_2410,Milestone Completion of Task 99,2023-02-20,2023-02-16,Pending,TSK_241_99
PRJ_242,MLS_2411,Milestone Completion of Task 9,2023-01-24,2023-02-08,Delayed,TSK_242_09
PRJ_242,MLS_2412,Milestone Completion of Task 19,2023-01-27,2023-02-11,Delayed,TSK_242_19
PRJ_242,MLS_2413,Milestone Completion of Task 29,2023-01-30,2023-01-26,Pending,TSK_242_29
PRJ_242,MLS_2414,Milestone Completion of Task 39,2023-02-02,2023-02-17,Delayed,TSK_242_39
PRJ_242,MLS_2415,Milestone Completion of Task 49,2023-02-05,2023-02-01,Pending,TSK_242_49
PRJ_242,MLS_2416,Milestone Completion of Task 59,2023-02-08,2023-02-04,Pending,TSK_242_59
PRJ_242,MLS_2417,Milestone Completion of Task 69,2023-02-11,2023-02-07,Pending,TSK_242_69
PRJ_242,MLS_2418,Milestone Completion of Task 79,2023-02-14,2023-02-10,Pending,TSK_242_79
PRJ_242,MLS_2419,Milestone Completion of Task 89,2023-02-17,2023-03-04,Delayed,TSK_242_89
PRJ_242,MLS_2420,Milestone Completion of Task 99,2023-02-20,2023-02-16,Pending,TSK_242_99
PRJ_243,MLS_2421,Milestone Completion of Task 9,2023-01-24,2023-01-28,Delayed,TSK_243_09
PRJ_243,MLS_2422,Milestone Completion of Task 19,2023-01-27,2023-01-23,Pending,TSK_243_19
PRJ_243,MLS_2423,Milestone Completion of Task 29,2023-01-30,2023-01-28,Pending,TSK_243_29
PRJ_243,MLS_2424,Milestone Completion of Task 39,2023-02-02,2023-02-13,Delayed,TSK_243_39
PRJ_243,MLS_2425,Milestone Completion of Task 49,2023-02-05,2023-02-20,Delayed,TSK_243_49
PRJ_243,MLS_2426,Milestone Completion of Task 59,2023-02-08,2023-02-10,Delayed,TSK_243_59
PRJ_243,MLS_2427,Milestone Completion of Task 69,2023-02-11,2023-02-07,Pending,TSK_243_69
PRJ_243,MLS_2428,Milestone Completion of Task 79,2023-02-14,2023-02-16,Delayed,TSK_243_79
PRJ_243,MLS_2429,Milestone Completion of Task 89,2023-02-17,2023-02-13,Pending,TSK_243_89
PRJ_243,MLS_2430,Milestone Completion of Task 99,2023-02-20,2023-02-18,Pending,TSK_243_99
PRJ_244,MLS_2431,Milestone Completion of Task 9,2023-01-24,2023-01-24,Pending,TSK_244_09
PRJ_244,MLS_2432,Milestone Completion of Task 19,2023-01-27,2023-02-11,Delayed,TSK_244_19
PRJ_244,MLS_2433,Milestone Completion of Task 29,2023-01-30,2023-02-14,Delayed,TSK_244_29
PRJ_244,MLS_2434,Milestone Completion of Task 39,2023-02-02,2023-01-29,Pending,TSK_244_39
PRJ_244,MLS_2435,Milestone Completion of Task 49,2023-02-05,2023-02-11,Delayed,TSK_244_49
PRJ_244,MLS_2436,Milestone Completion of Task 59,2023-02-08,2023-02-04,Pending,TSK_244_59
PRJ_244,MLS_2437,Milestone Completion of Task 69,2023-02-11,2023-02-26,Delayed,TSK_244_69
PRJ_244,MLS_2438,Milestone Completion of Task 79,2023-02-14,2023-02-10,Pending,TSK_244_79
PRJ_244,MLS_2439,Milestone Completion of Task 89,2023-02-17,2023-03-04,Delayed,TSK_244_89
PRJ_244,MLS_2440,Milestone Completion of Task 99,2023-02-20,2023-02-16,Pending,TSK_244_99
PRJ_245,MLS_2441,Milestone Completion of Task 9,2023-01-24,2023-02-06,Delayed,TSK_245_09
PRJ_245,MLS_2442,Milestone Completion of Task 19,2023-01-27,2023-01-23,Pending,TSK_245_19
PRJ_245,MLS_2443,Milestone Completion of Task 29,2023-01-30,2023-02-14,Delayed,TSK_245_29
PRJ_245,MLS_2444,Milestone Completion of Task 39,2023-02-02,2023-01-29,Pending,TSK_245_39
PRJ_245,MLS_2445,Milestone Completion of Task 49,2023-02-05,2023-02-08,Delayed,TSK_245_49
PRJ_245,MLS_2446,Milestone Completion of Task 59,2023-02-08,2023-02-04,Pending,TSK_245_59
PRJ_245,MLS_2447,Milestone Completion of Task 69,2023-02-11,2023-02-26,Delayed,TSK_245_69
PRJ_245,MLS_2448,Milestone Completion of Task 79,2023-02-14,2023-03-01,Delayed,TSK_245_79
PRJ_245,MLS_2449,Milestone Completion of Task 89,2023-02-17,2023-02-28,Delayed,TSK_245_89
PRJ_245,MLS_2450,Milestone Completion of Task 99,2023-02-20,2023-02-23,Delayed,TSK_245_99
PRJ_246,MLS_2451,Milestone Completion of Task 9,2023-01-25,2023-01-21,Completed,TSK_246_09
PRJ_246,MLS_2452,Milestone Completion of Task 19,2023-01-28,2023-01-24,Pending,TSK_246_19
PRJ_246,MLS_2453,Milestone Completion of Task 29,2023-01-31,2023-01-27,Pending,TSK_246_29
PRJ_246,MLS_2454,Milestone Completion of Task 39,2023-02-03,2023-02-01,Pending,TSK_246_39
PRJ_246,MLS_2455,Milestone Completion of Task 49,2023-02-06,2023-02-02,Pending,TSK_246_49
PRJ_246,MLS_2456,Milestone Completion of Task 59,2023-02-09,2023-02-07,Pending,TSK_246_59
PRJ_246,MLS_2457,Milestone Completion of Task 69,2023-02-12,2023-02-08,Pending,TSK_246_69
PRJ_246,MLS_2458,Milestone Completion of Task 79,2023-02-15,2023-02-11,Pending,TSK_246_79
PRJ_246,MLS_2459,Milestone Completion of Task 89,2023-02-18,2023-02-14,Pending,TSK_246_89
PRJ_246,MLS_2460,Milestone Completion of Task 99,2023-02-21,2023-03-05,Delayed,TSK_246_99
PRJ_247,MLS_2461,Milestone Completion of Task 9,2023-01-25,2023-01-21,Completed,TSK_247_09
PRJ_247,MLS_2462,Milestone Completion of Task 19,2023-01-28,2023-01-24,Pending,TSK_247_19
PRJ_247,MLS_2463,Milestone Completion of Task 29,2023-01-31,2023-01-27,Pending,TSK_247_29
PRJ_247,MLS_2464,Milestone Completion of Task 39,2023-02-03,2023-01-30,Pending,TSK_247_39
PRJ_247,MLS_2465,Milestone Completion of Task 49,2023-02-06,2023-02-06,Pending,TSK_247_49
PRJ_247,MLS_2466,Milestone Completion of Task 59,2023-02-09,2023-02-09,Pending,TSK_247_59
PRJ_247,MLS_2467,Milestone Completion of Task 69,2023-02-12,2023-02-08,Pending,TSK_247_69
PRJ_247,MLS_2468,Milestone Completion of Task 79,2023-02-15,2023-02-27,Delayed,TSK_247_79
PRJ_247,MLS_2469,Milestone Completion of Task 89,2023-02-18,2023-02-15,Pending,TSK_247_89
PRJ_247,MLS_2470,Milestone Completion of Task 99,2023-02-21,2023-02-21,Pending,TSK_247_99
PRJ_248,MLS_2471,Milestone Completion of Task 9,2023-01-25,2023-01-28,Delayed,TSK_248_09
PRJ_248,MLS_2472,Milestone Completion of Task 19,2023-01-28,2023-01-24,Pending,TSK_248_19
PRJ_248,MLS_2473,Milestone Completion of Task 29,2023-01-31,2023-02-06,Delayed,TSK_248_29
PRJ_248,MLS_2474,Milestone Completion of Task 39,2023-02-03,2023-02-04,Delayed,TSK_248_39
PRJ_248,MLS_2475,Milestone Completion of Task 49,2023-02-06,2023-02-12,Delayed,TSK_248_49
PRJ_248,MLS_2476,Milestone Completion of Task 59,2023-02-09,2023-02-23,Delayed,TSK_248_59
PRJ_248,MLS_2477,Milestone Completion of Task 69,2023-02-12,2023-02-26,Delayed,TSK_248_69
PRJ_248,MLS_2478,Milestone Completion of Task 79,2023-02-15,2023-03-01,Delayed,TSK_248_79
PRJ_248,MLS_2479,Milestone Completion of Task 89,2023-02-18,2023-02-21,Delayed,TSK_248_89
PRJ_248,MLS_2480,Milestone Completion of Task 99,2023-02-21,2023-02-17,Pending,TSK_248_99
PRJ_249,MLS_2481,Milestone Completion of Task 9,2023-01-25,2023-01-21,Completed,TSK_249_09
PRJ_249,MLS_2482,Milestone Completion of Task 19,2023-01-28,2023-01-24,Pending,TSK_249_19
PRJ_249,MLS_2483,Milestone Completion of Task 29,2023-01-31,2023-02-07,Delayed,TSK_249_29
PRJ_249,MLS_2484,Milestone Completion of Task 39,2023-02-03,2023-02-05,Delayed,TSK_249_39
PRJ_249,MLS_2485,Milestone Completion of Task 49,2023-02-06,2023-02-21,Delayed,TSK_249_49
PRJ_249,MLS_2486,Milestone Completion of Task 59,2023-02-09,2023-02-14,Delayed,TSK_249_59
PRJ_249,MLS_2487,Milestone Completion of Task 69,2023-02-12,2023-02-27,Delayed,TSK_249_69
PRJ_249,MLS_2488,Milestone Completion of Task 79,2023-02-15,2023-02-17,Delayed,TSK_249_79
PRJ_249,MLS_2489,Milestone Completion of Task 89,2023-02-18,2023-03-05,Delayed,TSK_249_89
PRJ_249,MLS_2490,Milestone Completion of Task 99,2023-02-21,2023-02-17,Pending,TSK_249_99
PRJ_250,MLS_2491,Milestone Completion of Task 9,2023-01-25,2023-01-31,Delayed,TSK_250_09
PRJ_250,MLS_2492,Milestone Completion of Task 19,2023-01-28,2023-01-24,Pending,TSK_250_19
PRJ_250,MLS_2493,Milestone Completion of Task 29,2023-01-31,2023-01-27,Pending,TSK_250_29
PRJ_250,MLS_2494,Milestone Completion of Task 39,2023-02-03,2023-01-30,Pending,TSK_250_39
PRJ_250,MLS_2495,Milestone Completion of Task 49,2023-02-06,2023-02-02,Pending,TSK_250_49
PRJ_250,MLS_2496,Milestone Completion of Task 59,2023-02-09,2023-02-24,Delayed,TSK_250_59
PRJ_250,MLS_2497,Milestone Completion of Task 69,2023-02-12,2023-02-27,Delayed,TSK_250_69
PRJ_250,MLS_2498,Milestone Completion of Task 79,2023-02-15,2023-03-02,Delayed,TSK_250_79
PRJ_250,MLS_2499,Milestone Completion of Task 89,2023-02-18,2023-02-14,Pending,TSK_250_89
PRJ_250,MLS_2500,Milestone Completion of Task 99,2023-02-21,2023-02-17,Pending,TSK_250_99
PRJ_251,MLS_2501,Milestone Completion of Task 9,2023-01-25,2023-02-09,Delayed,TSK_251_09
PRJ_251,MLS_2502,Milestone Completion of Task 19,2023-01-28,2023-02-12,Delayed,TSK_251_19
PRJ_251,MLS_2503,Milestone Completion of Task 29,2023-01-31,2023-02-15,Delayed,TSK_251_29
PRJ_251,MLS_2504,Milestone Completion of Task 39,2023-02-03,2023-02-18,Delayed,TSK_251_39
PRJ_251,MLS_2505,Milestone Completion of Task 49,2023-02-06,2023-02-21,Delayed,TSK_251_49
PRJ_251,MLS_2506,Milestone Completion of Task 59,2023-02-09,2023-02-05,Pending,TSK_251_59
PRJ_251,MLS_2507,Milestone Completion of Task 69,2023-02-12,2023-02-27,Delayed,TSK_251_69
PRJ_251,MLS_2508,Milestone Completion of Task 79,2023-02-15,2023-03-02,Delayed,TSK_251_79
PRJ_251,MLS_2509,Milestone Completion of Task 89,2023-02-18,2023-02-14,Pending,TSK_251_89
PRJ_251,MLS_2510,Milestone Completion of Task 99,2023-02-21,2023-03-08,Delayed,TSK_251_99
PRJ_252,MLS_2511,Milestone Completion of Task 9,2023-01-25,2023-01-21,Completed,TSK_252_09
PRJ_252,MLS_2512,Milestone Completion of Task 19,2023-01-28,2023-01-24,Pending,TSK_252_19
PRJ_252,MLS_2513,Milestone Completion of Task 29,2023-01-31,2023-02-15,Delayed,TSK_252_29
PRJ_252,MLS_2514,Milestone Completion of Task 39,2023-02-03,2023-02-18,Delayed,TSK_252_39
PRJ_252,MLS_2515,Milestone Completion of Task 49,2023-02-06,2023-02-11,Delayed,TSK_252_49
PRJ_252,MLS_2516,Milestone Completion of Task 59,2023-02-09,2023-02-24,Delayed,TSK_252_59
PRJ_252,MLS_2517,Milestone Completion of Task 69,2023-02-12,2023-02-12,Pending,TSK_252_69
PRJ_252,MLS_2518,Milestone Completion of Task 79,2023-02-15,2023-03-02,Delayed,TSK_252_79
PRJ_252,MLS_2519,Milestone Completion of Task 89,2023-02-18,2023-03-05,Delayed,TSK_252_89
PRJ_252,MLS_2520,Milestone Completion of Task 99,2023-02-21,2023-03-08,Delayed,TSK_252_99
PRJ_253,MLS_2521,Milestone Completion of Task 9,2023-01-25,2023-01-31,Delayed,TSK_253_09
PRJ_253,MLS_2522,Milestone Completion of Task 19,2023-01-28,2023-01-24,Pending,TSK_253_19
PRJ_253,MLS_2523,Milestone Completion of Task 29,2023-01-31,2023-02-08,Delayed,TSK_253_29
PRJ_253,MLS_2524,Milestone Completion of Task 39,2023-02-03,2023-01-30,Pending,TSK_253_39
PRJ_253,MLS_2525,Milestone Completion of Task 49,2023-02-06,2023-02-17,Delayed,TSK_253_49
PRJ_253,MLS_2526,Milestone Completion of Task 59,2023-02-09,2023-02-05,Pending,TSK_253_59
PRJ_253,MLS_2527,Milestone Completion of Task 69,2023-02-12,2023-02-20,Delayed,TSK_253_69
PRJ_253,MLS_2528,Milestone Completion of Task 79,2023-02-15,2023-02-11,Pending,TSK_253_79
PRJ_253,MLS_2529,Milestone Completion of Task 89,2023-02-18,2023-03-03,Delayed,TSK_253_89
PRJ_253,MLS_2530,Milestone Completion of Task 99,2023-02-21,2023-02-26,Delayed,TSK_253_99
PRJ_254,MLS_2531,Milestone Completion of Task 9,2023-01-25,2023-01-30,Delayed,TSK_254_09
PRJ_254,MLS_2532,Milestone Completion of Task 19,2023-01-28,2023-01-24,Pending,TSK_254_19
PRJ_254,MLS_2533,Milestone Completion of Task 29,2023-01-31,2023-01-31,Pending,TSK_254_29
PRJ_254,MLS_2534,Milestone Completion of Task 39,2023-02-03,2023-01-30,Pending,TSK_254_39
PRJ_254,MLS_2535,Milestone Completion of Task 49,2023-02-06,2023-02-02,Pending,TSK_254_49
PRJ_254,MLS_2536,Milestone Completion of Task 59,2023-02-09,2023-02-05,Pending,TSK_254_59
PRJ_254,MLS_2537,Milestone Completion of Task 69,2023-02-12,2023-02-19,Delayed,TSK_254_69
PRJ_254,MLS_2538,Milestone Completion of Task 79,2023-02-15,2023-02-11,Pending,TSK_254_79
PRJ_254,MLS_2539,Milestone Completion of Task 89,2023-02-18,2023-02-14,Pending,TSK_254_89
PRJ_254,MLS_2540,Milestone Completion of Task 99,2023-02-21,2023-02-17,Pending,TSK_254_99
PRJ_255,MLS_2541,Milestone Completion of Task 9,2023-01-25,2023-01-21,Completed,TSK_255_09
PRJ_255,MLS_2542,Milestone Completion of Task 19,2023-01-28,2023-02-09,Delayed,TSK_255_19
PRJ_255,MLS_2543,Milestone Completion of Task 29,2023-01-31,2023-02-15,Delayed,TSK_255_29
PRJ_255,MLS_2544,Milestone Completion of Task 39,2023-02-03,2023-02-05,Delayed,TSK_255_39
PRJ_255,MLS_2545,Milestone Completion of Task 49,2023-02-06,2023-02-02,Pending,TSK_255_49
PRJ_255,MLS_2546,Milestone Completion of Task 59,2023-02-09,2023-02-24,Delayed,TSK_255_59
PRJ_255,MLS_2547,Milestone Completion of Task 69,2023-02-12,2023-02-08,Pending,TSK_255_69
PRJ_255,MLS_2548,Milestone Completion of Task 79,2023-02-15,2023-02-20,Delayed,TSK_255_79
PRJ_255,MLS_2549,Milestone Completion of Task 89,2023-02-18,2023-02-16,Pending,TSK_255_89
PRJ_255,MLS_2550,Milestone Completion of Task 99,2023-02-21,2023-03-05,Delayed,TSK_255_99
PRJ_256,MLS_2551,Milestone Completion of Task 9,2023-01-25,2023-02-09,Delayed,TSK_256_09
PRJ_256,MLS_2552,Milestone Completion of Task 19,2023-01-28,2023-01-28,Pending,TSK_256_19
PRJ_256,MLS_2553,Milestone Completion of Task 29,2023-01-31,2023-01-31,Pending,TSK_256_29
PRJ_256,MLS_2554,Milestone Completion of Task 39,2023-02-03,2023-02-15,Delayed,TSK_256_39
PRJ_256,MLS_2555,Milestone Completion of Task 49,2023-02-06,2023-02-21,Delayed,TSK_256_49
PRJ_256,MLS_2556,Milestone Completion of Task 59,2023-02-09,2023-02-05,Pending,TSK_256_59
PRJ_256,MLS_2557,Milestone Completion of Task 69,2023-02-12,2023-02-08,Pending,TSK_256_69
PRJ_256,MLS_2558,Milestone Completion of Task 79,2023-02-15,2023-02-15,Pending,TSK_256_79
PRJ_256,MLS_2559,Milestone Completion of Task 89,2023-02-18,2023-02-14,Pending,TSK_256_89
PRJ_256,MLS_2560,Milestone Completion of Task 99,2023-02-21,2023-02-17,Pending,TSK_256_99
PRJ_257,MLS_2561,Milestone Completion of Task 9,2023-01-25,2023-01-21,Completed,TSK_257_09
PRJ_257,MLS_2562,Milestone Completion of Task 19,2023-01-28,2023-01-24,Pending,TSK_257_19
PRJ_257,MLS_2563,Milestone Completion of Task 29,2023-01-31,2023-01-31,Pending,TSK_257_29
PRJ_257,MLS_2564,Milestone Completion of Task 39,2023-02-03,2023-02-18,Delayed,TSK_257_39
PRJ_257,MLS_2565,Milestone Completion of Task 49,2023-02-06,2023-02-16,Delayed,TSK_257_49
PRJ_257,MLS_2566,Milestone Completion of Task 59,2023-02-09,2023-02-24,Delayed,TSK_257_59
PRJ_257,MLS_2567,Milestone Completion of Task 69,2023-02-12,2023-02-24,Delayed,TSK_257_69
PRJ_257,MLS_2568,Milestone Completion of Task 79,2023-02-15,2023-02-11,Pending,TSK_257_79
PRJ_257,MLS_2569,Milestone Completion of Task 89,2023-02-18,2023-03-02,Delayed,TSK_257_89
PRJ_257,MLS_2570,Milestone Completion of Task 99,2023-02-21,2023-02-17,Pending,TSK_257_99
PRJ_258,MLS_2571,Milestone Completion of Task 9,2023-01-25,2023-01-21,Completed,TSK_258_09
PRJ_258,MLS_2572,Milestone Completion of Task 19,2023-01-28,2023-02-02,Delayed,TSK_258_19
PRJ_258,MLS_2573,Milestone Completion of Task 29,2023-01-31,2023-01-27,Pending,TSK_258_29
PRJ_258,MLS_2574,Milestone Completion of Task 39,2023-02-03,2023-01-30,Pending,TSK_258_39
PRJ_258,MLS_2575,Milestone Completion of Task 49,2023-02-06,2023-02-21,Delayed,TSK_258_49
PRJ_258,MLS_2576,Milestone Completion of Task 59,2023-02-09,2023-02-05,Pending,TSK_258_59
PRJ_258,MLS_2577,Milestone Completion of Task 69,2023-02-12,2023-02-08,Pending,TSK_258_69
PRJ_258,MLS_2578,Milestone Completion of Task 79,2023-02-15,2023-02-27,Delayed,TSK_258_79
PRJ_258,MLS_2579,Milestone Completion of Task 89,2023-02-18,2023-02-14,Pending,TSK_258_89
PRJ_258,MLS_2580,Milestone Completion of Task 99,2023-02-21,2023-02-28,Delayed,TSK_258_99
PRJ_259,MLS_2581,Milestone Completion of Task 9,2023-01-25,2023-02-09,Delayed,TSK_259_09
PRJ_259,MLS_2582,Milestone Completion of Task 19,2023-01-28,2023-02-07,Delayed,TSK_259_19
PRJ_259,MLS_2583,Milestone Completion of Task 29,2023-01-31,2023-01-27,Pending,TSK_259_29
PRJ_259,MLS_2584,Milestone Completion of Task 39,2023-02-03,2023-01-30,Pending,TSK_259_39
PRJ_259,MLS_2585,Milestone Completion of Task 49,2023-02-06,2023-02-18,Delayed,TSK_259_49
PRJ_259,MLS_2586,Milestone Completion of Task 59,2023-02-09,2023-02-05,Pending,TSK_259_59
PRJ_259,MLS_2587,Milestone Completion of Task 69,2023-02-12,2023-02-08,Pending,TSK_259_69
PRJ_259,MLS_2588,Milestone Completion of Task 79,2023-02-15,2023-02-25,Delayed,TSK_259_79
PRJ_259,MLS_2589,Milestone Completion of Task 89,2023-02-18,2023-03-05,Delayed,TSK_259_89
PRJ_259,MLS_2590,Milestone Completion of Task 99,2023-02-21,2023-03-08,Delayed,TSK_259_99
PRJ_260,MLS_2591,Milestone Completion of Task 9,2023-01-25,2023-01-21,Completed,TSK_260_09
PRJ_260,MLS_2592,Milestone Completion of Task 19,2023-01-28,2023-01-24,Pending,TSK_260_19
PRJ_260,MLS_2593,Milestone Completion of Task 29,2023-01-31,2023-01-29,Pending,TSK_260_29
PRJ_260,MLS_2594,Milestone Completion of Task 39,2023-02-03,2023-02-03,Pending,TSK_260_39
PRJ_260,MLS_2595,Milestone Completion of Task 49,2023-02-06,2023-02-21,Delayed,TSK_260_49
PRJ_260,MLS_2596,Milestone Completion of Task 59,2023-02-09,2023-02-09,Pending,TSK_260_59
PRJ_260,MLS_2597,Milestone Completion of Task 69,2023-02-12,2023-02-08,Pending,TSK_260_69
PRJ_260,MLS_2598,Milestone Completion of Task 79,2023-02-15,2023-02-11,Pending,TSK_260_79
PRJ_260,MLS_2599,Milestone Completion of Task 89,2023-02-18,2023-02-14,Pending,TSK_260_89
PRJ_260,MLS_2600,Milestone Completion of Task 99,2023-02-21,2023-03-08,Delayed,TSK_260_99
PRJ_261,MLS_2601,Milestone Completion of Task 9,2023-01-26,2023-01-22,Completed,TSK_261_09
PRJ_261,MLS_2602,Milestone Completion of Task 19,2023-01-29,2023-01-25,Pending,TSK_261_19
PRJ_261,MLS_2603,Milestone Completion of Task 29,2023-02-01,2023-02-14,Delayed,TSK_261_29
PRJ_261,MLS_2604,Milestone Completion of Task 39,2023-02-04,2023-01-31,Pending,TSK_261_39
PRJ_261,MLS_2605,Milestone Completion of Task 49,2023-02-07,2023-02-03,Pending,TSK_261_49
PRJ_261,MLS_2606,Milestone Completion of Task 59,2023-02-10,2023-02-06,Pending,TSK_261_59
PRJ_261,MLS_2607,Milestone Completion of Task 69,2023-02-13,2023-02-09,Pending,TSK_261_69
PRJ_261,MLS_2608,Milestone Completion of Task 79,2023-02-16,2023-03-03,Delayed,TSK_261_79
PRJ_261,MLS_2609,Milestone Completion of Task 89,2023-02-19,2023-02-25,Delayed,TSK_261_89
PRJ_261,MLS_2610,Milestone Completion of Task 99,2023-02-22,2023-02-28,Delayed,TSK_261_99
PRJ_262,MLS_2611,Milestone Completion of Task 9,2023-01-26,2023-01-26,Pending,TSK_262_09
PRJ_262,MLS_2612,Milestone Completion of Task 19,2023-01-29,2023-01-25,Pending,TSK_262_19
PRJ_262,MLS_2613,Milestone Completion of Task 29,2023-02-01,2023-02-08,Delayed,TSK_262_29
PRJ_262,MLS_2614,Milestone Completion of Task 39,2023-02-04,2023-01-31,Pending,TSK_262_39
PRJ_262,MLS_2615,Milestone Completion of Task 49,2023-02-07,2023-02-07,Pending,TSK_262_49
PRJ_262,MLS_2616,Milestone Completion of Task 59,2023-02-10,2023-02-25,Delayed,TSK_262_59
PRJ_262,MLS_2617,Milestone Completion of Task 69,2023-02-13,2023-02-09,Pending,TSK_262_69
PRJ_262,MLS_2618,Milestone Completion of Task 79,2023-02-16,2023-02-16,Pending,TSK_262_79
PRJ_262,MLS_2619,Milestone Completion of Task 89,2023-02-19,2023-03-06,Delayed,TSK_262_89
PRJ_262,MLS_2620,Milestone Completion of Task 99,2023-02-22,2023-02-18,Pending,TSK_262_99
PRJ_263,MLS_2621,Milestone Completion of Task 9,2023-01-26,2023-02-10,Delayed,TSK_263_09
PRJ_263,MLS_2622,Milestone Completion of Task 19,2023-01-29,2023-01-25,Pending,TSK_263_19
PRJ_263,MLS_2623,Milestone Completion of Task 29,2023-02-01,2023-01-28,Pending,TSK_263_29
PRJ_263,MLS_2624,Milestone Completion of Task 39,2023-02-04,2023-01-31,Pending,TSK_263_39
PRJ_263,MLS_2625,Milestone Completion of Task 49,2023-02-07,2023-02-16,Delayed,TSK_263_49
PRJ_263,MLS_2626,Milestone Completion of Task 59,2023-02-10,2023-02-06,Pending,TSK_263_59
PRJ_263,MLS_2627,Milestone Completion of Task 69,2023-02-13,2023-02-13,Pending,TSK_263_69
PRJ_263,MLS_2628,Milestone Completion of Task 79,2023-02-16,2023-02-12,Pending,TSK_263_79
PRJ_263,MLS_2629,Milestone Completion of Task 89,2023-02-19,2023-02-15,Pending,TSK_263_89
PRJ_263,MLS_2630,Milestone Completion of Task 99,2023-02-22,2023-03-09,Delayed,TSK_263_99
PRJ_264,MLS_2631,Milestone Completion of Task 9,2023-01-26,2023-01-22,Completed,TSK_264_09
PRJ_264,MLS_2632,Milestone Completion of Task 19,2023-01-29,2023-01-25,Pending,TSK_264_19
PRJ_264,MLS_2633,Milestone Completion of Task 29,2023-02-01,2023-02-08,Delayed,TSK_264_29
PRJ_264,MLS_2634,Milestone Completion of Task 39,2023-02-04,2023-02-19,Delayed,TSK_264_39
PRJ_264,MLS_2635,Milestone Completion of Task 49,2023-02-07,2023-02-22,Delayed,TSK_264_49
PRJ_264,MLS_2636,Milestone Completion of Task 59,2023-02-10,2023-02-06,Pending,TSK_264_59
PRJ_264,MLS_2637,Milestone Completion of Task 69,2023-02-13,2023-02-09,Pending,TSK_264_69
PRJ_264,MLS_2638,Milestone Completion of Task 79,2023-02-16,2023-02-21,Delayed,TSK_264_79
PRJ_264,MLS_2639,Milestone Completion of Task 89,2023-02-19,2023-02-19,Pending,TSK_264_89
PRJ_264,MLS_2640,Milestone Completion of Task 99,2023-02-22,2023-02-18,Pending,TSK_264_99
PRJ_265,MLS_2641,Milestone Completion of Task 9,2023-01-26,2023-01-26,Pending,TSK_265_09
PRJ_265,MLS_2642,Milestone Completion of Task 19,2023-01-29,2023-01-25,Pending,TSK_265_19
PRJ_265,MLS_2643,Milestone Completion of Task 29,2023-02-01,2023-01-28,Pending,TSK_265_29
PRJ_265,MLS_2644,Milestone Completion of Task 39,2023-02-04,2023-01-31,Pending,TSK_265_39
PRJ_265,MLS_2645,Milestone Completion of Task 49,2023-02-07,2023-02-03,Pending,TSK_265_49
PRJ_265,MLS_2646,Milestone Completion of Task 59,2023-02-10,2023-02-06,Pending,TSK_265_59
PRJ_265,MLS_2647,Milestone Completion of Task 69,2023-02-13,2023-02-28,Delayed,TSK_265_69
PRJ_265,MLS_2648,Milestone Completion of Task 79,2023-02-16,2023-02-16,Pending,TSK_265_79
PRJ_265,MLS_2649,Milestone Completion of Task 89,2023-02-19,2023-03-06,Delayed,TSK_265_89
PRJ_265,MLS_2650,Milestone Completion of Task 99,2023-02-22,2023-02-18,Pending,TSK_265_99
PRJ_266,MLS_2651,Milestone Completion of Task 9,2023-01-26,2023-01-22,Completed,TSK_266_09
PRJ_266,MLS_2652,Milestone Completion of Task 19,2023-01-29,2023-02-03,Delayed,TSK_266_19
PRJ_266,MLS_2653,Milestone Completion of Task 29,2023-02-01,2023-02-16,Delayed,TSK_266_29
PRJ_266,MLS_2654,Milestone Completion of Task 39,2023-02-04,2023-01-31,Pending,TSK_266_39
PRJ_266,MLS_2655,Milestone Completion of Task 49,2023-02-07,2023-02-22,Delayed,TSK_266_49
PRJ_266,MLS_2656,Milestone Completion of Task 59,2023-02-10,2023-02-06,Pending,TSK_266_59
PRJ_266,MLS_2657,Milestone Completion of Task 69,2023-02-13,2023-02-09,Pending,TSK_266_69
PRJ_266,MLS_2658,Milestone Completion of Task 79,2023-02-16,2023-02-12,Pending,TSK_266_79
PRJ_266,MLS_2659,Milestone Completion of Task 89,2023-02-19,2023-03-06,Delayed,TSK_266_89
PRJ_266,MLS_2660,Milestone Completion of Task 99,2023-02-22,2023-02-20,Pending,TSK_266_99
PRJ_267,MLS_2661,Milestone Completion of Task 9,2023-01-26,2023-01-30,Delayed,TSK_267_09
PRJ_267,MLS_2662,Milestone Completion of Task 19,2023-01-29,2023-02-13,Delayed,TSK_267_19
PRJ_267,MLS_2663,Milestone Completion of Task 29,2023-02-01,2023-02-16,Delayed,TSK_267_29
PRJ_267,MLS_2664,Milestone Completion of Task 39,2023-02-04,2023-02-08,Delayed,TSK_267_39
PRJ_267,MLS_2665,Milestone Completion of Task 49,2023-02-07,2023-02-03,Pending,TSK_267_49
PRJ_267,MLS_2666,Milestone Completion of Task 59,2023-02-10,2023-02-06,Pending,TSK_267_59
PRJ_267,MLS_2667,Milestone Completion of Task 69,2023-02-13,2023-02-28,Delayed,TSK_267_69
PRJ_267,MLS_2668,Milestone Completion of Task 79,2023-02-16,2023-03-03,Delayed,TSK_267_79
PRJ_267,MLS_2669,Milestone Completion of Task 89,2023-02-19,2023-02-19,Pending,TSK_267_89
PRJ_267,MLS_2670,Milestone Completion of Task 99,2023-02-22,2023-03-09,Delayed,TSK_267_99
PRJ_268,MLS_2671,Milestone Completion of Task 9,2023-01-26,2023-01-31,Delayed,TSK_268_09
PRJ_268,MLS_2672,Milestone Completion of Task 19,2023-01-29,2023-01-25,Pending,TSK_268_19
PRJ_268,MLS_2673,Milestone Completion of Task 29,2023-02-01,2023-02-16,Delayed,TSK_268_29
PRJ_268,MLS_2674,Milestone Completion of Task 39,2023-02-04,2023-01-31,Pending,TSK_268_39
PRJ_268,MLS_2675,Milestone Completion of Task 49,2023-02-07,2023-02-22,Delayed,TSK_268_49
PRJ_268,MLS_2676,Milestone Completion of Task 59,2023-02-10,2023-02-25,Delayed,TSK_268_59
PRJ_268,MLS_2677,Milestone Completion of Task 69,2023-02-13,2023-02-09,Pending,TSK_268_69
PRJ_268,MLS_2678,Milestone Completion of Task 79,2023-02-16,2023-03-03,Delayed,TSK_268_79
PRJ_268,MLS_2679,Milestone Completion of Task 89,2023-02-19,2023-02-15,Pending,TSK_268_89
PRJ_268,MLS_2680,Milestone Completion of Task 99,2023-02-22,2023-03-04,Delayed,TSK_268_99
PRJ_269,MLS_2681,Milestone Completion of Task 9,2023-01-26,2023-02-10,Delayed,TSK_269_09
PRJ_269,MLS_2682,Milestone Completion of Task 19,2023-01-29,2023-01-25,Pending,TSK_269_19
PRJ_269,MLS_2683,Milestone Completion of Task 29,2023-02-01,2023-01-28,Pending,TSK_269_29
PRJ_269,MLS_2684,Milestone Completion of Task 39,2023-02-04,2023-02-19,Delayed,TSK_269_39
PRJ_269,MLS_2685,Milestone Completion of Task 49,2023-02-07,2023-02-03,Pending,TSK_269_49
PRJ_269,MLS_2686,Milestone Completion of Task 59,2023-02-10,2023-02-06,Pending,TSK_269_59
PRJ_269,MLS_2687,Milestone Completion of Task 69,2023-02-13,2023-02-09,Pending,TSK_269_69
PRJ_269,MLS_2688,Milestone Completion of Task 79,2023-02-16,2023-02-12,Pending,TSK_269_79
PRJ_269,MLS_2689,Milestone Completion of Task 89,2023-02-19,2023-02-15,Pending,TSK_269_89
PRJ_269,MLS_2690,Milestone Completion of Task 99,2023-02-22,2023-02-22,Pending,TSK_269_99
PRJ_270,MLS_2691,Milestone Completion of Task 9,2023-01-26,2023-01-28,Delayed,TSK_270_09
PRJ_270,MLS_2692,Milestone Completion of Task 19,2023-01-29,2023-01-25,Pending,TSK_270_19
PRJ_270,MLS_2693,Milestone Completion of Task 29,2023-02-01,2023-02-08,Delayed,TSK_270_29
PRJ_270,MLS_2694,Milestone Completion of Task 39,2023-02-04,2023-02-19,Delayed,TSK_270_39
PRJ_270,MLS_2695,Milestone Completion of Task 49,2023-02-07,2023-02-03,Pending,TSK_270_49
PRJ_270,MLS_2696,Milestone Completion of Task 59,2023-02-10,2023-02-06,Pending,TSK_270_59
PRJ_270,MLS_2697,Milestone Completion of Task 69,2023-02-13,2023-02-13,Pending,TSK_270_69
PRJ_270,MLS_2698,Milestone Completion of Task 79,2023-02-16,2023-02-18,Delayed,TSK_270_79
PRJ_270,MLS_2699,Milestone Completion of Task 89,2023-02-19,2023-02-15,Pending,TSK_270_89
PRJ_270,MLS_2700,Milestone Completion of Task 99,2023-02-22,2023-02-18,Pending,TSK_270_99
PRJ_271,MLS_2701,Milestone Completion of Task 9,2023-01-26,2023-01-22,Completed,TSK_271_09
PRJ_271,MLS_2702,Milestone Completion of Task 19,2023-01-29,2023-01-25,Pending,TSK_271_19
PRJ_271,MLS_2703,Milestone Completion of Task 29,2023-02-01,2023-01-28,Pending,TSK_271_29
PRJ_271,MLS_2704,Milestone Completion of Task 39,2023-02-04,2023-01-31,Pending,TSK_271_39
PRJ_271,MLS_2705,Milestone Completion of Task 49,2023-02-07,2023-02-07,Pending,TSK_271_49
PRJ_271,MLS_2706,Milestone Completion of Task 59,2023-02-10,2023-02-10,Pending,TSK_271_59
PRJ_271,MLS_2707,Milestone Completion of Task 69,2023-02-13,2023-02-28,Delayed,TSK_271_69
PRJ_271,MLS_2708,Milestone Completion of Task 79,2023-02-16,2023-02-12,Pending,TSK_271_79
PRJ_271,MLS_2709,Milestone Completion of Task 89,2023-02-19,2023-02-19,Pending,TSK_271_89
PRJ_271,MLS_2710,Milestone Completion of Task 99,2023-02-22,2023-02-18,Pending,TSK_271_99
PRJ_272,MLS_2711,Milestone Completion of Task 9,2023-01-26,2023-01-26,Pending,TSK_272_09
PRJ_272,MLS_2712,Milestone Completion of Task 19,2023-01-29,2023-01-29,Pending,TSK_272_19
PRJ_272,MLS_2713,Milestone Completion of Task 29,2023-02-01,2023-02-01,Pending,TSK_272_29
PRJ_272,MLS_2714,Milestone Completion of Task 39,2023-02-04,2023-02-19,Delayed,TSK_272_39
PRJ_272,MLS_2715,Milestone Completion of Task 49,2023-02-07,2023-02-20,Delayed,TSK_272_49
PRJ_272,MLS_2716,Milestone Completion of Task 59,2023-02-10,2023-02-25,Delayed,TSK_272_59
PRJ_272,MLS_2717,Milestone Completion of Task 69,2023-02-13,2023-02-22,Delayed,TSK_272_69
PRJ_272,MLS_2718,Milestone Completion of Task 79,2023-02-16,2023-02-12,Pending,TSK_272_79
PRJ_272,MLS_2719,Milestone Completion of Task 89,2023-02-19,2023-03-06,Delayed,TSK_272_89
PRJ_272,MLS_2720,Milestone Completion of Task 99,2023-02-22,2023-03-07,Delayed,TSK_272_99
PRJ_273,MLS_2721,Milestone Completion of Task 9,2023-01-26,2023-01-22,Completed,TSK_273_09
PRJ_273,MLS_2722,Milestone Completion of Task 19,2023-01-29,2023-02-09,Delayed,TSK_273_19
PRJ_273,MLS_2723,Milestone Completion of Task 29,2023-02-01,2023-02-16,Delayed,TSK_273_29
PRJ_273,MLS_2724,Milestone Completion of Task 39,2023-02-04,2023-01-31,Pending,TSK_273_39
PRJ_273,MLS_2725,Milestone Completion of Task 49,2023-02-07,2023-02-03,Pending,TSK_273_49
PRJ_273,MLS_2726,Milestone Completion of Task 59,2023-02-10,2023-02-06,Pending,TSK_273_59
PRJ_273,MLS_2727,Milestone Completion of Task 69,2023-02-13,2023-02-13,Pending,TSK_273_69
PRJ_273,MLS_2728,Milestone Completion of Task 79,2023-02-16,2023-03-02,Delayed,TSK_273_79
PRJ_273,MLS_2729,Milestone Completion of Task 89,2023-02-19,2023-02-15,Pending,TSK_273_89
PRJ_273,MLS_2730,Milestone Completion of Task 99,2023-02-22,2023-02-18,Pending,TSK_273_99
PRJ_274,MLS_2731,Milestone Completion of Task 9,2023-01-26,2023-01-26,Pending,TSK_274_09
PRJ_274,MLS_2732,Milestone Completion of Task 19,2023-01-29,2023-01-25,Pending,TSK_274_19
PRJ_274,MLS_2733,Milestone Completion of Task 29,2023-02-01,2023-02-16,Delayed,TSK_274_29
PRJ_274,MLS_2734,Milestone Completion of Task 39,2023-02-04,2023-01-31,Pending,TSK_274_39
PRJ_274,MLS_2735,Milestone Completion of Task 49,2023-02-07,2023-02-22,Delayed,TSK_274_49
PRJ_274,MLS_2736,Milestone Completion of Task 59,2023-02-10,2023-02-18,Delayed,TSK_274_59
PRJ_274,MLS_2737,Milestone Completion of Task 69,2023-02-13,2023-02-13,Pending,TSK_274_69
PRJ_274,MLS_2738,Milestone Completion of Task 79,2023-02-16,2023-02-12,Pending,TSK_274_79
PRJ_274,MLS_2739,Milestone Completion of Task 89,2023-02-19,2023-03-06,Delayed,TSK_274_89
PRJ_274,MLS_2740,Milestone Completion of Task 99,2023-02-22,2023-02-22,Pending,TSK_274_99
PRJ_275,MLS_2741,Milestone Completion of Task 9,2023-01-27,2023-02-11,Delayed,TSK_275_09
PRJ_275,MLS_2742,Milestone Completion of Task 19,2023-01-30,2023-01-26,Pending,TSK_275_19
PRJ_275,MLS_2743,Milestone Completion of Task 29,2023-02-02,2023-01-29,Pending,TSK_275_29
PRJ_275,MLS_2744,Milestone Completion of Task 39,2023-02-05,2023-02-01,Pending,TSK_275_39
PRJ_275,MLS_2745,Milestone Completion of Task 49,2023-02-08,2023-02-08,Pending,TSK_275_49
PRJ_275,MLS_2746,Milestone Completion of Task 59,2023-02-11,2023-02-11,Pending,TSK_275_59
PRJ_275,MLS_2747,Milestone Completion of Task 69,2023-02-14,2023-03-01,Delayed,TSK_275_69
PRJ_275,MLS_2748,Milestone Completion of Task 79,2023-02-17,2023-03-04,Delayed,TSK_275_79
PRJ_275,MLS_2749,Milestone Completion of Task 89,2023-02-20,2023-02-16,Pending,TSK_275_89
PRJ_275,MLS_2750,Milestone Completion of Task 99,2023-02-23,2023-03-10,Delayed,TSK_275_99
PRJ_276,MLS_2751,Milestone Completion of Task 9,2023-01-27,2023-02-02,Delayed,TSK_276_09
PRJ_276,MLS_2752,Milestone Completion of Task 19,2023-01-30,2023-02-11,Delayed,TSK_276_19
PRJ_276,MLS_2753,Milestone Completion of Task 29,2023-02-02,2023-02-08,Delayed,TSK_276_29
PRJ_276,MLS_2754,Milestone Completion of Task 39,2023-02-05,2023-02-01,Pending,TSK_276_39
PRJ_276,MLS_2755,Milestone Completion of Task 49,2023-02-08,2023-02-04,Pending,TSK_276_49
PRJ_276,MLS_2756,Milestone Completion of Task 59,2023-02-11,2023-02-14,Delayed,TSK_276_59
PRJ_276,MLS_2757,Milestone Completion of Task 69,2023-02-14,2023-02-20,Delayed,TSK_276_69
PRJ_276,MLS_2758,Milestone Completion of Task 79,2023-02-17,2023-02-18,Delayed,TSK_276_79
PRJ_276,MLS_2759,Milestone Completion of Task 89,2023-02-20,2023-02-20,Pending,TSK_276_89
PRJ_276,MLS_2760,Milestone Completion of Task 99,2023-02-23,2023-03-04,Delayed,TSK_276_99
PRJ_277,MLS_2761,Milestone Completion of Task 9,2023-01-27,2023-01-23,Pending,TSK_277_09
PRJ_277,MLS_2762,Milestone Completion of Task 19,2023-01-30,2023-02-01,Delayed,TSK_277_19
PRJ_277,MLS_2763,Milestone Completion of Task 29,2023-02-02,2023-01-29,Pending,TSK_277_29
PRJ_277,MLS_2764,Milestone Completion of Task 39,2023-02-05,2023-02-15,Delayed,TSK_277_39
PRJ_277,MLS_2765,Milestone Completion of Task 49,2023-02-08,2023-02-04,Pending,TSK_277_49
PRJ_277,MLS_2766,Milestone Completion of Task 59,2023-02-11,2023-02-07,Pending,TSK_277_59
PRJ_277,MLS_2767,Milestone Completion of Task 69,2023-02-14,2023-02-26,Delayed,TSK_277_69
PRJ_277,MLS_2768,Milestone Completion of Task 79,2023-02-17,2023-02-13,Pending,TSK_277_79
PRJ_277,MLS_2769,Milestone Completion of Task 89,2023-02-20,2023-02-16,Pending,TSK_277_89
PRJ_277,MLS_2770,Milestone Completion of Task 99,2023-02-23,2023-02-19,Pending,TSK_277_99
PRJ_278,MLS_2771,Milestone Completion of Task 9,2023-01-27,2023-01-23,Pending,TSK_278_09
PRJ_278,MLS_2772,Milestone Completion of Task 19,2023-01-30,2023-02-14,Delayed,TSK_278_19
PRJ_278,MLS_2773,Milestone Completion of Task 29,2023-02-02,2023-02-05,Delayed,TSK_278_29
PRJ_278,MLS_2774,Milestone Completion of Task 39,2023-02-05,2023-02-01,Pending,TSK_278_39
PRJ_278,MLS_2775,Milestone Completion of Task 49,2023-02-08,2023-02-11,Delayed,TSK_278_49
PRJ_278,MLS_2776,Milestone Completion of Task 59,2023-02-11,2023-02-07,Pending,TSK_278_59
PRJ_278,MLS_2777,Milestone Completion of Task 69,2023-02-14,2023-02-10,Pending,TSK_278_69
PRJ_278,MLS_2778,Milestone Completion of Task 79,2023-02-17,2023-02-26,Delayed,TSK_278_79
PRJ_278,MLS_2779,Milestone Completion of Task 89,2023-02-20,2023-02-20,Pending,TSK_278_89
PRJ_278,MLS_2780,Milestone Completion of Task 99,2023-02-23,2023-02-19,Pending,TSK_278_99
PRJ_279,MLS_2781,Milestone Completion of Task 9,2023-01-27,2023-01-23,Pending,TSK_279_09
PRJ_279,MLS_2782,Milestone Completion of Task 19,2023-01-30,2023-01-26,Pending,TSK_279_19
PRJ_279,MLS_2783,Milestone Completion of Task 29,2023-02-02,2023-01-31,Pending,TSK_279_29
PRJ_279,MLS_2784,Milestone Completion of Task 39,2023-02-05,2023-02-01,Pending,TSK_279_39
PRJ_279,MLS_2785,Milestone Completion of Task 49,2023-02-08,2023-02-23,Delayed,TSK_279_49
PRJ_279,MLS_2786,Milestone Completion of Task 59,2023-02-11,2023-02-07,Pending,TSK_279_59
PRJ_279,MLS_2787,Milestone Completion of Task 69,2023-02-14,2023-02-14,Pending,TSK_279_69
PRJ_279,MLS_2788,Milestone Completion of Task 79,2023-02-17,2023-02-15,Pending,TSK_279_79
PRJ_279,MLS_2789,Milestone Completion of Task 89,2023-02-20,2023-02-16,Pending,TSK_279_89
PRJ_279,MLS_2790,Milestone Completion of Task 99,2023-02-23,2023-02-25,Delayed,TSK_279_99
PRJ_280,MLS_2791,Milestone Completion of Task 9,2023-01-27,2023-02-04,Delayed,TSK_280_09
PRJ_280,MLS_2792,Milestone Completion of Task 19,2023-01-30,2023-01-30,Pending,TSK_280_19
PRJ_280,MLS_2793,Milestone Completion of Task 29,2023-02-02,2023-01-29,Pending,TSK_280_29
PRJ_280,MLS_2794,Milestone Completion of Task 39,2023-02-05,2023-02-20,Delayed,TSK_280_39
PRJ_280,MLS_2795,Milestone Completion of Task 49,2023-02-08,2023-02-04,Pending,TSK_280_49
PRJ_280,MLS_2796,Milestone Completion of Task 59,2023-02-11,2023-02-26,Delayed,TSK_280_59
PRJ_280,MLS_2797,Milestone Completion of Task 69,2023-02-14,2023-02-10,Pending,TSK_280_69
PRJ_280,MLS_2798,Milestone Completion of Task 79,2023-02-17,2023-03-04,Delayed,TSK_280_79
PRJ_280,MLS_2799,Milestone Completion of Task 89,2023-02-20,2023-03-07,Delayed,TSK_280_89
PRJ_280,MLS_2800,Milestone Completion of Task 99,2023-02-23,2023-03-10,Delayed,TSK_280_99
PRJ_281,MLS_2801,Milestone Completion of Task 9,2023-01-27,2023-02-11,Delayed,TSK_281_09
PRJ_281,MLS_2802,Milestone Completion of Task 19,2023-01-30,2023-02-14,Delayed,TSK_281_19
PRJ_281,MLS_2803,Milestone Completion of Task 29,2023-02-02,2023-02-02,Pending,TSK_281_29
PRJ_281,MLS_2804,Milestone Completion of Task 39,2023-02-05,2023-02-01,Pending,TSK_281_39
PRJ_281,MLS_2805,Milestone Completion of Task 49,2023-02-08,2023-02-04,Pending,TSK_281_49
PRJ_281,MLS_2806,Milestone Completion of Task 59,2023-02-11,2023-02-26,Delayed,TSK_281_59
PRJ_281,MLS_2807,Milestone Completion of Task 69,2023-02-14,2023-03-01,Delayed,TSK_281_69
PRJ_281,MLS_2808,Milestone Completion of Task 79,2023-02-17,2023-02-13,Pending,TSK_281_79
PRJ_281,MLS_2809,Milestone Completion of Task 89,2023-02-20,2023-03-02,Delayed,TSK_281_89
PRJ_281,MLS_2810,Milestone Completion of Task 99,2023-02-23,2023-03-10,Delayed,TSK_281_99
PRJ_282,MLS_2811,Milestone Completion of Task 9,2023-01-27,2023-02-11,Delayed,TSK_282_09
PRJ_282,MLS_2812,Milestone Completion of Task 19,2023-01-30,2023-02-07,Delayed,TSK_282_19
PRJ_282,MLS_2813,Milestone Completion of Task 29,2023-02-02,2023-01-29,Pending,TSK_282_29
PRJ_282,MLS_2814,Milestone Completion of Task 39,2023-02-05,2023-02-05,Pending,TSK_282_39
PRJ_282,MLS_2815,Milestone Completion of Task 49,2023-02-08,2023-02-23,Delayed,TSK_282_49
PRJ_282,MLS_2816,Milestone Completion of Task 59,2023-02-11,2023-02-07,Pending,TSK_282_59
PRJ_282,MLS_2817,Milestone Completion of Task 69,2023-02-14,2023-02-10,Pending,TSK_282_69
PRJ_282,MLS_2818,Milestone Completion of Task 79,2023-02-17,2023-03-04,Delayed,TSK_282_79
PRJ_282,MLS_2819,Milestone Completion of Task 89,2023-02-20,2023-03-07,Delayed,TSK_282_89
PRJ_282,MLS_2820,Milestone Completion of Task 99,2023-02-23,2023-03-10,Delayed,TSK_282_99
PRJ_283,MLS_2821,Milestone Completion of Task 9,2023-01-27,2023-02-07,Delayed,TSK_283_09
PRJ_283,MLS_2822,Milestone Completion of Task 19,2023-01-30,2023-01-26,Pending,TSK_283_19
PRJ_283,MLS_2823,Milestone Completion of Task 29,2023-02-02,2023-02-02,Pending,TSK_283_29
PRJ_283,MLS_2824,Milestone Completion of Task 39,2023-02-05,2023-02-20,Delayed,TSK_283_39
PRJ_283,MLS_2825,Milestone Completion of Task 49,2023-02-08,2023-02-10,Delayed,TSK_283_49
PRJ_283,MLS_2826,Milestone Completion of Task 59,2023-02-11,2023-02-11,Pending,TSK_283_59
PRJ_283,MLS_2827,Milestone Completion of Task 69,2023-02-14,2023-02-28,Delayed,TSK_283_69
PRJ_283,MLS_2828,Milestone Completion of Task 79,2023-02-17,2023-02-25,Delayed,TSK_283_79
PRJ_283,MLS_2829,Milestone Completion of Task 89,2023-02-20,2023-03-07,Delayed,TSK_283_89
PRJ_283,MLS_2830,Milestone Completion of Task 99,2023-02-23,2023-02-23,Pending,TSK_283_99
PRJ_284,MLS_2831,Milestone Completion of Task 9,2023-01-27,2023-01-27,Pending,TSK_284_09
PRJ_284,MLS_2832,Milestone Completion of Task 19,2023-01-30,2023-01-26,Pending,TSK_284_19
PRJ_284,MLS_2833,Milestone Completion of Task 29,2023-02-02,2023-02-02,Pending,TSK_284_29
PRJ_284,MLS_2834,Milestone Completion of Task 39,2023-02-05,2023-02-20,Delayed,TSK_284_39
PRJ_284,MLS_2835,Milestone Completion of Task 49,2023-02-08,2023-02-23,Delayed,TSK_284_49
PRJ_284,MLS_2836,Milestone Completion of Task 59,2023-02-11,2023-02-14,Delayed,TSK_284_59
PRJ_284,MLS_2837,Milestone Completion of Task 69,2023-02-14,2023-02-17,Delayed,TSK_284_69
PRJ_284,MLS_2838,Milestone Completion of Task 79,2023-02-17,2023-03-04,Delayed,TSK_284_79
PRJ_284,MLS_2839,Milestone Completion of Task 89,2023-02-20,2023-02-16,Pending,TSK_284_89
PRJ_284,MLS_2840,Milestone Completion of Task 99,2023-02-23,2023-02-19,Pending,TSK_284_99
PRJ_285,MLS_2841,Milestone Completion of Task 9,2023-01-27,2023-01-25,Pending,TSK_285_09
PRJ_285,MLS_2842,Milestone Completion of Task 19,2023-01-30,2023-01-26,Pending,TSK_285_19
PRJ_285,MLS_2843,Milestone Completion of Task 29,2023-02-02,2023-02-12,Delayed,TSK_285_29
PRJ_285,MLS_2844,Milestone Completion of Task 39,2023-02-05,2023-02-01,Pending,TSK_285_39
PRJ_285,MLS_2845,Milestone Completion of Task 49,2023-02-08,2023-02-04,Pending,TSK_285_49
PRJ_285,MLS_2846,Milestone Completion of Task 59,2023-02-11,2023-02-23,Delayed,TSK_285_59
PRJ_285,MLS_2847,Milestone Completion of Task 69,2023-02-14,2023-02-16,Delayed,TSK_285_69
PRJ_285,MLS_2848,Milestone Completion of Task 79,2023-02-17,2023-03-04,Delayed,TSK_285_79
PRJ_285,MLS_2849,Milestone Completion of Task 89,2023-02-20,2023-03-07,Delayed,TSK_285_89
PRJ_285,MLS_2850,Milestone Completion of Task 99,2023-02-23,2023-02-19,Pending,TSK_285_99
PRJ_286,MLS_2851,Milestone Completion of Task 9,2023-01-27,2023-01-25,Pending,TSK_286_09
PRJ_286,MLS_2852,Milestone Completion of Task 19,2023-01-30,2023-01-26,Pending,TSK_286_19
PRJ_286,MLS_2853,Milestone Completion of Task 29,2023-02-02,2023-02-02,Pending,TSK_286_29
PRJ_286,MLS_2854,Milestone Completion of Task 39,2023-02-05,2023-02-05,Pending,TSK_286_39
PRJ_286,MLS_2855,Milestone Completion of Task 49,2023-02-08,2023-02-06,Pending,TSK_286_49
PRJ_286,MLS_2856,Milestone Completion of Task 59,2023-02-11,2023-02-13,Delayed,TSK_286_59
PRJ_286,MLS_2857,Milestone Completion of Task 69,2023-02-14,2023-03-01,Delayed,TSK_286_69
PRJ_286,MLS_2858,Milestone Completion of Task 79,2023-02-17,2023-03-04,Delayed,TSK_286_79
PRJ_286,MLS_2859,Milestone Completion of Task 89,2023-02-20,2023-02-16,Pending,TSK_286_89
PRJ_286,MLS_2860,Milestone Completion of Task 99,2023-02-23,2023-02-28,Delayed,TSK_286_99
PRJ_287,MLS_2861,Milestone Completion of Task 9,2023-01-27,2023-02-11,Delayed,TSK_287_09
PRJ_287,MLS_2862,Milestone Completion of Task 19,2023-01-30,2023-01-26,Pending,TSK_287_19
PRJ_287,MLS_2863,Milestone Completion of Task 29,2023-02-02,2023-02-02,Pending,TSK_287_29
PRJ_287,MLS_2864,Milestone Completion of Task 39,2023-02-05,2023-02-20,Delayed,TSK_287_39
PRJ_287,MLS_2865,Milestone Completion of Task 49,2023-02-08,2023-02-14,Delayed,TSK_287_49
PRJ_287,MLS_2866,Milestone Completion of Task 59,2023-02-11,2023-02-07,Pending,TSK_287_59
PRJ_287,MLS_2867,Milestone Completion of Task 69,2023-02-14,2023-02-10,Pending,TSK_287_69
PRJ_287,MLS_2868,Milestone Completion of Task 79,2023-02-17,2023-02-17,Pending,TSK_287_79
PRJ_287,MLS_2869,Milestone Completion of Task 89,2023-02-20,2023-03-07,Delayed,TSK_287_89
PRJ_287,MLS_2870,Milestone Completion of Task 99,2023-02-23,2023-02-19,Pending,TSK_287_99
PRJ_288,MLS_2871,Milestone Completion of Task 9,2023-01-27,2023-02-11,Delayed,TSK_288_09
PRJ_288,MLS_2872,Milestone Completion of Task 19,2023-01-30,2023-02-14,Delayed,TSK_288_19
PRJ_288,MLS_2873,Milestone Completion of Task 29,2023-02-02,2023-01-29,Pending,TSK_288_29
PRJ_288,MLS_2874,Milestone Completion of Task 39,2023-02-05,2023-02-20,Delayed,TSK_288_39
PRJ_288,MLS_2875,Milestone Completion of Task 49,2023-02-08,2023-02-04,Pending,TSK_288_49
PRJ_288,MLS_2876,Milestone Completion of Task 59,2023-02-11,2023-02-11,Pending,TSK_288_59
PRJ_288,MLS_2877,Milestone Completion of Task 69,2023-02-14,2023-02-10,Pending,TSK_288_69
PRJ_288,MLS_2878,Milestone Completion of Task 79,2023-02-17,2023-02-13,Pending,TSK_288_79
PRJ_288,MLS_2879,Milestone Completion of Task 89,2023-02-20,2023-03-07,Delayed,TSK_288_89
PRJ_288,MLS_2880,Milestone Completion of Task 99,2023-02-23,2023-03-10,Delayed,TSK_288_99
PRJ_289,MLS_2881,Milestone Completion of Task 9,2023-01-28,2023-02-01,Delayed,TSK_289_09
PRJ_289,MLS_2882,Milestone Completion of Task 19,2023-01-31,2023-01-27,Pending,TSK_289_19
PRJ_289,MLS_2883,Milestone Completion of Task 29,2023-02-03,2023-02-10,Delayed,TSK_289_29
PRJ_289,MLS_2884,Milestone Completion of Task 39,2023-02-06,2023-02-11,Delayed,TSK_289_39
PRJ_289,MLS_2885,Milestone Completion of Task 49,2023-02-09,2023-02-05,Pending,TSK_289_49
PRJ_289,MLS_2886,Milestone Completion of Task 59,2023-02-12,2023-02-18,Delayed,TSK_289_59
PRJ_289,MLS_2887,Milestone Completion of Task 69,2023-02-15,2023-02-18,Delayed,TSK_289_69
PRJ_289,MLS_2888,Milestone Completion of Task 79,2023-02-18,2023-02-17,Pending,TSK_289_79
PRJ_289,MLS_2889,Milestone Completion of Task 89,2023-02-21,2023-02-28,Delayed,TSK_289_89
PRJ_289,MLS_2890,Milestone Completion of Task 99,2023-02-24,2023-03-02,Delayed,TSK_289_99
PRJ_290,MLS_2891,Milestone Completion of Task 9,2023-01-28,2023-02-11,Delayed,TSK_290_09
PRJ_290,MLS_2892,Milestone Completion of Task 19,2023-01-31,2023-01-27,Pending,TSK_290_19
PRJ_290,MLS_2893,Milestone Completion of Task 29,2023-02-03,2023-01-30,Pending,TSK_290_29
PRJ_290,MLS_2894,Milestone Completion of Task 39,2023-02-06,2023-02-02,Pending,TSK_290_39
PRJ_290,MLS_2895,Milestone Completion of Task 49,2023-02-09,2023-02-05,Pending,TSK_290_49
PRJ_290,MLS_2896,Milestone Completion of Task 59,2023-02-12,2023-02-20,Delayed,TSK_290_59
PRJ_290,MLS_2897,Milestone Completion of Task 69,2023-02-15,2023-02-13,Pending,TSK_290_69
PRJ_290,MLS_2898,Milestone Completion of Task 79,2023-02-18,2023-02-20,Delayed,TSK_290_79
PRJ_290,MLS_2899,Milestone Completion of Task 89,2023-02-21,2023-03-08,Delayed,TSK_290_89
PRJ_290,MLS_2900,Milestone Completion of Task 99,2023-02-24,2023-03-11,Delayed,TSK_290_99
PRJ_291,MLS_2901,Milestone Completion of Task 9,2023-01-28,2023-02-12,Delayed,TSK_291_09
PRJ_291,MLS_2902,Milestone Completion of Task 19,2023-01-31,2023-01-27,Pending,TSK_291_19
PRJ_291,MLS_2903,Milestone Completion of Task 29,2023-02-03,2023-02-13,Delayed,TSK_291_29
PRJ_291,MLS_2904,Milestone Completion of Task 39,2023-02-06,2023-02-02,Pending,TSK_291_39
PRJ_291,MLS_2905,Milestone Completion of Task 49,2023-02-09,2023-02-24,Delayed,TSK_291_49
PRJ_291,MLS_2906,Milestone Completion of Task 59,2023-02-12,2023-02-27,Delayed,TSK_291_59
PRJ_291,MLS_2907,Milestone Completion of Task 69,2023-02-15,2023-02-20,Delayed,TSK_291_69
PRJ_291,MLS_2908,Milestone Completion of Task 79,2023-02-18,2023-02-18,Pending,TSK_291_79
PRJ_291,MLS_2909,Milestone Completion of Task 89,2023-02-21,2023-02-17,Pending,TSK_291_89
PRJ_291,MLS_2910,Milestone Completion of Task 99,2023-02-24,2023-03-11,Delayed,TSK_291_99
PRJ_292,MLS_2911,Milestone Completion of Task 9,2023-01-28,2023-01-28,Pending,TSK_292_09
PRJ_292,MLS_2912,Milestone Completion of Task 19,2023-01-31,2023-02-04,Delayed,TSK_292_19
PRJ_292,MLS_2913,Milestone Completion of Task 29,2023-02-03,2023-02-15,Delayed,TSK_292_29
PRJ_292,MLS_2914,Milestone Completion of Task 39,2023-02-06,2023-02-21,Delayed,TSK_292_39
PRJ_292,MLS_2915,Milestone Completion of Task 49,2023-02-09,2023-02-24,Delayed,TSK_292_49
PRJ_292,MLS_2916,Milestone Completion of Task 59,2023-02-12,2023-02-08,Pending,TSK_292_59
PRJ_292,MLS_2917,Milestone Completion of Task 69,2023-02-15,2023-03-02,Delayed,TSK_292_69
PRJ_292,MLS_2918,Milestone Completion of Task 79,2023-02-18,2023-02-14,Pending,TSK_292_79
PRJ_292,MLS_2919,Milestone Completion of Task 89,2023-02-21,2023-03-08,Delayed,TSK_292_89
PRJ_292,MLS_2920,Milestone Completion of Task 99,2023-02-24,2023-02-20,Pending,TSK_292_99
PRJ_293,MLS_2921,Milestone Completion of Task 9,2023-01-28,2023-01-24,Pending,TSK_293_09
PRJ_293,MLS_2922,Milestone Completion of Task 19,2023-01-31,2023-01-27,Pending,TSK_293_19
PRJ_293,MLS_2923,Milestone Completion of Task 29,2023-02-03,2023-01-30,Pending,TSK_293_29
PRJ_293,MLS_2924,Milestone Completion of Task 39,2023-02-06,2023-02-07,Delayed,TSK_293_39
PRJ_293,MLS_2925,Milestone Completion of Task 49,2023-02-09,2023-02-05,Pending,TSK_293_49
PRJ_293,MLS_2926,Milestone Completion of Task 59,2023-02-12,2023-02-08,Pending,TSK_293_59
PRJ_293,MLS_2927,Milestone Completion of Task 69,2023-02-15,2023-02-24,Delayed,TSK_293_69
PRJ_293,MLS_2928,Milestone Completion of Task 79,2023-02-18,2023-02-18,Pending,TSK_293_79
PRJ_293,MLS_2929,Milestone Completion of Task 89,2023-02-21,2023-03-02,Delayed,TSK_293_89
PRJ_293,MLS_2930,Milestone Completion of Task 99,2023-02-24,2023-02-28,Delayed,TSK_293_99
PRJ_294,MLS_2931,Milestone Completion of Task 9,2023-01-28,2023-01-24,Pending,TSK_294_09
PRJ_294,MLS_2932,Milestone Completion of Task 19,2023-01-31,2023-02-02,Delayed,TSK_294_19
PRJ_294,MLS_2933,Milestone Completion of Task 29,2023-02-03,2023-02-11,Delayed,TSK_294_29
PRJ_294,MLS_2934,Milestone Completion of Task 39,2023-02-06,2023-02-02,Pending,TSK_294_39
PRJ_294,MLS_2935,Milestone Completion of Task 49,2023-02-09,2023-02-17,Delayed,TSK_294_49
PRJ_294,MLS_2936,Milestone Completion of Task 59,2023-02-12,2023-02-08,Pending,TSK_294_59
PRJ_294,MLS_2937,Milestone Completion of Task 69,2023-02-15,2023-02-27,Delayed,TSK_294_69
PRJ_294,MLS_2938,Milestone Completion of Task 79,2023-02-18,2023-02-18,Pending,TSK_294_79
PRJ_294,MLS_2939,Milestone Completion of Task 89,2023-02-21,2023-02-17,Pending,TSK_294_89
PRJ_294,MLS_2940,Milestone Completion of Task 99,2023-02-24,2023-02-22,Pending,TSK_294_99
PRJ_295,MLS_2941,Milestone Completion of Task 9,2023-01-28,2023-01-28,Pending,TSK_295_09
PRJ_295,MLS_2942,Milestone Completion of Task 19,2023-01-31,2023-01-27,Pending,TSK_295_19
PRJ_295,MLS_2943,Milestone Completion of Task 29,2023-02-03,2023-02-15,Delayed,TSK_295_29
PRJ_295,MLS_2944,Milestone Completion of Task 39,2023-02-06,2023-02-02,Pending,TSK_295_39
PRJ_295,MLS_2945,Milestone Completion of Task 49,2023-02-09,2023-02-05,Pending,TSK_295_49
PRJ_295,MLS_2946,Milestone Completion of Task 59,2023-02-12,2023-02-08,Pending,TSK_295_59
PRJ_295,MLS_2947,Milestone Completion of Task 69,2023-02-15,2023-02-15,Pending,TSK_295_69
PRJ_295,MLS_2948,Milestone Completion of Task 79,2023-02-18,2023-02-18,Pending,TSK_295_79
PRJ_295,MLS_2949,Milestone Completion of Task 89,2023-02-21,2023-02-17,Pending,TSK_295_89
PRJ_295,MLS_2950,Milestone Completion of Task 99,2023-02-24,2023-02-24,Pending,TSK_295_99
PRJ_296,MLS_2951,Milestone Completion of Task 9,2023-01-28,2023-02-11,Delayed,TSK_296_09
PRJ_296,MLS_2952,Milestone Completion of Task 19,2023-01-31,2023-02-15,Delayed,TSK_296_19
PRJ_296,MLS_2953,Milestone Completion of Task 29,2023-02-03,2023-01-30,Pending,TSK_296_29
PRJ_296,MLS_2954,Milestone Completion of Task 39,2023-02-06,2023-02-21,Delayed,TSK_296_39
PRJ_296,MLS_2955,Milestone Completion of Task 49,2023-02-09,2023-02-05,Pending,TSK_296_49
PRJ_296,MLS_2956,Milestone Completion of Task 59,2023-02-12,2023-02-27,Delayed,TSK_296_59
PRJ_296,MLS_2957,Milestone Completion of Task 69,2023-02-15,2023-02-15,Pending,TSK_296_69
PRJ_296,MLS_2958,Milestone Completion of Task 79,2023-02-18,2023-02-14,Pending,TSK_296_79
PRJ_296,MLS_2959,Milestone Completion of Task 89,2023-02-21,2023-02-17,Pending,TSK_296_89
PRJ_296,MLS_2960,Milestone Completion of Task 99,2023-02-24,2023-03-11,Delayed,TSK_296_99
PRJ_297,MLS_2961,Milestone Completion of Task 9,2023-01-28,2023-01-24,Pending,TSK_297_09
PRJ_297,MLS_2962,Milestone Completion of Task 19,2023-01-31,2023-01-29,Pending,TSK_297_19
PRJ_297,MLS_2963,Milestone Completion of Task 29,2023-02-03,2023-01-30,Pending,TSK_297_29
PRJ_297,MLS_2964,Milestone Completion of Task 39,2023-02-06,2023-02-21,Delayed,TSK_297_39
PRJ_297,MLS_2965,Milestone Completion of Task 49,2023-02-09,2023-02-09,Pending,TSK_297_49
PRJ_297,MLS_2966,Milestone Completion of Task 59,2023-02-12,2023-02-24,Delayed,TSK_297_59
PRJ_297,MLS_2967,Milestone Completion of Task 69,2023-02-15,2023-02-11,Pending,TSK_297_69
PRJ_297,MLS_2968,Milestone Completion of Task 79,2023-02-18,2023-02-18,Pending,TSK_297_79
PRJ_297,MLS_2969,Milestone Completion of Task 89,2023-02-21,2023-02-17,Pending,TSK_297_89
PRJ_297,MLS_2970,Milestone Completion of Task 99,2023-02-24,2023-03-03,Delayed,TSK_297_99
PRJ_298,MLS_2971,Milestone Completion of Task 9,2023-01-28,2023-01-24,Pending,TSK_298_09
PRJ_298,MLS_2972,Milestone Completion of Task 19,2023-01-31,2023-02-15,Delayed,TSK_298_19
PRJ_298,MLS_2973,Milestone Completion of Task 29,2023-02-03,2023-01-30,Pending,TSK_298_29
PRJ_298,MLS_2974,Milestone Completion of Task 39,2023-02-06,2023-02-02,Pending,TSK_298_39
PRJ_298,MLS_2975,Milestone Completion of Task 49,2023-02-09,2023-02-19,Delayed,TSK_298_49
PRJ_298,MLS_2976,Milestone Completion of Task 59,2023-02-12,2023-02-12,Pending,TSK_298_59
PRJ_298,MLS_2977,Milestone Completion of Task 69,2023-02-15,2023-03-02,Delayed,TSK_298_69
PRJ_298,MLS_2978,Milestone Completion of Task 79,2023-02-18,2023-02-14,Pending,TSK_298_79
PRJ_298,MLS_2979,Milestone Completion of Task 89,2023-02-21,2023-03-03,Delayed,TSK_298_89
PRJ_298,MLS_2980,Milestone Completion of Task 99,2023-02-24,2023-02-20,Pending,TSK_298_99
PRJ_299,MLS_2981,Milestone Completion of Task 9,2023-01-28,2023-01-24,Pending,TSK_299_09
PRJ_299,MLS_2982,Milestone Completion of Task 19,2023-01-31,2023-01-31,Pending,TSK_299_19
PRJ_299,MLS_2983,Milestone Completion of Task 29,2023-02-03,2023-01-30,Pending,TSK_299_29
PRJ_299,MLS_2984,Milestone Completion of Task 39,2023-02-06,2023-02-21,Delayed,TSK_299_39
PRJ_299,MLS_2985,Milestone Completion of Task 49,2023-02-09,2023-02-05,Pending,TSK_299_49
PRJ_299,MLS_2986,Milestone Completion of Task 59,2023-02-12,2023-02-08,Pending,TSK_299_59
PRJ_299,MLS_2987,Milestone Completion of Task 69,2023-02-15,2023-03-02,Delayed,TSK_299_69
PRJ_299,MLS_2988,Milestone Completion of Task 79,2023-02-18,2023-02-28,Delayed,TSK_299_79
PRJ_299,MLS_2989,Milestone Completion of Task 89,2023-02-21,2023-02-17,Pending,TSK_299_89
PRJ_299,MLS_2990,Milestone Completion of Task 99,2023-02-24,2023-02-20,Pending,TSK_299_99
PRJ_300,MLS_2991,Milestone Completion of Task 9,2023-01-28,2023-01-24,Pending,TSK_300_09
PRJ_300,MLS_2992,Milestone Completion of Task 19,2023-01-31,2023-02-15,Delayed,TSK_300_19
PRJ_300,MLS_2993,Milestone Completion of Task 29,2023-02-03,2023-02-18,Delayed,TSK_300_29
PRJ_300,MLS_2994,Milestone Completion of Task 39,2023-02-06,2023-02-02,Pending,TSK_300_39
PRJ_300,MLS_2995,Milestone Completion of Task 49,2023-02-09,2023-02-05,Pending,TSK_300_49
PRJ_300,MLS_2996,Milestone Completion of Task 59,2023-02-12,2023-02-12,Pending,TSK_300_59
PRJ_300,MLS_2997,Milestone Completion of Task 69,2023-02-15,2023-02-11,Pending,TSK_300_69
PRJ_300,MLS_2998,Milestone Completion of Task 79,2023-02-18,2023-02-14,Pending,TSK_300_79
PRJ_300,MLS_2999,Milestone Completion of Task 89,2023-02-21,2023-02-17,Pending,TSK_300_89
PRJ_300,MLS_3000,Milestone Completion of Task 99,2023-02-24,2023-03-11,Delayed,TSK_300_99
PRJ_301,MLS_3001,Milestone Completion of Task 9,2023-01-28,2023-02-12,Delayed,TSK_301_09
PRJ_301,MLS_3002,Milestone Completion of Task 19,2023-01-31,2023-02-15,Delayed,TSK_301_19
PRJ_301,MLS_3003,Milestone Completion of Task 29,2023-02-03,2023-02-03,Pending,TSK_301_29
PRJ_301,MLS_3004,Milestone Completion of Task 39,2023-02-06,2023-02-02,Pending,TSK_301_39
PRJ_301,MLS_3005,Milestone Completion of Task 49,2023-02-09,2023-02-24,Delayed,TSK_301_49
PRJ_301,MLS_3006,Milestone Completion of Task 59,2023-02-12,2023-02-10,Pending,TSK_301_59
PRJ_301,MLS_3007,Milestone Completion of Task 69,2023-02-15,2023-02-11,Pending,TSK_301_69
PRJ_301,MLS_3008,Milestone Completion of Task 79,2023-02-18,2023-02-26,Delayed,TSK_301_79
PRJ_301,MLS_3009,Milestone Completion of Task 89,2023-02-21,2023-02-17,Pending,TSK_301_89
PRJ_301,MLS_3010,Milestone Completion of Task 99,2023-02-24,2023-02-20,Pending,TSK_301_99
PRJ_302,MLS_3011,Milestone Completion of Task 9,2023-01-28,2023-01-24,Pending,TSK_302_09
PRJ_302,MLS_3012,Milestone Completion of Task 19,2023-01-31,2023-01-31,Pending,TSK_302_19
PRJ_302,MLS_3013,Milestone Completion of Task 29,2023-02-03,2023-02-18,Delayed,TSK_302_29
PRJ_302,MLS_3014,Milestone Completion of Task 39,2023-02-06,2023-02-21,Delayed,TSK_302_39
PRJ_302,MLS_3015,Milestone Completion of Task 49,2023-02-09,2023-02-09,Pending,TSK_302_49
PRJ_302,MLS_3016,Milestone Completion of Task 59,2023-02-12,2023-02-08,Pending,TSK_302_59
PRJ_302,MLS_3017,Milestone Completion of Task 69,2023-02-15,2023-02-11,Pending,TSK_302_69
PRJ_302,MLS_3018,Milestone Completion of Task 79,2023-02-18,2023-03-05,Delayed,TSK_302_79
PRJ_302,MLS_3019,Milestone Completion of Task 89,2023-02-21,2023-03-08,Delayed,TSK_302_89
PRJ_302,MLS_3020,Milestone Completion of Task 99,2023-02-24,2023-02-20,Pending,TSK_302_99
PRJ_303,MLS_3021,Milestone Completion of Task 9,2023-01-28,2023-01-28,Pending,TSK_303_09
PRJ_303,MLS_3022,Milestone Completion of Task 19,2023-01-31,2023-01-27,Pending,TSK_303_19
PRJ_303,MLS_3023,Milestone Completion of Task 29,2023-02-03,2023-01-30,Pending,TSK_303_29
PRJ_303,MLS_3024,Milestone Completion of Task 39,2023-02-06,2023-02-08,Delayed,TSK_303_39
PRJ_303,MLS_3025,Milestone Completion of Task 49,2023-02-09,2023-02-05,Pending,TSK_303_49
PRJ_303,MLS_3026,Milestone Completion of Task 59,2023-02-12,2023-02-08,Pending,TSK_303_59
PRJ_303,MLS_3027,Milestone Completion of Task 69,2023-02-15,2023-02-13,Pending,TSK_303_69
PRJ_303,MLS_3028,Milestone Completion of Task 79,2023-02-18,2023-02-18,Pending,TSK_303_79
PRJ_303,MLS_3029,Milestone Completion of Task 89,2023-02-21,2023-03-08,Delayed,TSK_303_89
PRJ_303,MLS_3030,Milestone Completion of Task 99,2023-02-24,2023-02-20,Pending,TSK_303_99
PRJ_304,MLS_3031,Milestone Completion of Task 9,2023-01-29,2023-01-27,Pending,TSK_304_09
PRJ_304,MLS_3032,Milestone Completion of Task 19,2023-02-01,2023-01-28,Pending,TSK_304_19
PRJ_304,MLS_3033,Milestone Completion of Task 29,2023-02-04,2023-01-31,Pending,TSK_304_29
PRJ_304,MLS_3034,Milestone Completion of Task 39,2023-02-07,2023-02-03,Pending,TSK_304_39
PRJ_304,MLS_3035,Milestone Completion of Task 49,2023-02-10,2023-02-12,Delayed,TSK_304_49
PRJ_304,MLS_3036,Milestone Completion of Task 59,2023-02-13,2023-02-23,Delayed,TSK_304_59
PRJ_304,MLS_3037,Milestone Completion of Task 69,2023-02-16,2023-03-03,Delayed,TSK_304_69
PRJ_304,MLS_3038,Milestone Completion of Task 79,2023-02-19,2023-02-15,Pending,TSK_304_79
PRJ_304,MLS_3039,Milestone Completion of Task 89,2023-02-22,2023-02-27,Delayed,TSK_304_89
PRJ_304,MLS_3040,Milestone Completion of Task 99,2023-02-25,2023-02-21,Pending,TSK_304_99
PRJ_305,MLS_3041,Milestone Completion of Task 9,2023-01-29,2023-01-29,Pending,TSK_305_09
PRJ_305,MLS_3042,Milestone Completion of Task 19,2023-02-01,2023-02-07,Delayed,TSK_305_19
PRJ_305,MLS_3043,Milestone Completion of Task 29,2023-02-04,2023-02-19,Delayed,TSK_305_29
PRJ_305,MLS_3044,Milestone Completion of Task 39,2023-02-07,2023-02-07,Pending,TSK_305_39
PRJ_305,MLS_3045,Milestone Completion of Task 49,2023-02-10,2023-02-06,Pending,TSK_305_49
PRJ_305,MLS_3046,Milestone Completion of Task 59,2023-02-13,2023-02-28,Delayed,TSK_305_59
PRJ_305,MLS_3047,Milestone Completion of Task 69,2023-02-16,2023-03-03,Delayed,TSK_305_69
PRJ_305,MLS_3048,Milestone Completion of Task 79,2023-02-19,2023-03-06,Delayed,TSK_305_79
PRJ_305,MLS_3049,Milestone Completion of Task 89,2023-02-22,2023-03-09,Delayed,TSK_305_89
PRJ_305,MLS_3050,Milestone Completion of Task 99,2023-02-25,2023-03-12,Delayed,TSK_305_99
PRJ_306,MLS_3051,Milestone Completion of Task 9,2023-01-29,2023-01-25,Pending,TSK_306_09
PRJ_306,MLS_3052,Milestone Completion of Task 19,2023-02-01,2023-02-08,Delayed,TSK_306_19
PRJ_306,MLS_3053,Milestone Completion of Task 29,2023-02-04,2023-01-31,Pending,TSK_306_29
PRJ_306,MLS_3054,Milestone Completion of Task 39,2023-02-07,2023-02-22,Delayed,TSK_306_39
PRJ_306,MLS_3055,Milestone Completion of Task 49,2023-02-10,2023-02-06,Pending,TSK_306_49
PRJ_306,MLS_3056,Milestone Completion of Task 59,2023-02-13,2023-02-23,Delayed,TSK_306_59
PRJ_306,MLS_3057,Milestone Completion of Task 69,2023-02-16,2023-02-12,Pending,TSK_306_69
PRJ_306,MLS_3058,Milestone Completion of Task 79,2023-02-19,2023-02-15,Pending,TSK_306_79
PRJ_306,MLS_3059,Milestone Completion of Task 89,2023-02-22,2023-02-18,Pending,TSK_306_89
PRJ_306,MLS_3060,Milestone Completion of Task 99,2023-02-25,2023-02-21,Pending,TSK_306_99
PRJ_307,MLS_3061,Milestone Completion of Task 9,2023-01-29,2023-01-25,Pending,TSK_307_09
PRJ_307,MLS_3062,Milestone Completion of Task 19,2023-02-01,2023-01-28,Pending,TSK_307_19
PRJ_307,MLS_3063,Milestone Completion of Task 29,2023-02-04,2023-02-06,Delayed,TSK_307_29
PRJ_307,MLS_3064,Milestone Completion of Task 39,2023-02-07,2023-02-03,Pending,TSK_307_39
PRJ_307,MLS_3065,Milestone Completion of Task 49,2023-02-10,2023-02-06,Pending,TSK_307_49
PRJ_307,MLS_3066,Milestone Completion of Task 59,2023-02-13,2023-02-28,Delayed,TSK_307_59
PRJ_307,MLS_3067,Milestone Completion of Task 69,2023-02-16,2023-03-03,Delayed,TSK_307_69
PRJ_307,MLS_3068,Milestone Completion of Task 79,2023-02-19,2023-02-15,Pending,TSK_307_79
PRJ_307,MLS_3069,Milestone Completion of Task 89,2023-02-22,2023-02-18,Pending,TSK_307_89
PRJ_307,MLS_3070,Milestone Completion of Task 99,2023-02-25,2023-03-02,Delayed,TSK_307_99
PRJ_308,MLS_3071,Milestone Completion of Task 9,2023-01-29,2023-02-13,Delayed,TSK_308_09
PRJ_308,MLS_3072,Milestone Completion of Task 19,2023-02-01,2023-02-12,Delayed,TSK_308_19
PRJ_308,MLS_3073,Milestone Completion of Task 29,2023-02-04,2023-02-15,Delayed,TSK_308_29
PRJ_308,MLS_3074,Milestone Completion of Task 39,2023-02-07,2023-02-03,Pending,TSK_308_39
PRJ_308,MLS_3075,Milestone Completion of Task 49,2023-02-10,2023-02-06,Pending,TSK_308_49
PRJ_308,MLS_3076,Milestone Completion of Task 59,2023-02-13,2023-02-09,Pending,TSK_308_59
PRJ_308,MLS_3077,Milestone Completion of Task 69,2023-02-16,2023-02-12,Pending,TSK_308_69
PRJ_308,MLS_3078,Milestone Completion of Task 79,2023-02-19,2023-02-15,Pending,TSK_308_79
PRJ_308,MLS_3079,Milestone Completion of Task 89,2023-02-22,2023-02-24,Delayed,TSK_308_89
PRJ_308,MLS_3080,Milestone Completion of Task 99,2023-02-25,2023-02-21,Pending,TSK_308_99
PRJ_309,MLS_3081,Milestone Completion of Task 9,2023-01-29,2023-01-29,Pending,TSK_309_09
PRJ_309,MLS_3082,Milestone Completion of Task 19,2023-02-01,2023-02-16,Delayed,TSK_309_19
PRJ_309,MLS_3083,Milestone Completion of Task 29,2023-02-04,2023-01-31,Pending,TSK_309_29
PRJ_309,MLS_3084,Milestone Completion of Task 39,2023-02-07,2023-02-07,Pending,TSK_309_39
PRJ_309,MLS_3085,Milestone Completion of Task 49,2023-02-10,2023-02-25,Delayed,TSK_309_49
PRJ_309,MLS_3086,Milestone Completion of Task 59,2023-02-13,2023-02-09,Pending,TSK_309_59
PRJ_309,MLS_3087,Milestone Completion of Task 69,2023-02-16,2023-03-03,Delayed,TSK_309_69
PRJ_309,MLS_3088,Milestone Completion of Task 79,2023-02-19,2023-03-06,Delayed,TSK_309_79
PRJ_309,MLS_3089,Milestone Completion of Task 89,2023-02-22,2023-02-18,Pending,TSK_309_89
PRJ_309,MLS_3090,Milestone Completion of Task 99,2023-02-25,2023-03-12,Delayed,TSK_309_99
PRJ_310,MLS_3091,Milestone Completion of Task 9,2023-01-29,2023-01-25,Pending,TSK_310_09
PRJ_310,MLS_3092,Milestone Completion of Task 19,2023-02-01,2023-02-16,Delayed,TSK_310_19
PRJ_310,MLS_3093,Milestone Completion of Task 29,2023-02-04,2023-01-31,Pending,TSK_310_29
PRJ_310,MLS_3094,Milestone Completion of Task 39,2023-02-07,2023-02-03,Pending,TSK_310_39
PRJ_310,MLS_3095,Milestone Completion of Task 49,2023-02-10,2023-02-15,Delayed,TSK_310_49
PRJ_310,MLS_3096,Milestone Completion of Task 59,2023-02-13,2023-02-20,Delayed,TSK_310_59
PRJ_310,MLS_3097,Milestone Completion of Task 69,2023-02-16,2023-02-21,Delayed,TSK_310_69
PRJ_310,MLS_3098,Milestone Completion of Task 79,2023-02-19,2023-02-17,Pending,TSK_310_79
PRJ_310,MLS_3099,Milestone Completion of Task 89,2023-02-22,2023-02-24,Delayed,TSK_310_89
PRJ_310,MLS_3100,Milestone Completion of Task 99,2023-02-25,2023-02-21,Pending,TSK_310_99
PRJ_311,MLS_3101,Milestone Completion of Task 9,2023-01-29,2023-02-12,Delayed,TSK_311_09
PRJ_311,MLS_3102,Milestone Completion of Task 19,2023-02-01,2023-02-16,Delayed,TSK_311_19
PRJ_311,MLS_3103,Milestone Completion of Task 29,2023-02-04,2023-02-19,Delayed,TSK_311_29
PRJ_311,MLS_3104,Milestone Completion of Task 39,2023-02-07,2023-02-22,Delayed,TSK_311_39
PRJ_311,MLS_3105,Milestone Completion of Task 49,2023-02-10,2023-02-25,Delayed,TSK_311_49
PRJ_311,MLS_3106,Milestone Completion of Task 59,2023-02-13,2023-02-09,Pending,TSK_311_59
PRJ_311,MLS_3107,Milestone Completion of Task 69,2023-02-16,2023-02-12,Pending,TSK_311_69
PRJ_311,MLS_3108,Milestone Completion of Task 79,2023-02-19,2023-02-15,Pending,TSK_311_79
PRJ_311,MLS_3109,Milestone Completion of Task 89,2023-02-22,2023-03-09,Delayed,TSK_311_89
PRJ_311,MLS_3110,Milestone Completion of Task 99,2023-02-25,2023-03-12,Delayed,TSK_311_99
PRJ_312,MLS_3111,Milestone Completion of Task 9,2023-01-29,2023-01-27,Pending,TSK_312_09
PRJ_312,MLS_3112,Milestone Completion of Task 19,2023-02-01,2023-02-01,Pending,TSK_312_19
PRJ_312,MLS_3113,Milestone Completion of Task 29,2023-02-04,2023-02-16,Delayed,TSK_312_29
PRJ_312,MLS_3114,Milestone Completion of Task 39,2023-02-07,2023-02-09,Delayed,TSK_312_39
PRJ_312,MLS_3115,Milestone Completion of Task 49,2023-02-10,2023-02-12,Delayed,TSK_312_49
PRJ_312,MLS_3116,Milestone Completion of Task 59,2023-02-13,2023-02-28,Delayed,TSK_312_59
PRJ_312,MLS_3117,Milestone Completion of Task 69,2023-02-16,2023-02-12,Pending,TSK_312_69
PRJ_312,MLS_3118,Milestone Completion of Task 79,2023-02-19,2023-03-03,Delayed,TSK_312_79
PRJ_312,MLS_3119,Milestone Completion of Task 89,2023-02-22,2023-02-20,Pending,TSK_312_89
PRJ_312,MLS_3120,Milestone Completion of Task 99,2023-02-25,2023-02-25,Pending,TSK_312_99
PRJ_313,MLS_3121,Milestone Completion of Task 9,2023-01-29,2023-01-25,Pending,TSK_313_09
PRJ_313,MLS_3122,Milestone Completion of Task 19,2023-02-01,2023-01-30,Pending,TSK_313_19
PRJ_313,MLS_3123,Milestone Completion of Task 29,2023-02-04,2023-02-16,Delayed,TSK_313_29
PRJ_313,MLS_3124,Milestone Completion of Task 39,2023-02-07,2023-02-19,Delayed,TSK_313_39
PRJ_313,MLS_3125,Milestone Completion of Task 49,2023-02-10,2023-02-25,Delayed,TSK_313_49
PRJ_313,MLS_3126,Milestone Completion of Task 59,2023-02-13,2023-02-18,Delayed,TSK_313_59
PRJ_313,MLS_3127,Milestone Completion of Task 69,2023-02-16,2023-02-12,Pending,TSK_313_69
PRJ_313,MLS_3128,Milestone Completion of Task 79,2023-02-19,2023-02-15,Pending,TSK_313_79
PRJ_313,MLS_3129,Milestone Completion of Task 89,2023-02-22,2023-03-04,Delayed,TSK_313_89
PRJ_313,MLS_3130,Milestone Completion of Task 99,2023-02-25,2023-03-02,Delayed,TSK_313_99
PRJ_314,MLS_3131,Milestone Completion of Task 9,2023-01-29,2023-01-25,Pending,TSK_314_09
PRJ_314,MLS_3132,Milestone Completion of Task 19,2023-02-01,2023-02-16,Delayed,TSK_314_19
PRJ_314,MLS_3133,Milestone Completion of Task 29,2023-02-04,2023-02-16,Delayed,TSK_314_29
PRJ_314,MLS_3134,Milestone Completion of Task 39,2023-02-07,2023-02-03,Pending,TSK_314_39
PRJ_314,MLS_3135,Milestone Completion of Task 49,2023-02-10,2023-02-06,Pending,TSK_314_49
PRJ_314,MLS_3136,Milestone Completion of Task 59,2023-02-13,2023-02-09,Pending,TSK_314_59
PRJ_314,MLS_3137,Milestone Completion of Task 69,2023-02-16,2023-02-12,Pending,TSK_314_69
PRJ_314,MLS_3138,Milestone Completion of Task 79,2023-02-19,2023-02-21,Delayed,TSK_314_79
PRJ_314,MLS_3139,Milestone Completion of Task 89,2023-02-22,2023-03-09,Delayed,TSK_314_89
PRJ_314,MLS_3140,Milestone Completion of Task 99,2023-02-25,2023-02-21,Pending,TSK_314_99
PRJ_315,MLS_3141,Milestone Completion of Task 9,2023-01-29,2023-01-25,Pending,TSK_315_09
PRJ_315,MLS_3142,Milestone Completion of Task 19,2023-02-01,2023-02-16,Delayed,TSK_315_19
PRJ_315,MLS_3143,Milestone Completion of Task 29,2023-02-04,2023-02-16,Delayed,TSK_315_29
PRJ_315,MLS_3144,Milestone Completion of Task 39,2023-02-07,2023-02-22,Delayed,TSK_315_39
PRJ_315,MLS_3145,Milestone Completion of Task 49,2023-02-10,2023-02-06,Pending,TSK_315_49
PRJ_315,MLS_3146,Milestone Completion of Task 59,2023-02-13,2023-02-28,Delayed,TSK_315_59
PRJ_315,MLS_3147,Milestone Completion of Task 69,2023-02-16,2023-02-12,Pending,TSK_315_69
PRJ_315,MLS_3148,Milestone Completion of Task 79,2023-02-19,2023-02-19,Pending,TSK_315_79
PRJ_315,MLS_3149,Milestone Completion of Task 89,2023-02-22,2023-02-18,Pending,TSK_315_89
PRJ_315,MLS_3150,Milestone Completion of Task 99,2023-02-25,2023-02-21,Pending,TSK_315_99
PRJ_316,MLS_3151,Milestone Completion of Task 9,2023-01-29,2023-01-25,Pending,TSK_316_09
PRJ_316,MLS_3152,Milestone Completion of Task 19,2023-02-01,2023-02-16,Delayed,TSK_316_19
PRJ_316,MLS_3153,Milestone Completion of Task 29,2023-02-04,2023-01-31,Pending,TSK_316_29
PRJ_316,MLS_3154,Milestone Completion of Task 39,2023-02-07,2023-02-03,Pending,TSK_316_39
PRJ_316,MLS_3155,Milestone Completion of Task 49,2023-02-10,2023-02-25,Delayed,TSK_316_49
PRJ_316,MLS_3156,Milestone Completion of Task 59,2023-02-13,2023-02-13,Pending,TSK_316_59
PRJ_316,MLS_3157,Milestone Completion of Task 69,2023-02-16,2023-02-12,Pending,TSK_316_69
PRJ_316,MLS_3158,Milestone Completion of Task 79,2023-02-19,2023-03-02,Delayed,TSK_316_79
PRJ_316,MLS_3159,Milestone Completion of Task 89,2023-02-22,2023-03-09,Delayed,TSK_316_89
PRJ_316,MLS_3160,Milestone Completion of Task 99,2023-02-25,2023-02-21,Pending,TSK_316_99
PRJ_317,MLS_3161,Milestone Completion of Task 9,2023-01-29,2023-02-10,Delayed,TSK_317_09
PRJ_317,MLS_3162,Milestone Completion of Task 19,2023-02-01,2023-02-11,Delayed,TSK_317_19
PRJ_317,MLS_3163,Milestone Completion of Task 29,2023-02-04,2023-02-02,Pending,TSK_317_29
PRJ_317,MLS_3164,Milestone Completion of Task 39,2023-02-07,2023-02-14,Delayed,TSK_317_39
PRJ_317,MLS_3165,Milestone Completion of Task 49,2023-02-10,2023-02-06,Pending,TSK_317_49
PRJ_317,MLS_3166,Milestone Completion of Task 59,2023-02-13,2023-02-09,Pending,TSK_317_59
PRJ_317,MLS_3167,Milestone Completion of Task 69,2023-02-16,2023-02-12,Pending,TSK_317_69
PRJ_317,MLS_3168,Milestone Completion of Task 79,2023-02-19,2023-02-26,Delayed,TSK_317_79
PRJ_317,MLS_3169,Milestone Completion of Task 89,2023-02-22,2023-03-09,Delayed,TSK_317_89
PRJ_317,MLS_3170,Milestone Completion of Task 99,2023-02-25,2023-02-23,Pending,TSK_317_99
PRJ_318,MLS_3171,Milestone Completion of Task 9,2023-01-30,2023-02-14,Delayed,TSK_318_09
PRJ_318,MLS_3172,Milestone Completion of Task 19,2023-02-02,2023-01-29,Pending,TSK_318_19
PRJ_318,MLS_3173,Milestone Completion of Task 29,2023-02-05,2023-02-01,Pending,TSK_318_29
PRJ_318,MLS_3174,Milestone Completion of Task 39,2023-02-08,2023-02-23,Delayed,TSK_318_39
PRJ_318,MLS_3175,Milestone Completion of Task 49,2023-02-11,2023-02-11,Pending,TSK_318_49
PRJ_318,MLS_3176,Milestone Completion of Task 59,2023-02-14,2023-03-01,Delayed,TSK_318_59
PRJ_318,MLS_3177,Milestone Completion of Task 69,2023-02-17,2023-02-13,Pending,TSK_318_69
PRJ_318,MLS_3178,Milestone Completion of Task 79,2023-02-20,2023-02-16,Pending,TSK_318_79
PRJ_318,MLS_3179,Milestone Completion of Task 89,2023-02-23,2023-02-19,Pending,TSK_318_89
PRJ_318,MLS_3180,Milestone Completion of Task 99,2023-02-26,2023-02-22,Pending,TSK_318_99
PRJ_319,MLS_3181,Milestone Completion of Task 9,2023-01-30,2023-01-26,Pending,TSK_319_09
PRJ_319,MLS_3182,Milestone Completion of Task 19,2023-02-02,2023-02-08,Delayed,TSK_319_19
PRJ_319,MLS_3183,Milestone Completion of Task 29,2023-02-05,2023-02-01,Pending,TSK_319_29
PRJ_319,MLS_3184,Milestone Completion of Task 39,2023-02-08,2023-02-08,Pending,TSK_319_39
PRJ_319,MLS_3185,Milestone Completion of Task 49,2023-02-11,2023-02-07,Pending,TSK_319_49
PRJ_319,MLS_3186,Milestone Completion of Task 59,2023-02-14,2023-02-20,Delayed,TSK_319_59
PRJ_319,MLS_3187,Milestone Completion of Task 69,2023-02-17,2023-02-20,Delayed,TSK_319_69
PRJ_319,MLS_3188,Milestone Completion of Task 79,2023-02-20,2023-02-16,Pending,TSK_319_79
PRJ_319,MLS_3189,Milestone Completion of Task 89,2023-02-23,2023-02-24,Delayed,TSK_319_89
PRJ_319,MLS_3190,Milestone Completion of Task 99,2023-02-26,2023-02-22,Pending,TSK_319_99
PRJ_320,MLS_3191,Milestone Completion of Task 9,2023-01-30,2023-01-26,Pending,TSK_320_09
PRJ_320,MLS_3192,Milestone Completion of Task 19,2023-02-02,2023-02-17,Delayed,TSK_320_19
PRJ_320,MLS_3193,Milestone Completion of Task 29,2023-02-05,2023-02-20,Delayed,TSK_320_29
PRJ_320,MLS_3194,Milestone Completion of Task 39,2023-02-08,2023-02-04,Pending,TSK_320_39
PRJ_320,MLS_3195,Milestone Completion of Task 49,2023-02-11,2023-02-26,Delayed,TSK_320_49
PRJ_320,MLS_3196,Milestone Completion of Task 59,2023-02-14,2023-02-14,Pending,TSK_320_59
PRJ_320,MLS_3197,Milestone Completion of Task 69,2023-02-17,2023-02-13,Pending,TSK_320_69
PRJ_320,MLS_3198,Milestone Completion of Task 79,2023-02-20,2023-02-16,Pending,TSK_320_79
PRJ_320,MLS_3199,Milestone Completion of Task 89,2023-02-23,2023-03-10,Delayed,TSK_320_89
PRJ_320,MLS_3200,Milestone Completion of Task 99,2023-02-26,2023-02-22,Pending,TSK_320_99
PRJ_321,MLS_3201,Milestone Completion of Task 9,2023-01-30,2023-01-26,Pending,TSK_321_09
PRJ_321,MLS_3202,Milestone Completion of Task 19,2023-02-02,2023-01-31,Pending,TSK_321_19
PRJ_321,MLS_3203,Milestone Completion of Task 29,2023-02-05,2023-02-20,Delayed,TSK_321_29
PRJ_321,MLS_3204,Milestone Completion of Task 39,2023-02-08,2023-02-04,Pending,TSK_321_39
PRJ_321,MLS_3205,Milestone Completion of Task 49,2023-02-11,2023-02-26,Delayed,TSK_321_49
PRJ_321,MLS_3206,Milestone Completion of Task 59,2023-02-14,2023-02-10,Pending,TSK_321_59
PRJ_321,MLS_3207,Milestone Completion of Task 69,2023-02-17,2023-02-13,Pending,TSK_321_69
PRJ_321,MLS_3208,Milestone Completion of Task 79,2023-02-20,2023-03-07,Delayed,TSK_321_79
PRJ_321,MLS_3209,Milestone Completion of Task 89,2023-02-23,2023-02-19,Pending,TSK_321_89
PRJ_321,MLS_3210,Milestone Completion of Task 99,2023-02-26,2023-03-13,Delayed,TSK_321_99
PRJ_322,MLS_3211,Milestone Completion of Task 9,2023-01-30,2023-01-26,Pending,TSK_322_09
PRJ_322,MLS_3212,Milestone Completion of Task 19,2023-02-02,2023-02-04,Delayed,TSK_322_19
PRJ_322,MLS_3213,Milestone Completion of Task 29,2023-02-05,2023-02-02,Pending,TSK_322_29
PRJ_322,MLS_3214,Milestone Completion of Task 39,2023-02-08,2023-02-07,Pending,TSK_322_39
PRJ_322,MLS_3215,Milestone Completion of Task 49,2023-02-11,2023-02-15,Delayed,TSK_322_49
PRJ_322,MLS_3216,Milestone Completion of Task 59,2023-02-14,2023-02-13,Pending,TSK_322_59
PRJ_322,MLS_3217,Milestone Completion of Task 69,2023-02-17,2023-02-20,Delayed,TSK_322_69
PRJ_322,MLS_3218,Milestone Completion of Task 79,2023-02-20,2023-02-16,Pending,TSK_322_79
PRJ_322,MLS_3219,Milestone Completion of Task 89,2023-02-23,2023-02-19,Pending,TSK_322_89
PRJ_322,MLS_3220,Milestone Completion of Task 99,2023-02-26,2023-02-24,Pending,TSK_322_99
PRJ_323,MLS_3221,Milestone Completion of Task 9,2023-01-30,2023-02-14,Delayed,TSK_323_09
PRJ_323,MLS_3222,Milestone Completion of Task 19,2023-02-02,2023-01-29,Pending,TSK_323_19
PRJ_323,MLS_3223,Milestone Completion of Task 29,2023-02-05,2023-02-01,Pending,TSK_323_29
PRJ_323,MLS_3224,Milestone Completion of Task 39,2023-02-08,2023-02-23,Delayed,TSK_323_39
PRJ_323,MLS_3225,Milestone Completion of Task 49,2023-02-11,2023-02-25,Delayed,TSK_323_49
PRJ_323,MLS_3226,Milestone Completion of Task 59,2023-02-14,2023-03-01,Delayed,TSK_323_59
PRJ_323,MLS_3227,Milestone Completion of Task 69,2023-02-17,2023-02-13,Pending,TSK_323_69
PRJ_323,MLS_3228,Milestone Completion of Task 79,2023-02-20,2023-02-20,Pending,TSK_323_79
PRJ_323,MLS_3229,Milestone Completion of Task 89,2023-02-23,2023-03-10,Delayed,TSK_323_89
PRJ_323,MLS_3230,Milestone Completion of Task 99,2023-02-26,2023-02-22,Pending,TSK_323_99
PRJ_324,MLS_3231,Milestone Completion of Task 9,2023-01-30,2023-01-26,Pending,TSK_324_09
PRJ_324,MLS_3232,Milestone Completion of Task 19,2023-02-02,2023-02-02,Pending,TSK_324_19
PRJ_324,MLS_3233,Milestone Completion of Task 29,2023-02-05,2023-02-01,Pending,TSK_324_29
PRJ_324,MLS_3234,Milestone Completion of Task 39,2023-02-08,2023-02-10,Delayed,TSK_324_39
PRJ_324,MLS_3235,Milestone Completion of Task 49,2023-02-11,2023-02-26,Delayed,TSK_324_49
PRJ_324,MLS_3236,Milestone Completion of Task 59,2023-02-14,2023-02-10,Pending,TSK_324_59
PRJ_324,MLS_3237,Milestone Completion of Task 69,2023-02-17,2023-02-27,Delayed,TSK_324_69
PRJ_324,MLS_3238,Milestone Completion of Task 79,2023-02-20,2023-03-07,Delayed,TSK_324_79
PRJ_324,MLS_3239,Milestone Completion of Task 89,2023-02-23,2023-02-19,Pending,TSK_324_89
PRJ_324,MLS_3240,Milestone Completion of Task 99,2023-02-26,2023-03-10,Delayed,TSK_324_99
PRJ_325,MLS_3241,Milestone Completion of Task 9,2023-01-30,2023-01-26,Pending,TSK_325_09
PRJ_325,MLS_3242,Milestone Completion of Task 19,2023-02-02,2023-02-14,Delayed,TSK_325_19
PRJ_325,MLS_3243,Milestone Completion of Task 29,2023-02-05,2023-02-01,Pending,TSK_325_29
PRJ_325,MLS_3244,Milestone Completion of Task 39,2023-02-08,2023-02-04,Pending,TSK_325_39
PRJ_325,MLS_3245,Milestone Completion of Task 49,2023-02-11,2023-02-07,Pending,TSK_325_49
PRJ_325,MLS_3246,Milestone Completion of Task 59,2023-02-14,2023-03-01,Delayed,TSK_325_59
PRJ_325,MLS_3247,Milestone Completion of Task 69,2023-02-17,2023-02-15,Pending,TSK_325_69
PRJ_325,MLS_3248,Milestone Completion of Task 79,2023-02-20,2023-03-07,Delayed,TSK_325_79
PRJ_325,MLS_3249,Milestone Completion of Task 89,2023-02-23,2023-02-25,Delayed,TSK_325_89
PRJ_325,MLS_3250,Milestone Completion of Task 99,2023-02-26,2023-03-03,Delayed,TSK_325_99
PRJ_326,MLS_3251,Milestone Completion of Task 9,2023-01-30,2023-02-03,Delayed,TSK_326_09
PRJ_326,MLS_3252,Milestone Completion of Task 19,2023-02-02,2023-02-10,Delayed,TSK_326_19
PRJ_326,MLS_3253,Milestone Completion of Task 29,2023-02-05,2023-02-16,Delayed,TSK_326_29
PRJ_326,MLS_3254,Milestone Completion of Task 39,2023-02-08,2023-02-04,Pending,TSK_326_39
PRJ_326,MLS_3255,Milestone Completion of Task 49,2023-02-11,2023-02-23,Delayed,TSK_326_49
PRJ_326,MLS_3256,Milestone Completion of Task 59,2023-02-14,2023-02-23,Delayed,TSK_326_59
PRJ_326,MLS_3257,Milestone Completion of Task 69,2023-02-17,2023-02-17,Pending,TSK_326_69
PRJ_326,MLS_3258,Milestone Completion of Task 79,2023-02-20,2023-03-03,Delayed,TSK_326_79
PRJ_326,MLS_3259,Milestone Completion of Task 89,2023-02-23,2023-02-19,Pending,TSK_326_89
PRJ_326,MLS_3260,Milestone Completion of Task 99,2023-02-26,2023-02-22,Pending,TSK_326_99
PRJ_327,MLS_3261,Milestone Completion of Task 9,2023-01-30,2023-02-11,Delayed,TSK_327_09
PRJ_327,MLS_3262,Milestone Completion of Task 19,2023-02-02,2023-02-02,Pending,TSK_327_19
PRJ_327,MLS_3263,Milestone Completion of Task 29,2023-02-05,2023-02-01,Pending,TSK_327_29
PRJ_327,MLS_3264,Milestone Completion of Task 39,2023-02-08,2023-02-15,Delayed,TSK_327_39
PRJ_327,MLS_3265,Milestone Completion of Task 49,2023-02-11,2023-02-07,Pending,TSK_327_49
PRJ_327,MLS_3266,Milestone Completion of Task 59,2023-02-14,2023-02-10,Pending,TSK_327_59
PRJ_327,MLS_3267,Milestone Completion of Task 69,2023-02-17,2023-03-01,Delayed,TSK_327_69
PRJ_327,MLS_3268,Milestone Completion of Task 79,2023-02-20,2023-02-18,Pending,TSK_327_79
PRJ_327,MLS_3269,Milestone Completion of Task 89,2023-02-23,2023-03-10,Delayed,TSK_327_89
PRJ_327,MLS_3270,Milestone Completion of Task 99,2023-02-26,2023-02-28,Delayed,TSK_327_99
PRJ_328,MLS_3271,Milestone Completion of Task 9,2023-01-30,2023-01-26,Pending,TSK_328_09
PRJ_328,MLS_3272,Milestone Completion of Task 19,2023-02-02,2023-02-14,Delayed,TSK_328_19
PRJ_328,MLS_3273,Milestone Completion of Task 29,2023-02-05,2023-02-01,Pending,TSK_328_29
PRJ_328,MLS_3274,Milestone Completion of Task 39,2023-02-08,2023-02-15,Delayed,TSK_328_39
PRJ_328,MLS_3275,Milestone Completion of Task 49,2023-02-11,2023-02-26,Delayed,TSK_328_49
PRJ_328,MLS_3276,Milestone Completion of Task 59,2023-02-14,2023-02-10,Pending,TSK_328_59
PRJ_328,MLS_3277,Milestone Completion of Task 69,2023-02-17,2023-02-13,Pending,TSK_328_69
PRJ_328,MLS_3278,Milestone Completion of Task 79,2023-02-20,2023-02-18,Pending,TSK_328_79
PRJ_328,MLS_3279,Milestone Completion of Task 89,2023-02-23,2023-02-19,Pending,TSK_328_89
PRJ_328,MLS_3280,Milestone Completion of Task 99,2023-02-26,2023-03-13,Delayed,TSK_328_99
PRJ_329,MLS_3281,Milestone Completion of Task 9,2023-01-30,2023-01-26,Pending,TSK_329_09
PRJ_329,MLS_3282,Milestone Completion of Task 19,2023-02-02,2023-02-17,Delayed,TSK_329_19
PRJ_329,MLS_3283,Milestone Completion of Task 29,2023-02-05,2023-02-20,Delayed,TSK_329_29
PRJ_329,MLS_3284,Milestone Completion of Task 39,2023-02-08,2023-02-15,Delayed,TSK_329_39
PRJ_329,MLS_3285,Milestone Completion of Task 49,2023-02-11,2023-02-26,Delayed,TSK_329_49
PRJ_329,MLS_3286,Milestone Completion of Task 59,2023-02-14,2023-03-01,Delayed,TSK_329_59
PRJ_329,MLS_3287,Milestone Completion of Task 69,2023-02-17,2023-02-13,Pending,TSK_329_69
PRJ_329,MLS_3288,Milestone Completion of Task 79,2023-02-20,2023-02-20,Pending,TSK_329_79
PRJ_329,MLS_3289,Milestone Completion of Task 89,2023-02-23,2023-03-10,Delayed,TSK_329_89
PRJ_329,MLS_3290,Milestone Completion of Task 99,2023-02-26,2023-02-22,Pending,TSK_329_99
PRJ_330,MLS_3291,Milestone Completion of Task 9,2023-01-30,2023-01-26,Pending,TSK_330_09
PRJ_330,MLS_3292,Milestone Completion of Task 19,2023-02-02,2023-01-29,Pending,TSK_330_19
PRJ_330,MLS_3293,Milestone Completion of Task 29,2023-02-05,2023-02-20,Delayed,TSK_330_29
PRJ_330,MLS_3294,Milestone Completion of Task 39,2023-02-08,2023-02-08,Pending,TSK_330_39
PRJ_330,MLS_3295,Milestone Completion of Task 49,2023-02-11,2023-02-26,Delayed,TSK_330_49
PRJ_330,MLS_3296,Milestone Completion of Task 59,2023-02-14,2023-02-10,Pending,TSK_330_59
PRJ_330,MLS_3297,Milestone Completion of Task 69,2023-02-17,2023-02-13,Pending,TSK_330_69
PRJ_330,MLS_3298,Milestone Completion of Task 79,2023-02-20,2023-02-16,Pending,TSK_330_79
PRJ_330,MLS_3299,Milestone Completion of Task 89,2023-02-23,2023-02-19,Pending,TSK_330_89
PRJ_330,MLS_3300,Milestone Completion of Task 99,2023-02-26,2023-03-13,Delayed,TSK_330_99
PRJ_331,MLS_3301,Milestone Completion of Task 9,2023-01-30,2023-02-14,Delayed,TSK_331_09
PRJ_331,MLS_3302,Milestone Completion of Task 19,2023-02-02,2023-01-29,Pending,TSK_331_19
PRJ_331,MLS_3303,Milestone Completion of Task 29,2023-02-05,2023-02-20,Delayed,TSK_331_29
PRJ_331,MLS_3304,Milestone Completion of Task 39,2023-02-08,2023-02-04,Pending,TSK_331_39
PRJ_331,MLS_3305,Milestone Completion of Task 49,2023-02-11,2023-02-26,Delayed,TSK_331_49
PRJ_331,MLS_3306,Milestone Completion of Task 59,2023-02-14,2023-02-10,Pending,TSK_331_59
PRJ_331,MLS_3307,Milestone Completion of Task 69,2023-02-17,2023-02-23,Delayed,TSK_331_69
PRJ_331,MLS_3308,Milestone Completion of Task 79,2023-02-20,2023-03-07,Delayed,TSK_331_79
PRJ_331,MLS_3309,Milestone Completion of Task 89,2023-02-23,2023-02-19,Pending,TSK_331_89
PRJ_331,MLS_3310,Milestone Completion of Task 99,2023-02-26,2023-03-13,Delayed,TSK_331_99
PRJ_332,MLS_3311,Milestone Completion of Task 9,2023-01-30,2023-02-04,Delayed,TSK_332_09
PRJ_332,MLS_3312,Milestone Completion of Task 19,2023-02-02,2023-02-04,Delayed,TSK_332_19
PRJ_332,MLS_3313,Milestone Completion of Task 29,2023-02-05,2023-02-01,Pending,TSK_332_29
PRJ_332,MLS_3314,Milestone Completion of Task 39,2023-02-08,2023-02-04,Pending,TSK_332_39
PRJ_332,MLS_3315,Milestone Completion of Task 49,2023-02-11,2023-02-22,Delayed,TSK_332_49
PRJ_332,MLS_3316,Milestone Completion of Task 59,2023-02-14,2023-02-14,Pending,TSK_332_59
PRJ_332,MLS_3317,Milestone Completion of Task 69,2023-02-17,2023-03-03,Delayed,TSK_332_69
PRJ_332,MLS_3318,Milestone Completion of Task 79,2023-02-20,2023-03-07,Delayed,TSK_332_79
PRJ_332,MLS_3319,Milestone Completion of Task 89,2023-02-23,2023-02-28,Delayed,TSK_332_89
PRJ_332,MLS_3320,Milestone Completion of Task 99,2023-02-26,2023-02-22,Pending,TSK_332_99
PRJ_333,MLS_3321,Milestone Completion of Task 9,2023-01-31,2023-01-27,Pending,TSK_333_09
PRJ_333,MLS_3322,Milestone Completion of Task 19,2023-02-03,2023-02-01,Pending,TSK_333_19
PRJ_333,MLS_3323,Milestone Completion of Task 29,2023-02-06,2023-02-21,Delayed,TSK_333_29
PRJ_333,MLS_3324,Milestone Completion of Task 39,2023-02-09,2023-02-14,Delayed,TSK_333_39
PRJ_333,MLS_3325,Milestone Completion of Task 49,2023-02-12,2023-02-08,Pending,TSK_333_49
PRJ_333,MLS_3326,Milestone Completion of Task 59,2023-02-15,2023-02-11,Pending,TSK_333_59
PRJ_333,MLS_3327,Milestone Completion of Task 69,2023-02-18,2023-03-05,Delayed,TSK_333_69
PRJ_333,MLS_3328,Milestone Completion of Task 79,2023-02-21,2023-02-17,Pending,TSK_333_79
PRJ_333,MLS_3329,Milestone Completion of Task 89,2023-02-24,2023-03-11,Delayed,TSK_333_89
PRJ_333,MLS_3330,Milestone Completion of Task 99,2023-02-27,2023-03-14,Delayed,TSK_333_99
PRJ_334,MLS_3331,Milestone Completion of Task 9,2023-01-31,2023-01-31,Pending,TSK_334_09
PRJ_334,MLS_3332,Milestone Completion of Task 19,2023-02-03,2023-02-18,Delayed,TSK_334_19
PRJ_334,MLS_3333,Milestone Completion of Task 29,2023-02-06,2023-02-02,Pending,TSK_334_29
PRJ_334,MLS_3334,Milestone Completion of Task 39,2023-02-09,2023-02-05,Pending,TSK_334_39
PRJ_334,MLS_3335,Milestone Completion of Task 49,2023-02-12,2023-02-27,Delayed,TSK_334_49
PRJ_334,MLS_3336,Milestone Completion of Task 59,2023-02-15,2023-03-02,Delayed,TSK_334_59
PRJ_334,MLS_3337,Milestone Completion of Task 69,2023-02-18,2023-02-14,Pending,TSK_334_69
PRJ_334,MLS_3338,Milestone Completion of Task 79,2023-02-21,2023-02-17,Pending,TSK_334_79
PRJ_334,MLS_3339,Milestone Completion of Task 89,2023-02-24,2023-02-20,Pending,TSK_334_89
PRJ_334,MLS_3340,Milestone Completion of Task 99,2023-02-27,2023-02-23,Pending,TSK_334_99
PRJ_335,MLS_3341,Milestone Completion of Task 9,2023-01-31,2023-01-27,Pending,TSK_335_09
PRJ_335,MLS_3342,Milestone Completion of Task 19,2023-02-03,2023-02-13,Delayed,TSK_335_19
PRJ_335,MLS_3343,Milestone Completion of Task 29,2023-02-06,2023-02-04,Pending,TSK_335_29
PRJ_335,MLS_3344,Milestone Completion of Task 39,2023-02-09,2023-02-05,Pending,TSK_335_39
PRJ_335,MLS_3345,Milestone Completion of Task 49,2023-02-12,2023-02-08,Pending,TSK_335_49
PRJ_335,MLS_3346,Milestone Completion of Task 59,2023-02-15,2023-03-02,Delayed,TSK_335_59
PRJ_335,MLS_3347,Milestone Completion of Task 69,2023-02-18,2023-02-14,Pending,TSK_335_69
PRJ_335,MLS_3348,Milestone Completion of Task 79,2023-02-21,2023-03-08,Delayed,TSK_335_79
PRJ_335,MLS_3349,Milestone Completion of Task 89,2023-02-24,2023-03-11,Delayed,TSK_335_89
PRJ_335,MLS_3350,Milestone Completion of Task 99,2023-02-27,2023-02-23,Pending,TSK_335_99
PRJ_336,MLS_3351,Milestone Completion of Task 9,2023-01-31,2023-02-15,Delayed,TSK_336_09
PRJ_336,MLS_3352,Milestone Completion of Task 19,2023-02-03,2023-02-10,Delayed,TSK_336_19
PRJ_336,MLS_3353,Milestone Completion of Task 29,2023-02-06,2023-02-02,Pending,TSK_336_29
PRJ_336,MLS_3354,Milestone Completion of Task 39,2023-02-09,2023-02-09,Pending,TSK_336_39
PRJ_336,MLS_3355,Milestone Completion of Task 49,2023-02-12,2023-02-08,Pending,TSK_336_49
PRJ_336,MLS_3356,Milestone Completion of Task 59,2023-02-15,2023-02-15,Pending,TSK_336_59
PRJ_336,MLS_3357,Milestone Completion of Task 69,2023-02-18,2023-03-05,Delayed,TSK_336_69
PRJ_336,MLS_3358,Milestone Completion of Task 79,2023-02-21,2023-02-17,Pending,TSK_336_79
PRJ_336,MLS_3359,Milestone Completion of Task 89,2023-02-24,2023-02-20,Pending,TSK_336_89
PRJ_336,MLS_3360,Milestone Completion of Task 99,2023-02-27,2023-03-14,Delayed,TSK_336_99
PRJ_337,MLS_3361,Milestone Completion of Task 9,2023-01-31,2023-02-07,Delayed,TSK_337_09
PRJ_337,MLS_3362,Milestone Completion of Task 19,2023-02-03,2023-02-03,Pending,TSK_337_19
PRJ_337,MLS_3363,Milestone Completion of Task 29,2023-02-06,2023-02-11,Delayed,TSK_337_29
PRJ_337,MLS_3364,Milestone Completion of Task 39,2023-02-09,2023-02-05,Pending,TSK_337_39
PRJ_337,MLS_3365,Milestone Completion of Task 49,2023-02-12,2023-02-08,Pending,TSK_337_49
PRJ_337,MLS_3366,Milestone Completion of Task 59,2023-02-15,2023-02-11,Pending,TSK_337_59
PRJ_337,MLS_3367,Milestone Completion of Task 69,2023-02-18,2023-02-16,Pending,TSK_337_69
PRJ_337,MLS_3368,Milestone Completion of Task 79,2023-02-21,2023-03-08,Delayed,TSK_337_79
PRJ_337,MLS_3369,Milestone Completion of Task 89,2023-02-24,2023-03-01,Delayed,TSK_337_89
PRJ_337,MLS_3370,Milestone Completion of Task 99,2023-02-27,2023-02-23,Pending,TSK_337_99
PRJ_338,MLS_3371,Milestone Completion of Task 9,2023-01-31,2023-01-27,Pending,TSK_338_09
PRJ_338,MLS_3372,Milestone Completion of Task 19,2023-02-03,2023-02-18,Delayed,TSK_338_19
PRJ_338,MLS_3373,Milestone Completion of Task 29,2023-02-06,2023-02-02,Pending,TSK_338_29
PRJ_338,MLS_3374,Milestone Completion of Task 39,2023-02-09,2023-02-09,Pending,TSK_338_39
PRJ_338,MLS_3375,Milestone Completion of Task 49,2023-02-12,2023-02-24,Delayed,TSK_338_49
PRJ_338,MLS_3376,Milestone Completion of Task 59,2023-02-15,2023-02-11,Pending,TSK_338_59
PRJ_338,MLS_3377,Milestone Completion of Task 69,2023-02-18,2023-02-18,Pending,TSK_338_69
PRJ_338,MLS_3378,Milestone Completion of Task 79,2023-02-21,2023-03-08,Delayed,TSK_338_79
PRJ_338,MLS_3379,Milestone Completion of Task 89,2023-02-24,2023-02-20,Pending,TSK_338_89
PRJ_338,MLS_3380,Milestone Completion of Task 99,2023-02-27,2023-03-11,Delayed,TSK_338_99
PRJ_339,MLS_3381,Milestone Completion of Task 9,2023-01-31,2023-01-27,Pending,TSK_339_09
PRJ_339,MLS_3382,Milestone Completion of Task 19,2023-02-03,2023-02-18,Delayed,TSK_339_19
PRJ_339,MLS_3383,Milestone Completion of Task 29,2023-02-06,2023-02-21,Delayed,TSK_339_29
PRJ_339,MLS_3384,Milestone Completion of Task 39,2023-02-09,2023-02-21,Delayed,TSK_339_39
PRJ_339,MLS_3385,Milestone Completion of Task 49,2023-02-12,2023-02-18,Delayed,TSK_339_49
PRJ_339,MLS_3386,Milestone Completion of Task 59,2023-02-15,2023-02-21,Delayed,TSK_339_59
PRJ_339,MLS_3387,Milestone Completion of Task 69,2023-02-18,2023-03-05,Delayed,TSK_339_69
PRJ_339,MLS_3388,Milestone Completion of Task 79,2023-02-21,2023-02-21,Pending,TSK_339_79
PRJ_339,MLS_3389,Milestone Completion of Task 89,2023-02-24,2023-02-20,Pending,TSK_339_89
PRJ_339,MLS_3390,Milestone Completion of Task 99,2023-02-27,2023-02-23,Pending,TSK_339_99
PRJ_340,MLS_3391,Milestone Completion of Task 9,2023-01-31,2023-02-15,Delayed,TSK_340_09
PRJ_340,MLS_3392,Milestone Completion of Task 19,2023-02-03,2023-02-18,Delayed,TSK_340_19
PRJ_340,MLS_3393,Milestone Completion of Task 29,2023-02-06,2023-02-15,Delayed,TSK_340_29
PRJ_340,MLS_3394,Milestone Completion of Task 39,2023-02-09,2023-02-05,Pending,TSK_340_39
PRJ_340,MLS_3395,Milestone Completion of Task 49,2023-02-12,2023-02-27,Delayed,TSK_340_49
PRJ_340,MLS_3396,Milestone Completion of Task 59,2023-02-15,2023-03-02,Delayed,TSK_340_59
PRJ_340,MLS_3397,Milestone Completion of Task 69,2023-02-18,2023-02-14,Pending,TSK_340_69
PRJ_340,MLS_3398,Milestone Completion of Task 79,2023-02-21,2023-02-17,Pending,TSK_340_79
PRJ_340,MLS_3399,Milestone Completion of Task 89,2023-02-24,2023-02-20,Pending,TSK_340_89
PRJ_340,MLS_3400,Milestone Completion of Task 99,2023-02-27,2023-02-23,Pending,TSK_340_99
PRJ_341,MLS_3401,Milestone Completion of Task 9,2023-01-31,2023-01-27,Pending,TSK_341_09
PRJ_341,MLS_3402,Milestone Completion of Task 19,2023-02-03,2023-01-30,Pending,TSK_341_19
PRJ_341,MLS_3403,Milestone Completion of Task 29,2023-02-06,2023-02-21,Delayed,TSK_341_29
PRJ_341,MLS_3404,Milestone Completion of Task 39,2023-02-09,2023-02-05,Pending,TSK_341_39
PRJ_341,MLS_3405,Milestone Completion of Task 49,2023-02-12,2023-02-27,Delayed,TSK_341_49
PRJ_341,MLS_3406,Milestone Completion of Task 59,2023-02-15,2023-02-11,Pending,TSK_341_59
PRJ_341,MLS_3407,Milestone Completion of Task 69,2023-02-18,2023-03-05,Delayed,TSK_341_69
PRJ_341,MLS_3408,Milestone Completion of Task 79,2023-02-21,2023-02-19,Pending,TSK_341_79
PRJ_341,MLS_3409,Milestone Completion of Task 89,2023-02-24,2023-02-20,Pending,TSK_341_89
PRJ_341,MLS_3410,Milestone Completion of Task 99,2023-02-27,2023-02-23,Pending,TSK_341_99
PRJ_342,MLS_3411,Milestone Completion of Task 9,2023-01-31,2023-01-29,Pending,TSK_342_09
PRJ_342,MLS_3412,Milestone Completion of Task 19,2023-02-03,2023-02-18,Delayed,TSK_342_19
PRJ_342,MLS_3413,Milestone Completion of Task 29,2023-02-06,2023-02-20,Delayed,TSK_342_29
PRJ_342,MLS_3414,Milestone Completion of Task 39,2023-02-09,2023-02-20,Delayed,TSK_342_39
PRJ_342,MLS_3415,Milestone Completion of Task 49,2023-02-12,2023-02-12,Pending,TSK_342_49
PRJ_342,MLS_3416,Milestone Completion of Task 59,2023-02-15,2023-02-11,Pending,TSK_342_59
PRJ_342,MLS_3417,Milestone Completion of Task 69,2023-02-18,2023-02-14,Pending,TSK_342_69
PRJ_342,MLS_3418,Milestone Completion of Task 79,2023-02-21,2023-02-17,Pending,TSK_342_79
PRJ_342,MLS_3419,Milestone Completion of Task 89,2023-02-24,2023-03-11,Delayed,TSK_342_89
PRJ_342,MLS_3420,Milestone Completion of Task 99,2023-02-27,2023-03-10,Delayed,TSK_342_99
PRJ_343,MLS_3421,Milestone Completion of Task 9,2023-01-31,2023-01-27,Pending,TSK_343_09
PRJ_343,MLS_3422,Milestone Completion of Task 19,2023-02-03,2023-01-30,Pending,TSK_343_19
PRJ_343,MLS_3423,Milestone Completion of Task 29,2023-02-06,2023-02-02,Pending,TSK_343_29
PRJ_343,MLS_3424,Milestone Completion of Task 39,2023-02-09,2023-02-07,Pending,TSK_343_39
PRJ_343,MLS_3425,Milestone Completion of Task 49,2023-02-12,2023-02-08,Pending,TSK_343_49
PRJ_343,MLS_3426,Milestone Completion of Task 59,2023-02-15,2023-02-18,Delayed,TSK_343_59
PRJ_343,MLS_3427,Milestone Completion of Task 69,2023-02-18,2023-02-14,Pending,TSK_343_69
PRJ_343,MLS_3428,Milestone Completion of Task 79,2023-02-21,2023-03-04,Delayed,TSK_343_79
PRJ_343,MLS_3429,Milestone Completion of Task 89,2023-02-24,2023-02-24,Pending,TSK_343_89
PRJ_343,MLS_3430,Milestone Completion of Task 99,2023-02-27,2023-02-25,Pending,TSK_343_99
PRJ_344,MLS_3431,Milestone Completion of Task 9,2023-01-31,2023-01-27,Pending,TSK_344_09
PRJ_344,MLS_3432,Milestone Completion of Task 19,2023-02-03,2023-02-15,Delayed,TSK_344_19
PRJ_344,MLS_3433,Milestone Completion of Task 29,2023-02-06,2023-02-02,Pending,TSK_344_29
PRJ_344,MLS_3434,Milestone Completion of Task 39,2023-02-09,2023-02-05,Pending,TSK_344_39
PRJ_344,MLS_3435,Milestone Completion of Task 49,2023-02-12,2023-02-08,Pending,TSK_344_49
PRJ_344,MLS_3436,Milestone Completion of Task 59,2023-02-15,2023-03-02,Delayed,TSK_344_59
PRJ_344,MLS_3437,Milestone Completion of Task 69,2023-02-18,2023-02-25,Delayed,TSK_344_69
PRJ_344,MLS_3438,Milestone Completion of Task 79,2023-02-21,2023-03-03,Delayed,TSK_344_79
PRJ_344,MLS_3439,Milestone Completion of Task 89,2023-02-24,2023-02-20,Pending,TSK_344_89
PRJ_344,MLS_3440,Milestone Completion of Task 99,2023-02-27,2023-02-25,Pending,TSK_344_99
PRJ_345,MLS_3441,Milestone Completion of Task 9,2023-01-31,2023-01-31,Pending,TSK_345_09
PRJ_345,MLS_3442,Milestone Completion of Task 19,2023-02-03,2023-02-18,Delayed,TSK_345_19
PRJ_345,MLS_3443,Milestone Completion of Task 29,2023-02-06,2023-02-02,Pending,TSK_345_29
PRJ_345,MLS_3444,Milestone Completion of Task 39,2023-02-09,2023-02-05,Pending,TSK_345_39
PRJ_345,MLS_3445,Milestone Completion of Task 49,2023-02-12,2023-02-08,Pending,TSK_345_49
PRJ_345,MLS_3446,Milestone Completion of Task 59,2023-02-15,2023-02-11,Pending,TSK_345_59
PRJ_345,MLS_3447,Milestone Completion of Task 69,2023-02-18,2023-03-05,Delayed,TSK_345_69
PRJ_345,MLS_3448,Milestone Completion of Task 79,2023-02-21,2023-02-17,Pending,TSK_345_79
PRJ_345,MLS_3449,Milestone Completion of Task 89,2023-02-24,2023-02-20,Pending,TSK_345_89
PRJ_345,MLS_3450,Milestone Completion of Task 99,2023-02-27,2023-03-08,Delayed,TSK_345_99
PRJ_346,MLS_3451,Milestone Completion of Task 9,2023-01-31,2023-01-29,Pending,TSK_346_09
PRJ_346,MLS_3452,Milestone Completion of Task 19,2023-02-03,2023-01-30,Pending,TSK_346_19
PRJ_346,MLS_3453,Milestone Completion of Task 29,2023-02-06,2023-02-02,Pending,TSK_346_29
PRJ_346,MLS_3454,Milestone Completion of Task 39,2023-02-09,2023-02-05,Pending,TSK_346_39
PRJ_346,MLS_3455,Milestone Completion of Task 49,2023-02-12,2023-02-08,Pending,TSK_346_49
PRJ_346,MLS_3456,Milestone Completion of Task 59,2023-02-15,2023-02-22,Delayed,TSK_346_59
PRJ_346,MLS_3457,Milestone Completion of Task 69,2023-02-18,2023-02-14,Pending,TSK_346_69
PRJ_346,MLS_3458,Milestone Completion of Task 79,2023-02-21,2023-03-08,Delayed,TSK_346_79
PRJ_346,MLS_3459,Milestone Completion of Task 89,2023-02-24,2023-02-20,Pending,TSK_346_89
PRJ_346,MLS_3460,Milestone Completion of Task 99,2023-02-27,2023-02-23,Pending,TSK_346_99
PRJ_347,MLS_3461,Milestone Completion of Task 9,2023-02-01,2023-01-28,Pending,TSK_347_09
PRJ_347,MLS_3462,Milestone Completion of Task 19,2023-02-04,2023-01-31,Pending,TSK_347_19
PRJ_347,MLS_3463,Milestone Completion of Task 29,2023-02-07,2023-02-22,Delayed,TSK_347_29
PRJ_347,MLS_3464,Milestone Completion of Task 39,2023-02-10,2023-02-06,Pending,TSK_347_39
PRJ_347,MLS_3465,Milestone Completion of Task 49,2023-02-13,2023-02-09,Pending,TSK_347_49
PRJ_347,MLS_3466,Milestone Completion of Task 59,2023-02-16,2023-02-14,Pending,TSK_347_59
PRJ_347,MLS_3467,Milestone Completion of Task 69,2023-02-19,2023-02-19,Pending,TSK_347_69
PRJ_347,MLS_3468,Milestone Completion of Task 79,2023-02-22,2023-03-01,Delayed,TSK_347_79
PRJ_347,MLS_3469,Milestone Completion of Task 89,2023-02-25,2023-03-12,Delayed,TSK_347_89
PRJ_347,MLS_3470,Milestone Completion of Task 99,2023-02-28,2023-02-24,Pending,TSK_347_99
PRJ_348,MLS_3471,Milestone Completion of Task 9,2023-02-01,2023-02-16,Delayed,TSK_348_09
PRJ_348,MLS_3472,Milestone Completion of Task 19,2023-02-04,2023-01-31,Pending,TSK_348_19
PRJ_348,MLS_3473,Milestone Completion of Task 29,2023-02-07,2023-02-16,Delayed,TSK_348_29
PRJ_348,MLS_3474,Milestone Completion of Task 39,2023-02-10,2023-02-25,Delayed,TSK_348_39
PRJ_348,MLS_3475,Milestone Completion of Task 49,2023-02-13,2023-02-09,Pending,TSK_348_49
PRJ_348,MLS_3476,Milestone Completion of Task 59,2023-02-16,2023-02-12,Pending,TSK_348_59
PRJ_348,MLS_3477,Milestone Completion of Task 69,2023-02-19,2023-03-06,Delayed,TSK_348_69
PRJ_348,MLS_3478,Milestone Completion of Task 79,2023-02-22,2023-03-09,Delayed,TSK_348_79
PRJ_348,MLS_3479,Milestone Completion of Task 89,2023-02-25,2023-02-25,Pending,TSK_348_89
PRJ_348,MLS_3480,Milestone Completion of Task 99,2023-02-28,2023-03-15,Delayed,TSK_348_99
PRJ_349,MLS_3481,Milestone Completion of Task 9,2023-02-01,2023-02-16,Delayed,TSK_349_09
PRJ_349,MLS_3482,Milestone Completion of Task 19,2023-02-04,2023-02-04,Pending,TSK_349_19
PRJ_349,MLS_3483,Milestone Completion of Task 29,2023-02-07,2023-02-09,Delayed,TSK_349_29
PRJ_349,MLS_3484,Milestone Completion of Task 39,2023-02-10,2023-02-06,Pending,TSK_349_39
PRJ_349,MLS_3485,Milestone Completion of Task 49,2023-02-13,2023-02-28,Delayed,TSK_349_49
PRJ_349,MLS_3486,Milestone Completion of Task 59,2023-02-16,2023-02-18,Delayed,TSK_349_59
PRJ_349,MLS_3487,Milestone Completion of Task 69,2023-02-19,2023-03-06,Delayed,TSK_349_69
PRJ_349,MLS_3488,Milestone Completion of Task 79,2023-02-22,2023-03-09,Delayed,TSK_349_79
PRJ_349,MLS_3489,Milestone Completion of Task 89,2023-02-25,2023-03-04,Delayed,TSK_349_89
PRJ_349,MLS_3490,Milestone Completion of Task 99,2023-02-28,2023-03-07,Delayed,TSK_349_99
PRJ_350,MLS_3491,Milestone Completion of Task 9,2023-02-01,2023-02-16,Delayed,TSK_350_09
PRJ_350,MLS_3492,Milestone Completion of Task 19,2023-02-04,2023-01-31,Pending,TSK_350_19
PRJ_350,MLS_3493,Milestone Completion of Task 29,2023-02-07,2023-02-03,Pending,TSK_350_29
PRJ_350,MLS_3494,Milestone Completion of Task 39,2023-02-10,2023-02-06,Pending,TSK_350_39
PRJ_350,MLS_3495,Milestone Completion of Task 49,2023-02-13,2023-02-26,Delayed,TSK_350_49
PRJ_350,MLS_3496,Milestone Completion of Task 59,2023-02-16,2023-02-13,Pending,TSK_350_59
PRJ_350,MLS_3497,Milestone Completion of Task 69,2023-02-19,2023-02-16,Pending,TSK_350_69
PRJ_350,MLS_3498,Milestone Completion of Task 79,2023-02-22,2023-03-03,Delayed,TSK_350_79
PRJ_350,MLS_3499,Milestone Completion of Task 89,2023-02-25,2023-03-10,Delayed,TSK_350_89
PRJ_350,MLS_3500,Milestone Completion of Task 99,2023-02-28,2023-02-24,Pending,TSK_350_99
PRJ_351,MLS_3501,Milestone Completion of Task 9,2023-02-01,2023-02-16,Delayed,TSK_351_09
PRJ_351,MLS_3502,Milestone Completion of Task 19,2023-02-04,2023-02-19,Delayed,TSK_351_19
PRJ_351,MLS_3503,Milestone Completion of Task 29,2023-02-07,2023-02-03,Pending,TSK_351_29
PRJ_351,MLS_3504,Milestone Completion of Task 39,2023-02-10,2023-02-16,Delayed,TSK_351_39
PRJ_351,MLS_3505,Milestone Completion of Task 49,2023-02-13,2023-02-09,Pending,TSK_351_49
PRJ_351,MLS_3506,Milestone Completion of Task 59,2023-02-16,2023-02-12,Pending,TSK_351_59
PRJ_351,MLS_3507,Milestone Completion of Task 69,2023-02-19,2023-02-15,Pending,TSK_351_69
PRJ_351,MLS_3508,Milestone Completion of Task 79,2023-02-22,2023-03-09,Delayed,TSK_351_79
PRJ_351,MLS_3509,Milestone Completion of Task 89,2023-02-25,2023-03-12,Delayed,TSK_351_89
PRJ_351,MLS_3510,Milestone Completion of Task 99,2023-02-28,2023-03-06,Delayed,TSK_351_99
PRJ_352,MLS_3511,Milestone Completion of Task 9,2023-02-01,2023-02-11,Delayed,TSK_352_09
PRJ_352,MLS_3512,Milestone Completion of Task 19,2023-02-04,2023-02-19,Delayed,TSK_352_19
PRJ_352,MLS_3513,Milestone Completion of Task 29,2023-02-07,2023-02-17,Delayed,TSK_352_29
PRJ_352,MLS_3514,Milestone Completion of Task 39,2023-02-10,2023-02-08,Pending,TSK_352_39
PRJ_352,MLS_3515,Milestone Completion of Task 49,2023-02-13,2023-02-09,Pending,TSK_352_49
PRJ_352,MLS_3516,Milestone Completion of Task 59,2023-02-16,2023-02-16,Pending,TSK_352_59
PRJ_352,MLS_3517,Milestone Completion of Task 69,2023-02-19,2023-03-06,Delayed,TSK_352_69
PRJ_352,MLS_3518,Milestone Completion of Task 79,2023-02-22,2023-03-09,Delayed,TSK_352_79
PRJ_352,MLS_3519,Milestone Completion of Task 89,2023-02-25,2023-03-12,Delayed,TSK_352_89
PRJ_352,MLS_3520,Milestone Completion of Task 99,2023-02-28,2023-02-24,Pending,TSK_352_99
PRJ_353,MLS_3521,Milestone Completion of Task 9,2023-02-01,2023-02-16,Delayed,TSK_353_09
PRJ_353,MLS_3522,Milestone Completion of Task 19,2023-02-04,2023-02-19,Delayed,TSK_353_19
PRJ_353,MLS_3523,Milestone Completion of Task 29,2023-02-07,2023-02-07,Pending,TSK_353_29
PRJ_353,MLS_3524,Milestone Completion of Task 39,2023-02-10,2023-02-25,Delayed,TSK_353_39
PRJ_353,MLS_3525,Milestone Completion of Task 49,2023-02-13,2023-02-09,Pending,TSK_353_49
PRJ_353,MLS_3526,Milestone Completion of Task 59,2023-02-16,2023-03-03,Delayed,TSK_353_59
PRJ_353,MLS_3527,Milestone Completion of Task 69,2023-02-19,2023-03-06,Delayed,TSK_353_69
PRJ_353,MLS_3528,Milestone Completion of Task 79,2023-02-22,2023-03-09,Delayed,TSK_353_79
PRJ_353,MLS_3529,Milestone Completion of Task 89,2023-02-25,2023-02-21,Pending,TSK_353_89
PRJ_353,MLS_3530,Milestone Completion of Task 99,2023-02-28,2023-03-15,Delayed,TSK_353_99
PRJ_354,MLS_3531,Milestone Completion of Task 9,2023-02-01,2023-01-28,Pending,TSK_354_09
PRJ_354,MLS_3532,Milestone Completion of Task 19,2023-02-04,2023-02-11,Delayed,TSK_354_19
PRJ_354,MLS_3533,Milestone Completion of Task 29,2023-02-07,2023-02-07,Pending,TSK_354_29
PRJ_354,MLS_3534,Milestone Completion of Task 39,2023-02-10,2023-02-17,Delayed,TSK_354_39
PRJ_354,MLS_3535,Milestone Completion of Task 49,2023-02-13,2023-02-09,Pending,TSK_354_49
PRJ_354,MLS_3536,Milestone Completion of Task 59,2023-02-16,2023-02-12,Pending,TSK_354_59
PRJ_354,MLS_3537,Milestone Completion of Task 69,2023-02-19,2023-02-19,Pending,TSK_354_69
PRJ_354,MLS_3538,Milestone Completion of Task 79,2023-02-22,2023-02-18,Pending,TSK_354_79
PRJ_354,MLS_3539,Milestone Completion of Task 89,2023-02-25,2023-03-03,Delayed,TSK_354_89
PRJ_354,MLS_3540,Milestone Completion of Task 99,2023-02-28,2023-02-24,Pending,TSK_354_99
PRJ_355,MLS_3541,Milestone Completion of Task 9,2023-02-01,2023-01-28,Pending,TSK_355_09
PRJ_355,MLS_3542,Milestone Completion of Task 19,2023-02-04,2023-02-19,Delayed,TSK_355_19
PRJ_355,MLS_3543,Milestone Completion of Task 29,2023-02-07,2023-02-03,Pending,TSK_355_29
PRJ_355,MLS_3544,Milestone Completion of Task 39,2023-02-10,2023-02-25,Delayed,TSK_355_39
PRJ_355,MLS_3545,Milestone Completion of Task 49,2023-02-13,2023-02-13,Pending,TSK_355_49
PRJ_355,MLS_3546,Milestone Completion of Task 59,2023-02-16,2023-03-03,Delayed,TSK_355_59
PRJ_355,MLS_3547,Milestone Completion of Task 69,2023-02-19,2023-02-15,Pending,TSK_355_69
PRJ_355,MLS_3548,Milestone Completion of Task 79,2023-02-22,2023-03-09,Delayed,TSK_355_79
PRJ_355,MLS_3549,Milestone Completion of Task 89,2023-02-25,2023-03-12,Delayed,TSK_355_89
PRJ_355,MLS_3550,Milestone Completion of Task 99,2023-02-28,2023-02-28,Pending,TSK_355_99
PRJ_356,MLS_3551,Milestone Completion of Task 9,2023-02-01,2023-02-16,Delayed,TSK_356_09
PRJ_356,MLS_3552,Milestone Completion of Task 19,2023-02-04,2023-01-31,Pending,TSK_356_19
PRJ_356,MLS_3553,Milestone Completion of Task 29,2023-02-07,2023-02-03,Pending,TSK_356_29
PRJ_356,MLS_3554,Milestone Completion of Task 39,2023-02-10,2023-02-25,Delayed,TSK_356_39
PRJ_356,MLS_3555,Milestone Completion of Task 49,2023-02-13,2023-02-09,Pending,TSK_356_49
PRJ_356,MLS_3556,Milestone Completion of Task 59,2023-02-16,2023-02-12,Pending,TSK_356_59
PRJ_356,MLS_3557,Milestone Completion of Task 69,2023-02-19,2023-02-15,Pending,TSK_356_69
PRJ_356,MLS_3558,Milestone Completion of Task 79,2023-02-22,2023-02-18,Pending,TSK_356_79
PRJ_356,MLS_3559,Milestone Completion of Task 89,2023-02-25,2023-02-21,Pending,TSK_356_89
PRJ_356,MLS_3560,Milestone Completion of Task 99,2023-02-28,2023-03-15,Delayed,TSK_356_99
PRJ_357,MLS_3561,Milestone Completion of Task 9,2023-02-01,2023-02-01,Pending,TSK_357_09
PRJ_357,MLS_3562,Milestone Completion of Task 19,2023-02-04,2023-02-18,Delayed,TSK_357_19
PRJ_357,MLS_3563,Milestone Completion of Task 29,2023-02-07,2023-02-21,Delayed,TSK_357_29
PRJ_357,MLS_3564,Milestone Completion of Task 39,2023-02-10,2023-02-14,Delayed,TSK_357_39
PRJ_357,MLS_3565,Milestone Completion of Task 49,2023-02-13,2023-02-28,Delayed,TSK_357_49
PRJ_357,MLS_3566,Milestone Completion of Task 59,2023-02-16,2023-02-16,Pending,TSK_357_59
PRJ_357,MLS_3567,Milestone Completion of Task 69,2023-02-19,2023-02-15,Pending,TSK_357_69
PRJ_357,MLS_3568,Milestone Completion of Task 79,2023-02-22,2023-03-09,Delayed,TSK_357_79
PRJ_357,MLS_3569,Milestone Completion of Task 89,2023-02-25,2023-03-12,Delayed,TSK_357_89
PRJ_357,MLS_3570,Milestone Completion of Task 99,2023-02-28,2023-02-24,Pending,TSK_357_99
PRJ_358,MLS_3571,Milestone Completion of Task 9,2023-02-01,2023-02-16,Delayed,TSK_358_09
PRJ_358,MLS_3572,Milestone Completion of Task 19,2023-02-04,2023-01-31,Pending,TSK_358_19
PRJ_358,MLS_3573,Milestone Completion of Task 29,2023-02-07,2023-02-03,Pending,TSK_358_29
PRJ_358,MLS_3574,Milestone Completion of Task 39,2023-02-10,2023-02-06,Pending,TSK_358_39
PRJ_358,MLS_3575,Milestone Completion of Task 49,2023-02-13,2023-02-13,Pending,TSK_358_49
PRJ_358,MLS_3576,Milestone Completion of Task 59,2023-02-16,2023-02-18,Delayed,TSK_358_59
PRJ_358,MLS_3577,Milestone Completion of Task 69,2023-02-19,2023-02-24,Delayed,TSK_358_69
PRJ_358,MLS_3578,Milestone Completion of Task 79,2023-02-22,2023-02-18,Pending,TSK_358_79
PRJ_358,MLS_3579,Milestone Completion of Task 89,2023-02-25,2023-02-21,Pending,TSK_358_89
PRJ_358,MLS_3580,Milestone Completion of Task 99,2023-02-28,2023-02-28,Pending,TSK_358_99
PRJ_359,MLS_3581,Milestone Completion of Task 9,2023-02-01,2023-01-30,Pending,TSK_359_09
PRJ_359,MLS_3582,Milestone Completion of Task 19,2023-02-04,2023-02-11,Delayed,TSK_359_19
PRJ_359,MLS_3583,Milestone Completion of Task 29,2023-02-07,2023-02-22,Delayed,TSK_359_29
PRJ_359,MLS_3584,Milestone Completion of Task 39,2023-02-10,2023-02-25,Delayed,TSK_359_39
PRJ_359,MLS_3585,Milestone Completion of Task 49,2023-02-13,2023-02-09,Pending,TSK_359_49
PRJ_359,MLS_3586,Milestone Completion of Task 59,2023-02-16,2023-03-03,Delayed,TSK_359_59
PRJ_359,MLS_3587,Milestone Completion of Task 69,2023-02-19,2023-02-26,Delayed,TSK_359_69
PRJ_359,MLS_3588,Milestone Completion of Task 79,2023-02-22,2023-03-01,Delayed,TSK_359_79
PRJ_359,MLS_3589,Milestone Completion of Task 89,2023-02-25,2023-02-27,Delayed,TSK_359_89
PRJ_359,MLS_3590,Milestone Completion of Task 99,2023-02-28,2023-02-24,Pending,TSK_359_99
PRJ_360,MLS_3591,Milestone Completion of Task 9,2023-02-01,2023-01-28,Pending,TSK_360_09
PRJ_360,MLS_3592,Milestone Completion of Task 19,2023-02-04,2023-01-31,Pending,TSK_360_19
PRJ_360,MLS_3593,Milestone Completion of Task 29,2023-02-07,2023-02-07,Pending,TSK_360_29
PRJ_360,MLS_3594,Milestone Completion of Task 39,2023-02-10,2023-02-06,Pending,TSK_360_39
PRJ_360,MLS_3595,Milestone Completion of Task 49,2023-02-13,2023-02-23,Delayed,TSK_360_49
PRJ_360,MLS_3596,Milestone Completion of Task 59,2023-02-16,2023-02-14,Pending,TSK_360_59
PRJ_360,MLS_3597,Milestone Completion of Task 69,2023-02-19,2023-02-19,Pending,TSK_360_69
PRJ_360,MLS_3598,Milestone Completion of Task 79,2023-02-22,2023-03-09,Delayed,TSK_360_79
PRJ_360,MLS_3599,Milestone Completion of Task 89,2023-02-25,2023-03-12,Delayed,TSK_360_89
PRJ_360,MLS_3600,Milestone Completion of Task 99,2023-02-28,2023-02-24,Pending,TSK_360_99
PRJ_361,MLS_3601,Milestone Completion of Task 9,2023-02-02,2023-02-17,Delayed,TSK_361_09
PRJ_361,MLS_3602,Milestone Completion of Task 19,2023-02-05,2023-02-01,Pending,TSK_361_19
PRJ_361,MLS_3603,Milestone Completion of Task 29,2023-02-08,2023-02-08,Pending,TSK_361_29
PRJ_361,MLS_3604,Milestone Completion of Task 39,2023-02-11,2023-02-11,Pending,TSK_361_39
PRJ_361,MLS_3605,Milestone Completion of Task 49,2023-02-14,2023-03-01,Delayed,TSK_361_49
PRJ_361,MLS_3606,Milestone Completion of Task 59,2023-02-17,2023-02-13,Pending,TSK_361_59
PRJ_361,MLS_3607,Milestone Completion of Task 69,2023-02-20,2023-03-07,Delayed,TSK_361_69
PRJ_361,MLS_3608,Milestone Completion of Task 79,2023-02-23,2023-03-02,Delayed,TSK_361_79
PRJ_361,MLS_3609,Milestone Completion of Task 89,2023-02-26,2023-02-22,Pending,TSK_361_89
PRJ_361,MLS_3610,Milestone Completion of Task 99,2023-03-01,2023-03-16,Delayed,TSK_361_99
PRJ_362,MLS_3611,Milestone Completion of Task 9,2023-02-02,2023-02-08,Delayed,TSK_362_09
PRJ_362,MLS_3612,Milestone Completion of Task 19,2023-02-05,2023-02-08,Delayed,TSK_362_19
PRJ_362,MLS_3613,Milestone Completion of Task 29,2023-02-08,2023-02-07,Pending,TSK_362_29
PRJ_362,MLS_3614,Milestone Completion of Task 39,2023-02-11,2023-02-08,Pending,TSK_362_39
PRJ_362,MLS_3615,Milestone Completion of Task 49,2023-02-14,2023-02-10,Pending,TSK_362_49
PRJ_362,MLS_3616,Milestone Completion of Task 59,2023-02-17,2023-02-18,Delayed,TSK_362_59
PRJ_362,MLS_3617,Milestone Completion of Task 69,2023-02-20,2023-02-16,Pending,TSK_362_69
PRJ_362,MLS_3618,Milestone Completion of Task 79,2023-02-23,2023-03-03,Delayed,TSK_362_79
PRJ_362,MLS_3619,Milestone Completion of Task 89,2023-02-26,2023-02-22,Pending,TSK_362_89
PRJ_362,MLS_3620,Milestone Completion of Task 99,2023-03-01,2023-02-25,Pending,TSK_362_99
PRJ_363,MLS_3621,Milestone Completion of Task 9,2023-02-02,2023-02-02,Pending,TSK_363_09
PRJ_363,MLS_3622,Milestone Completion of Task 19,2023-02-05,2023-02-20,Delayed,TSK_363_19
PRJ_363,MLS_3623,Milestone Completion of Task 29,2023-02-08,2023-02-08,Pending,TSK_363_29
PRJ_363,MLS_3624,Milestone Completion of Task 39,2023-02-11,2023-02-26,Delayed,TSK_363_39
PRJ_363,MLS_3625,Milestone Completion of Task 49,2023-02-14,2023-02-14,Pending,TSK_363_49
PRJ_363,MLS_3626,Milestone Completion of Task 59,2023-02-17,2023-02-13,Pending,TSK_363_59
PRJ_363,MLS_3627,Milestone Completion of Task 69,2023-02-20,2023-02-16,Pending,TSK_363_69
PRJ_363,MLS_3628,Milestone Completion of Task 79,2023-02-23,2023-02-19,Pending,TSK_363_79
PRJ_363,MLS_3629,Milestone Completion of Task 89,2023-02-26,2023-02-22,Pending,TSK_363_89
PRJ_363,MLS_3630,Milestone Completion of Task 99,2023-03-01,2023-03-01,Pending,TSK_363_99
PRJ_364,MLS_3631,Milestone Completion of Task 9,2023-02-02,2023-01-29,Pending,TSK_364_09
PRJ_364,MLS_3632,Milestone Completion of Task 19,2023-02-05,2023-02-03,Pending,TSK_364_19
PRJ_364,MLS_3633,Milestone Completion of Task 29,2023-02-08,2023-02-23,Delayed,TSK_364_29
PRJ_364,MLS_3634,Milestone Completion of Task 39,2023-02-11,2023-02-07,Pending,TSK_364_39
PRJ_364,MLS_3635,Milestone Completion of Task 49,2023-02-14,2023-02-10,Pending,TSK_364_49
PRJ_364,MLS_3636,Milestone Completion of Task 59,2023-02-17,2023-02-19,Delayed,TSK_364_59
PRJ_364,MLS_3637,Milestone Completion of Task 69,2023-02-20,2023-02-18,Pending,TSK_364_69
PRJ_364,MLS_3638,Milestone Completion of Task 79,2023-02-23,2023-02-23,Pending,TSK_364_79
PRJ_364,MLS_3639,Milestone Completion of Task 89,2023-02-26,2023-03-11,Delayed,TSK_364_89
PRJ_364,MLS_3640,Milestone Completion of Task 99,2023-03-01,2023-02-25,Pending,TSK_364_99
PRJ_365,MLS_3641,Milestone Completion of Task 9,2023-02-02,2023-02-02,Pending,TSK_365_09
PRJ_365,MLS_3642,Milestone Completion of Task 19,2023-02-05,2023-02-20,Delayed,TSK_365_19
PRJ_365,MLS_3643,Milestone Completion of Task 29,2023-02-08,2023-02-04,Pending,TSK_365_29
PRJ_365,MLS_3644,Milestone Completion of Task 39,2023-02-11,2023-02-15,Delayed,TSK_365_39
PRJ_365,MLS_3645,Milestone Completion of Task 49,2023-02-14,2023-02-10,Pending,TSK_365_49
PRJ_365,MLS_3646,Milestone Completion of Task 59,2023-02-17,2023-02-25,Delayed,TSK_365_59
PRJ_365,MLS_3647,Milestone Completion of Task 69,2023-02-20,2023-02-28,Delayed,TSK_365_69
PRJ_365,MLS_3648,Milestone Completion of Task 79,2023-02-23,2023-03-10,Delayed,TSK_365_79
PRJ_365,MLS_3649,Milestone Completion of Task 89,2023-02-26,2023-03-13,Delayed,TSK_365_89
PRJ_365,MLS_3650,Milestone Completion of Task 99,2023-03-01,2023-03-16,Delayed,TSK_365_99
PRJ_366,MLS_3651,Milestone Completion of Task 9,2023-02-02,2023-01-29,Pending,TSK_366_09
PRJ_366,MLS_3652,Milestone Completion of Task 19,2023-02-05,2023-02-10,Delayed,TSK_366_19
PRJ_366,MLS_3653,Milestone Completion of Task 29,2023-02-08,2023-02-04,Pending,TSK_366_29
PRJ_366,MLS_3654,Milestone Completion of Task 39,2023-02-11,2023-02-16,Delayed,TSK_366_39
PRJ_366,MLS_3655,Milestone Completion of Task 49,2023-02-14,2023-03-01,Delayed,TSK_366_49
PRJ_366,MLS_3656,Milestone Completion of Task 59,2023-02-17,2023-02-17,Pending,TSK_366_59
PRJ_366,MLS_3657,Milestone Completion of Task 69,2023-02-20,2023-03-07,Delayed,TSK_366_69
PRJ_366,MLS_3658,Milestone Completion of Task 79,2023-02-23,2023-02-28,Delayed,TSK_366_79
PRJ_366,MLS_3659,Milestone Completion of Task 89,2023-02-26,2023-03-13,Delayed,TSK_366_89
PRJ_366,MLS_3660,Milestone Completion of Task 99,2023-03-01,2023-02-25,Pending,TSK_366_99
PRJ_367,MLS_3661,Milestone Completion of Task 9,2023-02-02,2023-02-12,Delayed,TSK_367_09
PRJ_367,MLS_3662,Milestone Completion of Task 19,2023-02-05,2023-02-01,Pending,TSK_367_19
PRJ_367,MLS_3663,Milestone Completion of Task 29,2023-02-08,2023-02-08,Pending,TSK_367_29
PRJ_367,MLS_3664,Milestone Completion of Task 39,2023-02-11,2023-02-07,Pending,TSK_367_39
PRJ_367,MLS_3665,Milestone Completion of Task 49,2023-02-14,2023-02-10,Pending,TSK_367_49
PRJ_367,MLS_3666,Milestone Completion of Task 59,2023-02-17,2023-02-19,Delayed,TSK_367_59
PRJ_367,MLS_3667,Milestone Completion of Task 69,2023-02-20,2023-03-07,Delayed,TSK_367_69
PRJ_367,MLS_3668,Milestone Completion of Task 79,2023-02-23,2023-02-19,Pending,TSK_367_79
PRJ_367,MLS_3669,Milestone Completion of Task 89,2023-02-26,2023-02-22,Pending,TSK_367_89
PRJ_367,MLS_3670,Milestone Completion of Task 99,2023-03-01,2023-02-25,Pending,TSK_367_99
PRJ_368,MLS_3671,Milestone Completion of Task 9,2023-02-02,2023-01-29,Pending,TSK_368_09
PRJ_368,MLS_3672,Milestone Completion of Task 19,2023-02-05,2023-02-01,Pending,TSK_368_19
PRJ_368,MLS_3673,Milestone Completion of Task 29,2023-02-08,2023-02-18,Delayed,TSK_368_29
PRJ_368,MLS_3674,Milestone Completion of Task 39,2023-02-11,2023-02-23,Delayed,TSK_368_39
PRJ_368,MLS_3675,Milestone Completion of Task 49,2023-02-14,2023-02-21,Delayed,TSK_368_49
PRJ_368,MLS_3676,Milestone Completion of Task 59,2023-02-17,2023-02-27,Delayed,TSK_368_59
PRJ_368,MLS_3677,Milestone Completion of Task 69,2023-02-20,2023-03-07,Delayed,TSK_368_69
PRJ_368,MLS_3678,Milestone Completion of Task 79,2023-02-23,2023-02-23,Pending,TSK_368_79
PRJ_368,MLS_3679,Milestone Completion of Task 89,2023-02-26,2023-02-22,Pending,TSK_368_89
PRJ_368,MLS_3680,Milestone Completion of Task 99,2023-03-01,2023-03-16,Delayed,TSK_368_99
PRJ_369,MLS_3681,Milestone Completion of Task 9,2023-02-02,2023-02-17,Delayed,TSK_369_09
PRJ_369,MLS_3682,Milestone Completion of Task 19,2023-02-05,2023-02-01,Pending,TSK_369_19
PRJ_369,MLS_3683,Milestone Completion of Task 29,2023-02-08,2023-02-04,Pending,TSK_369_29
PRJ_369,MLS_3684,Milestone Completion of Task 39,2023-02-11,2023-02-25,Delayed,TSK_369_39
PRJ_369,MLS_3685,Milestone Completion of Task 49,2023-02-14,2023-02-14,Pending,TSK_369_49
PRJ_369,MLS_3686,Milestone Completion of Task 59,2023-02-17,2023-03-04,Delayed,TSK_369_59
PRJ_369,MLS_3687,Milestone Completion of Task 69,2023-02-20,2023-02-16,Pending,TSK_369_69
PRJ_369,MLS_3688,Milestone Completion of Task 79,2023-02-23,2023-03-10,Delayed,TSK_369_79
PRJ_369,MLS_3689,Milestone Completion of Task 89,2023-02-26,2023-03-13,Delayed,TSK_369_89
PRJ_369,MLS_3690,Milestone Completion of Task 99,2023-03-01,2023-03-10,Delayed,TSK_369_99
PRJ_370,MLS_3691,Milestone Completion of Task 9,2023-02-02,2023-02-17,Delayed,TSK_370_09
PRJ_370,MLS_3692,Milestone Completion of Task 19,2023-02-05,2023-02-07,Delayed,TSK_370_19
PRJ_370,MLS_3693,Milestone Completion of Task 29,2023-02-08,2023-02-04,Pending,TSK_370_29
PRJ_370,MLS_3694,Milestone Completion of Task 39,2023-02-11,2023-02-26,Delayed,TSK_370_39
PRJ_370,MLS_3695,Milestone Completion of Task 49,2023-02-14,2023-02-10,Pending,TSK_370_49
PRJ_370,MLS_3696,Milestone Completion of Task 59,2023-02-17,2023-03-04,Delayed,TSK_370_59
PRJ_370,MLS_3697,Milestone Completion of Task 69,2023-02-20,2023-03-07,Delayed,TSK_370_69
PRJ_370,MLS_3698,Milestone Completion of Task 79,2023-02-23,2023-02-19,Pending,TSK_370_79
PRJ_370,MLS_3699,Milestone Completion of Task 89,2023-02-26,2023-03-13,Delayed,TSK_370_89
PRJ_370,MLS_3700,Milestone Completion of Task 99,2023-03-01,2023-03-14,Delayed,TSK_370_99
PRJ_371,MLS_3701,Milestone Completion of Task 9,2023-02-02,2023-01-29,Pending,TSK_371_09
PRJ_371,MLS_3702,Milestone Completion of Task 19,2023-02-05,2023-02-01,Pending,TSK_371_19
PRJ_371,MLS_3703,Milestone Completion of Task 29,2023-02-08,2023-02-17,Delayed,TSK_371_29
PRJ_371,MLS_3704,Milestone Completion of Task 39,2023-02-11,2023-02-26,Delayed,TSK_371_39
PRJ_371,MLS_3705,Milestone Completion of Task 49,2023-02-14,2023-02-10,Pending,TSK_371_49
PRJ_371,MLS_3706,Milestone Completion of Task 59,2023-02-17,2023-03-04,Delayed,TSK_371_59
PRJ_371,MLS_3707,Milestone Completion of Task 69,2023-02-20,2023-02-16,Pending,TSK_371_69
PRJ_371,MLS_3708,Milestone Completion of Task 79,2023-02-23,2023-02-19,Pending,TSK_371_79
PRJ_371,MLS_3709,Milestone Completion of Task 89,2023-02-26,2023-03-13,Delayed,TSK_371_89
PRJ_371,MLS_3710,Milestone Completion of Task 99,2023-03-01,2023-03-16,Delayed,TSK_371_99
PRJ_372,MLS_3711,Milestone Completion of Task 9,2023-02-02,2023-02-17,Delayed,TSK_372_09
PRJ_372,MLS_3712,Milestone Completion of Task 19,2023-02-05,2023-02-20,Delayed,TSK_372_19
PRJ_372,MLS_3713,Milestone Completion of Task 29,2023-02-08,2023-02-17,Delayed,TSK_372_29
PRJ_372,MLS_3714,Milestone Completion of Task 39,2023-02-11,2023-02-07,Pending,TSK_372_39
PRJ_372,MLS_3715,Milestone Completion of Task 49,2023-02-14,2023-02-10,Pending,TSK_372_49
PRJ_372,MLS_3716,Milestone Completion of Task 59,2023-02-17,2023-03-04,Delayed,TSK_372_59
PRJ_372,MLS_3717,Milestone Completion of Task 69,2023-02-20,2023-03-07,Delayed,TSK_372_69
PRJ_372,MLS_3718,Milestone Completion of Task 79,2023-02-23,2023-02-19,Pending,TSK_372_79
PRJ_372,MLS_3719,Milestone Completion of Task 89,2023-02-26,2023-03-13,Delayed,TSK_372_89
PRJ_372,MLS_3720,Milestone Completion of Task 99,2023-03-01,2023-02-25,Pending,TSK_372_99
PRJ_373,MLS_3721,Milestone Completion of Task 9,2023-02-02,2023-01-29,Pending,TSK_373_09
PRJ_373,MLS_3722,Milestone Completion of Task 19,2023-02-05,2023-02-01,Pending,TSK_373_19
PRJ_373,MLS_3723,Milestone Completion of Task 29,2023-02-08,2023-02-23,Delayed,TSK_373_29
PRJ_373,MLS_3724,Milestone Completion of Task 39,2023-02-11,2023-02-07,Pending,TSK_373_39
PRJ_373,MLS_3725,Milestone Completion of Task 49,2023-02-14,2023-02-10,Pending,TSK_373_49
PRJ_373,MLS_3726,Milestone Completion of Task 59,2023-02-17,2023-02-13,Pending,TSK_373_59
PRJ_373,MLS_3727,Milestone Completion of Task 69,2023-02-20,2023-02-16,Pending,TSK_373_69
PRJ_373,MLS_3728,Milestone Completion of Task 79,2023-02-23,2023-02-23,Pending,TSK_373_79
PRJ_373,MLS_3729,Milestone Completion of Task 89,2023-02-26,2023-02-22,Pending,TSK_373_89
PRJ_373,MLS_3730,Milestone Completion of Task 99,2023-03-01,2023-02-25,Pending,TSK_373_99
PRJ_374,MLS_3731,Milestone Completion of Task 9,2023-02-02,2023-02-09,Delayed,TSK_374_09
PRJ_374,MLS_3732,Milestone Completion of Task 19,2023-02-05,2023-02-17,Delayed,TSK_374_19
PRJ_374,MLS_3733,Milestone Completion of Task 29,2023-02-08,2023-02-06,Pending,TSK_374_29
PRJ_374,MLS_3734,Milestone Completion of Task 39,2023-02-11,2023-02-16,Delayed,TSK_374_39
PRJ_374,MLS_3735,Milestone Completion of Task 49,2023-02-14,2023-02-14,Pending,TSK_374_49
PRJ_374,MLS_3736,Milestone Completion of Task 59,2023-02-17,2023-02-13,Pending,TSK_374_59
PRJ_374,MLS_3737,Milestone Completion of Task 69,2023-02-20,2023-03-07,Delayed,TSK_374_69
PRJ_374,MLS_3738,Milestone Completion of Task 79,2023-02-23,2023-02-19,Pending,TSK_374_79
PRJ_374,MLS_3739,Milestone Completion of Task 89,2023-02-26,2023-03-03,Delayed,TSK_374_89
PRJ_374,MLS_3740,Milestone Completion of Task 99,2023-03-01,2023-03-11,Delayed,TSK_374_99
PRJ_375,MLS_3741,Milestone Completion of Task 9,2023-02-02,2023-02-02,Pending,TSK_375_09
PRJ_375,MLS_3742,Milestone Completion of Task 19,2023-02-05,2023-02-01,Pending,TSK_375_19
PRJ_375,MLS_3743,Milestone Completion of Task 29,2023-02-08,2023-02-08,Pending,TSK_375_29
PRJ_375,MLS_3744,Milestone Completion of Task 39,2023-02-11,2023-02-11,Pending,TSK_375_39
PRJ_375,MLS_3745,Milestone Completion of Task 49,2023-02-14,2023-02-10,Pending,TSK_375_49
PRJ_375,MLS_3746,Milestone Completion of Task 59,2023-02-17,2023-02-19,Delayed,TSK_375_59
PRJ_375,MLS_3747,Milestone Completion of Task 69,2023-02-20,2023-03-07,Delayed,TSK_375_69
PRJ_375,MLS_3748,Milestone Completion of Task 79,2023-02-23,2023-02-19,Pending,TSK_375_79
PRJ_375,MLS_3749,Milestone Completion of Task 89,2023-02-26,2023-02-26,Pending,TSK_375_89
PRJ_375,MLS_3750,Milestone Completion of Task 99,2023-03-01,2023-02-25,Pending,TSK_375_99
PRJ_376,MLS_3751,Milestone Completion of Task 9,2023-02-03,2023-02-02,Pending,TSK_376_09
PRJ_376,MLS_3752,Milestone Completion of Task 19,2023-02-06,2023-02-09,Delayed,TSK_376_19
PRJ_376,MLS_3753,Milestone Completion of Task 29,2023-02-09,2023-02-10,Delayed,TSK_376_29
PRJ_376,MLS_3754,Milestone Completion of Task 39,2023-02-12,2023-02-11,Pending,TSK_376_39
PRJ_376,MLS_3755,Milestone Completion of Task 49,2023-02-15,2023-02-26,Delayed,TSK_376_49
PRJ_376,MLS_3756,Milestone Completion of Task 59,2023-02-18,2023-03-05,Delayed,TSK_376_59
PRJ_376,MLS_3757,Milestone Completion of Task 69,2023-02-21,2023-02-21,Pending,TSK_376_69
PRJ_376,MLS_3758,Milestone Completion of Task 79,2023-02-24,2023-02-23,Pending,TSK_376_79
PRJ_376,MLS_3759,Milestone Completion of Task 89,2023-02-27,2023-02-27,Pending,TSK_376_89
PRJ_376,MLS_3760,Milestone Completion of Task 99,2023-03-02,2023-02-26,Pending,TSK_376_99
PRJ_377,MLS_3761,Milestone Completion of Task 9,2023-02-03,2023-01-30,Pending,TSK_377_09
PRJ_377,MLS_3762,Milestone Completion of Task 19,2023-02-06,2023-02-06,Pending,TSK_377_19
PRJ_377,MLS_3763,Milestone Completion of Task 29,2023-02-09,2023-02-24,Delayed,TSK_377_29
PRJ_377,MLS_3764,Milestone Completion of Task 39,2023-02-12,2023-02-24,Delayed,TSK_377_39
PRJ_377,MLS_3765,Milestone Completion of Task 49,2023-02-15,2023-02-11,Pending,TSK_377_49
PRJ_377,MLS_3766,Milestone Completion of Task 59,2023-02-18,2023-02-22,Delayed,TSK_377_59
PRJ_377,MLS_3767,Milestone Completion of Task 69,2023-02-21,2023-02-17,Pending,TSK_377_69
PRJ_377,MLS_3768,Milestone Completion of Task 79,2023-02-24,2023-03-11,Delayed,TSK_377_79
PRJ_377,MLS_3769,Milestone Completion of Task 89,2023-02-27,2023-02-23,Pending,TSK_377_89
PRJ_377,MLS_3770,Milestone Completion of Task 99,2023-03-02,2023-02-26,Pending,TSK_377_99
PRJ_378,MLS_3771,Milestone Completion of Task 9,2023-02-03,2023-02-18,Delayed,TSK_378_09
PRJ_378,MLS_3772,Milestone Completion of Task 19,2023-02-06,2023-02-21,Delayed,TSK_378_19
PRJ_378,MLS_3773,Milestone Completion of Task 29,2023-02-09,2023-02-05,Pending,TSK_378_29
PRJ_378,MLS_3774,Milestone Completion of Task 39,2023-02-12,2023-02-27,Delayed,TSK_378_39
PRJ_378,MLS_3775,Milestone Completion of Task 49,2023-02-15,2023-02-11,Pending,TSK_378_49
PRJ_378,MLS_3776,Milestone Completion of Task 59,2023-02-18,2023-02-14,Pending,TSK_378_59
PRJ_378,MLS_3777,Milestone Completion of Task 69,2023-02-21,2023-02-17,Pending,TSK_378_69
PRJ_378,MLS_3778,Milestone Completion of Task 79,2023-02-24,2023-02-20,Pending,TSK_378_79
PRJ_378,MLS_3779,Milestone Completion of Task 89,2023-02-27,2023-02-23,Pending,TSK_378_89
PRJ_378,MLS_3780,Milestone Completion of Task 99,2023-03-02,2023-02-26,Pending,TSK_378_99
PRJ_379,MLS_3781,Milestone Completion of Task 9,2023-02-03,2023-02-17,Delayed,TSK_379_09
PRJ_379,MLS_3782,Milestone Completion of Task 19,2023-02-06,2023-02-20,Delayed,TSK_379_19
PRJ_379,MLS_3783,Milestone Completion of Task 29,2023-02-09,2023-02-05,Pending,TSK_379_29
PRJ_379,MLS_3784,Milestone Completion of Task 39,2023-02-12,2023-02-27,Delayed,TSK_379_39
PRJ_379,MLS_3785,Milestone Completion of Task 49,2023-02-15,2023-02-15,Pending,TSK_379_49
PRJ_379,MLS_3786,Milestone Completion of Task 59,2023-02-18,2023-02-14,Pending,TSK_379_59
PRJ_379,MLS_3787,Milestone Completion of Task 69,2023-02-21,2023-03-08,Delayed,TSK_379_69
PRJ_379,MLS_3788,Milestone Completion of Task 79,2023-02-24,2023-02-20,Pending,TSK_379_79
PRJ_379,MLS_3789,Milestone Completion of Task 89,2023-02-27,2023-03-14,Delayed,TSK_379_89
PRJ_379,MLS_3790,Milestone Completion of Task 99,2023-03-02,2023-02-26,Pending,TSK_379_99
PRJ_380,MLS_3791,Milestone Completion of Task 9,2023-02-03,2023-01-30,Pending,TSK_380_09
PRJ_380,MLS_3792,Milestone Completion of Task 19,2023-02-06,2023-02-18,Delayed,TSK_380_19
PRJ_380,MLS_3793,Milestone Completion of Task 29,2023-02-09,2023-02-09,Pending,TSK_380_29
PRJ_380,MLS_3794,Milestone Completion of Task 39,2023-02-12,2023-02-24,Delayed,TSK_380_39
PRJ_380,MLS_3795,Milestone Completion of Task 49,2023-02-15,2023-02-13,Pending,TSK_380_49
PRJ_380,MLS_3796,Milestone Completion of Task 59,2023-02-18,2023-02-16,Pending,TSK_380_59
PRJ_380,MLS_3797,Milestone Completion of Task 69,2023-02-21,2023-03-08,Delayed,TSK_380_69
PRJ_380,MLS_3798,Milestone Completion of Task 79,2023-02-24,2023-02-20,Pending,TSK_380_79
PRJ_380,MLS_3799,Milestone Completion of Task 89,2023-02-27,2023-02-27,Pending,TSK_380_89
PRJ_380,MLS_3800,Milestone Completion of Task 99,2023-03-02,2023-03-04,Delayed,TSK_380_99
PRJ_381,MLS_3801,Milestone Completion of Task 9,2023-02-03,2023-02-07,Delayed,TSK_381_09
PRJ_381,MLS_3802,Milestone Completion of Task 19,2023-02-06,2023-02-06,Pending,TSK_381_19
PRJ_381,MLS_3803,Milestone Completion of Task 29,2023-02-09,2023-02-14,Delayed,TSK_381_29
PRJ_381,MLS_3804,Milestone Completion of Task 39,2023-02-12,2023-02-08,Pending,TSK_381_39
PRJ_381,MLS_3805,Milestone Completion of Task 49,2023-02-15,2023-02-14,Pending,TSK_381_49
PRJ_381,MLS_3806,Milestone Completion of Task 59,2023-02-18,2023-02-16,Pending,TSK_381_59
PRJ_381,MLS_3807,Milestone Completion of Task 69,2023-02-21,2023-02-21,Pending,TSK_381_69
PRJ_381,MLS_3808,Milestone Completion of Task 79,2023-02-24,2023-02-20,Pending,TSK_381_79
PRJ_381,MLS_3809,Milestone Completion of Task 89,2023-02-27,2023-03-10,Delayed,TSK_381_89
PRJ_381,MLS_3810,Milestone Completion of Task 99,2023-03-02,2023-02-26,Pending,TSK_381_99
PRJ_382,MLS_3811,Milestone Completion of Task 9,2023-02-03,2023-02-01,Pending,TSK_382_09
PRJ_382,MLS_3812,Milestone Completion of Task 19,2023-02-06,2023-02-21,Delayed,TSK_382_19
PRJ_382,MLS_3813,Milestone Completion of Task 29,2023-02-09,2023-02-24,Delayed,TSK_382_29
PRJ_382,MLS_3814,Milestone Completion of Task 39,2023-02-12,2023-02-22,Delayed,TSK_382_39
PRJ_382,MLS_3815,Milestone Completion of Task 49,2023-02-15,2023-02-11,Pending,TSK_382_49
PRJ_382,MLS_3816,Milestone Completion of Task 59,2023-02-18,2023-02-14,Pending,TSK_382_59
PRJ_382,MLS_3817,Milestone Completion of Task 69,2023-02-21,2023-02-17,Pending,TSK_382_69
PRJ_382,MLS_3818,Milestone Completion of Task 79,2023-02-24,2023-03-11,Delayed,TSK_382_79
PRJ_382,MLS_3819,Milestone Completion of Task 89,2023-02-27,2023-02-23,Pending,TSK_382_89
PRJ_382,MLS_3820,Milestone Completion of Task 99,2023-03-02,2023-02-26,Pending,TSK_382_99
PRJ_383,MLS_3821,Milestone Completion of Task 9,2023-02-03,2023-02-18,Delayed,TSK_383_09
PRJ_383,MLS_3822,Milestone Completion of Task 19,2023-02-06,2023-02-21,Delayed,TSK_383_19
PRJ_383,MLS_3823,Milestone Completion of Task 29,2023-02-09,2023-02-24,Delayed,TSK_383_29
PRJ_383,MLS_3824,Milestone Completion of Task 39,2023-02-12,2023-02-08,Pending,TSK_383_39
PRJ_383,MLS_3825,Milestone Completion of Task 49,2023-02-15,2023-02-11,Pending,TSK_383_49
PRJ_383,MLS_3826,Milestone Completion of Task 59,2023-02-18,2023-03-05,Delayed,TSK_383_59
PRJ_383,MLS_3827,Milestone Completion of Task 69,2023-02-21,2023-03-08,Delayed,TSK_383_69
PRJ_383,MLS_3828,Milestone Completion of Task 79,2023-02-24,2023-03-11,Delayed,TSK_383_79
PRJ_383,MLS_3829,Milestone Completion of Task 89,2023-02-27,2023-03-14,Delayed,TSK_383_89
PRJ_383,MLS_3830,Milestone Completion of Task 99,2023-03-02,2023-03-17,Delayed,TSK_383_99
PRJ_384,MLS_3831,Milestone Completion of Task 9,2023-02-03,2023-02-15,Delayed,TSK_384_09
PRJ_384,MLS_3832,Milestone Completion of Task 19,2023-02-06,2023-02-02,Pending,TSK_384_19
PRJ_384,MLS_3833,Milestone Completion of Task 29,2023-02-09,2023-02-05,Pending,TSK_384_29
PRJ_384,MLS_3834,Milestone Completion of Task 39,2023-02-12,2023-02-10,Pending,TSK_384_39
PRJ_384,MLS_3835,Milestone Completion of Task 49,2023-02-15,2023-02-11,Pending,TSK_384_49
PRJ_384,MLS_3836,Milestone Completion of Task 59,2023-02-18,2023-03-05,Delayed,TSK_384_59
PRJ_384,MLS_3837,Milestone Completion of Task 69,2023-02-21,2023-03-08,Delayed,TSK_384_69
PRJ_384,MLS_3838,Milestone Completion of Task 79,2023-02-24,2023-03-11,Delayed,TSK_384_79
PRJ_384,MLS_3839,Milestone Completion of Task 89,2023-02-27,2023-03-04,Delayed,TSK_384_89
PRJ_384,MLS_3840,Milestone Completion of Task 99,2023-03-02,2023-03-17,Delayed,TSK_384_99
PRJ_385,MLS_3841,Milestone Completion of Task 9,2023-02-03,2023-02-18,Delayed,TSK_385_09
PRJ_385,MLS_3842,Milestone Completion of Task 19,2023-02-06,2023-02-02,Pending,TSK_385_19
PRJ_385,MLS_3843,Milestone Completion of Task 29,2023-02-09,2023-02-05,Pending,TSK_385_29
PRJ_385,MLS_3844,Milestone Completion of Task 39,2023-02-12,2023-02-27,Delayed,TSK_385_39
PRJ_385,MLS_3845,Milestone Completion of Task 49,2023-02-15,2023-03-02,Delayed,TSK_385_49
PRJ_385,MLS_3846,Milestone Completion of Task 59,2023-02-18,2023-03-05,Delayed,TSK_385_59
PRJ_385,MLS_3847,Milestone Completion of Task 69,2023-02-21,2023-02-21,Pending,TSK_385_69
PRJ_385,MLS_3848,Milestone Completion of Task 79,2023-02-24,2023-02-20,Pending,TSK_385_79
PRJ_385,MLS_3849,Milestone Completion of Task 89,2023-02-27,2023-02-23,Pending,TSK_385_89
PRJ_385,MLS_3850,Milestone Completion of Task 99,2023-03-02,2023-03-17,Delayed,TSK_385_99
PRJ_386,MLS_3851,Milestone Completion of Task 9,2023-02-03,2023-01-30,Pending,TSK_386_09
PRJ_386,MLS_3852,Milestone Completion of Task 19,2023-02-06,2023-02-02,Pending,TSK_386_19
PRJ_386,MLS_3853,Milestone Completion of Task 29,2023-02-09,2023-02-05,Pending,TSK_386_29
PRJ_386,MLS_3854,Milestone Completion of Task 39,2023-02-12,2023-02-23,Delayed,TSK_386_39
PRJ_386,MLS_3855,Milestone Completion of Task 49,2023-02-15,2023-03-02,Delayed,TSK_386_49
PRJ_386,MLS_3856,Milestone Completion of Task 59,2023-02-18,2023-03-05,Delayed,TSK_386_59
PRJ_386,MLS_3857,Milestone Completion of Task 69,2023-02-21,2023-02-17,Pending,TSK_386_69
PRJ_386,MLS_3858,Milestone Completion of Task 79,2023-02-24,2023-02-20,Pending,TSK_386_79
PRJ_386,MLS_3859,Milestone Completion of Task 89,2023-02-27,2023-03-14,Delayed,TSK_386_89
PRJ_386,MLS_3860,Milestone Completion of Task 99,2023-03-02,2023-03-07,Delayed,TSK_386_99
PRJ_387,MLS_3861,Milestone Completion of Task 9,2023-02-03,2023-01-30,Pending,TSK_387_09
PRJ_387,MLS_3862,Milestone Completion of Task 19,2023-02-06,2023-02-08,Delayed,TSK_387_19
PRJ_387,MLS_3863,Milestone Completion of Task 29,2023-02-09,2023-02-05,Pending,TSK_387_29
PRJ_387,MLS_3864,Milestone Completion of Task 39,2023-02-12,2023-02-08,Pending,TSK_387_39
PRJ_387,MLS_3865,Milestone Completion of Task 49,2023-02-15,2023-02-11,Pending,TSK_387_49
PRJ_387,MLS_3866,Milestone Completion of Task 59,2023-02-18,2023-02-25,Delayed,TSK_387_59
PRJ_387,MLS_3867,Milestone Completion of Task 69,2023-02-21,2023-03-08,Delayed,TSK_387_69
PRJ_387,MLS_3868,Milestone Completion of Task 79,2023-02-24,2023-02-20,Pending,TSK_387_79
PRJ_387,MLS_3869,Milestone Completion of Task 89,2023-02-27,2023-03-06,Delayed,TSK_387_89
PRJ_387,MLS_3870,Milestone Completion of Task 99,2023-03-02,2023-02-26,Pending,TSK_387_99
PRJ_388,MLS_3871,Milestone Completion of Task 9,2023-02-03,2023-01-30,Pending,TSK_388_09
PRJ_388,MLS_3872,Milestone Completion of Task 19,2023-02-06,2023-02-02,Pending,TSK_388_19
PRJ_388,MLS_3873,Milestone Completion of Task 29,2023-02-09,2023-02-24,Delayed,TSK_388_29
PRJ_388,MLS_3874,Milestone Completion of Task 39,2023-02-12,2023-02-27,Delayed,TSK_388_39
PRJ_388,MLS_3875,Milestone Completion of Task 49,2023-02-15,2023-02-15,Pending,TSK_388_49
PRJ_388,MLS_3876,Milestone Completion of Task 59,2023-02-18,2023-02-14,Pending,TSK_388_59
PRJ_388,MLS_3877,Milestone Completion of Task 69,2023-02-21,2023-02-21,Pending,TSK_388_69
PRJ_388,MLS_3878,Milestone Completion of Task 79,2023-02-24,2023-03-09,Delayed,TSK_388_79
PRJ_388,MLS_3879,Milestone Completion of Task 89,2023-02-27,2023-02-23,Pending,TSK_388_89
PRJ_388,MLS_3880,Milestone Completion of Task 99,2023-03-02,2023-03-02,Pending,TSK_388_99
PRJ_389,MLS_3881,Milestone Completion of Task 9,2023-02-03,2023-01-30,Pending,TSK_389_09
PRJ_389,MLS_3882,Milestone Completion of Task 19,2023-02-06,2023-02-03,Pending,TSK_389_19
PRJ_389,MLS_3883,Milestone Completion of Task 29,2023-02-09,2023-02-08,Pending,TSK_389_29
PRJ_389,MLS_3884,Milestone Completion of Task 39,2023-02-12,2023-02-10,Pending,TSK_389_39
PRJ_389,MLS_3885,Milestone Completion of Task 49,2023-02-15,2023-02-16,Delayed,TSK_389_49
PRJ_389,MLS_3886,Milestone Completion of Task 59,2023-02-18,2023-02-25,Delayed,TSK_389_59
PRJ_389,MLS_3887,Milestone Completion of Task 69,2023-02-21,2023-03-02,Delayed,TSK_389_69
PRJ_389,MLS_3888,Milestone Completion of Task 79,2023-02-24,2023-02-24,Pending,TSK_389_79
PRJ_389,MLS_3889,Milestone Completion of Task 89,2023-02-27,2023-03-10,Delayed,TSK_389_89
PRJ_389,MLS_3890,Milestone Completion of Task 99,2023-03-02,2023-02-26,Pending,TSK_389_99
PRJ_390,MLS_3891,Milestone Completion of Task 9,2023-02-04,2023-02-14,Delayed,TSK_390_09
PRJ_390,MLS_3892,Milestone Completion of Task 19,2023-02-07,2023-02-03,Pending,TSK_390_19
PRJ_390,MLS_3893,Milestone Completion of Task 29,2023-02-10,2023-02-25,Delayed,TSK_390_29
PRJ_390,MLS_3894,Milestone Completion of Task 39,2023-02-13,2023-02-15,Delayed,TSK_390_39
PRJ_390,MLS_3895,Milestone Completion of Task 49,2023-02-16,2023-02-12,Pending,TSK_390_49
PRJ_390,MLS_3896,Milestone Completion of Task 59,2023-02-19,2023-03-06,Delayed,TSK_390_59
PRJ_390,MLS_3897,Milestone Completion of Task 69,2023-02-22,2023-03-09,Delayed,TSK_390_69
PRJ_390,MLS_3898,Milestone Completion of Task 79,2023-02-25,2023-02-23,Pending,TSK_390_79
PRJ_390,MLS_3899,Milestone Completion of Task 89,2023-02-28,2023-02-26,Pending,TSK_390_89
PRJ_390,MLS_3900,Milestone Completion of Task 99,2023-03-03,2023-03-18,Delayed,TSK_390_99
PRJ_391,MLS_3901,Milestone Completion of Task 9,2023-02-04,2023-01-31,Pending,TSK_391_09
PRJ_391,MLS_3902,Milestone Completion of Task 19,2023-02-07,2023-02-03,Pending,TSK_391_19
PRJ_391,MLS_3903,Milestone Completion of Task 29,2023-02-10,2023-02-10,Pending,TSK_391_29
PRJ_391,MLS_3904,Milestone Completion of Task 39,2023-02-13,2023-02-13,Pending,TSK_391_39
PRJ_391,MLS_3905,Milestone Completion of Task 49,2023-02-16,2023-02-18,Delayed,TSK_391_49
PRJ_391,MLS_3906,Milestone Completion of Task 59,2023-02-19,2023-03-01,Delayed,TSK_391_59
PRJ_391,MLS_3907,Milestone Completion of Task 69,2023-02-22,2023-03-09,Delayed,TSK_391_69
PRJ_391,MLS_3908,Milestone Completion of Task 79,2023-02-25,2023-02-21,Pending,TSK_391_79
PRJ_391,MLS_3909,Milestone Completion of Task 89,2023-02-28,2023-03-15,Delayed,TSK_391_89
PRJ_391,MLS_3910,Milestone Completion of Task 99,2023-03-03,2023-03-18,Delayed,TSK_391_99
PRJ_392,MLS_3911,Milestone Completion of Task 9,2023-02-04,2023-02-04,Pending,TSK_392_09
PRJ_392,MLS_3912,Milestone Completion of Task 19,2023-02-07,2023-02-03,Pending,TSK_392_19
PRJ_392,MLS_3913,Milestone Completion of Task 29,2023-02-10,2023-02-06,Pending,TSK_392_29
PRJ_392,MLS_3914,Milestone Completion of Task 39,2023-02-13,2023-02-16,Delayed,TSK_392_39
PRJ_392,MLS_3915,Milestone Completion of Task 49,2023-02-16,2023-02-21,Delayed,TSK_392_49
PRJ_392,MLS_3916,Milestone Completion of Task 59,2023-02-19,2023-02-19,Pending,TSK_392_59
PRJ_392,MLS_3917,Milestone Completion of Task 69,2023-02-22,2023-02-18,Pending,TSK_392_69
PRJ_392,MLS_3918,Milestone Completion of Task 79,2023-02-25,2023-03-02,Delayed,TSK_392_79
PRJ_392,MLS_3919,Milestone Completion of Task 89,2023-02-28,2023-03-11,Delayed,TSK_392_89
PRJ_392,MLS_3920,Milestone Completion of Task 99,2023-03-03,2023-03-03,Pending,TSK_392_99
PRJ_393,MLS_3921,Milestone Completion of Task 9,2023-02-04,2023-01-31,Pending,TSK_393_09
PRJ_393,MLS_3922,Milestone Completion of Task 19,2023-02-07,2023-02-03,Pending,TSK_393_19
PRJ_393,MLS_3923,Milestone Completion of Task 29,2023-02-10,2023-02-17,Delayed,TSK_393_29
PRJ_393,MLS_3924,Milestone Completion of Task 39,2023-02-13,2023-02-11,Pending,TSK_393_39
PRJ_393,MLS_3925,Milestone Completion of Task 49,2023-02-16,2023-02-21,Delayed,TSK_393_49
PRJ_393,MLS_3926,Milestone Completion of Task 59,2023-02-19,2023-02-26,Delayed,TSK_393_59
PRJ_393,MLS_3927,Milestone Completion of Task 69,2023-02-22,2023-03-01,Delayed,TSK_393_69
PRJ_393,MLS_3928,Milestone Completion of Task 79,2023-02-25,2023-03-12,Delayed,TSK_393_79
PRJ_393,MLS_3929,Milestone Completion of Task 89,2023-02-28,2023-02-24,Pending,TSK_393_89
PRJ_393,MLS_3930,Milestone Completion of Task 99,2023-03-03,2023-02-27,Pending,TSK_393_99
PRJ_394,MLS_3931,Milestone Completion of Task 9,2023-02-04,2023-01-31,Pending,TSK_394_09
PRJ_394,MLS_3932,Milestone Completion of Task 19,2023-02-07,2023-02-07,Pending,TSK_394_19
PRJ_394,MLS_3933,Milestone Completion of Task 29,2023-02-10,2023-02-25,Delayed,TSK_394_29
PRJ_394,MLS_3934,Milestone Completion of Task 39,2023-02-13,2023-02-28,Delayed,TSK_394_39
PRJ_394,MLS_3935,Milestone Completion of Task 49,2023-02-16,2023-02-21,Delayed,TSK_394_49
PRJ_394,MLS_3936,Milestone Completion of Task 59,2023-02-19,2023-02-26,Delayed,TSK_394_59
PRJ_394,MLS_3937,Milestone Completion of Task 69,2023-02-22,2023-02-24,Delayed,TSK_394_69
PRJ_394,MLS_3938,Milestone Completion of Task 79,2023-02-25,2023-03-12,Delayed,TSK_394_79
PRJ_394,MLS_3939,Milestone Completion of Task 89,2023-02-28,2023-02-24,Pending,TSK_394_89
PRJ_394,MLS_3940,Milestone Completion of Task 99,2023-03-03,2023-02-27,Pending,TSK_394_99
PRJ_395,MLS_3941,Milestone Completion of Task 9,2023-02-04,2023-02-04,Pending,TSK_395_09
PRJ_395,MLS_3942,Milestone Completion of Task 19,2023-02-07,2023-02-03,Pending,TSK_395_19
PRJ_395,MLS_3943,Milestone Completion of Task 29,2023-02-10,2023-02-06,Pending,TSK_395_29
PRJ_395,MLS_3944,Milestone Completion of Task 39,2023-02-13,2023-02-28,Delayed,TSK_395_39
PRJ_395,MLS_3945,Milestone Completion of Task 49,2023-02-16,2023-03-03,Delayed,TSK_395_49
PRJ_395,MLS_3946,Milestone Completion of Task 59,2023-02-19,2023-03-03,Delayed,TSK_395_59
PRJ_395,MLS_3947,Milestone Completion of Task 69,2023-02-22,2023-02-22,Pending,TSK_395_69
PRJ_395,MLS_3948,Milestone Completion of Task 79,2023-02-25,2023-03-12,Delayed,TSK_395_79
PRJ_395,MLS_3949,Milestone Completion of Task 89,2023-02-28,2023-03-15,Delayed,TSK_395_89
PRJ_395,MLS_3950,Milestone Completion of Task 99,2023-03-03,2023-02-27,Pending,TSK_395_99
PRJ_396,MLS_3951,Milestone Completion of Task 9,2023-02-04,2023-02-19,Delayed,TSK_396_09
PRJ_396,MLS_3952,Milestone Completion of Task 19,2023-02-07,2023-02-03,Pending,TSK_396_19
PRJ_396,MLS_3953,Milestone Completion of Task 29,2023-02-10,2023-02-06,Pending,TSK_396_29
PRJ_396,MLS_3954,Milestone Completion of Task 39,2023-02-13,2023-02-09,Pending,TSK_396_39
PRJ_396,MLS_3955,Milestone Completion of Task 49,2023-02-16,2023-02-12,Pending,TSK_396_49
PRJ_396,MLS_3956,Milestone Completion of Task 59,2023-02-19,2023-03-06,Delayed,TSK_396_59
PRJ_396,MLS_3957,Milestone Completion of Task 69,2023-02-22,2023-02-22,Pending,TSK_396_69
PRJ_396,MLS_3958,Milestone Completion of Task 79,2023-02-25,2023-02-21,Pending,TSK_396_79
PRJ_396,MLS_3959,Milestone Completion of Task 89,2023-02-28,2023-03-09,Delayed,TSK_396_89
PRJ_396,MLS_3960,Milestone Completion of Task 99,2023-03-03,2023-02-27,Pending,TSK_396_99
PRJ_397,MLS_3961,Milestone Completion of Task 9,2023-02-04,2023-01-31,Pending,TSK_397_09
PRJ_397,MLS_3962,Milestone Completion of Task 19,2023-02-07,2023-02-12,Delayed,TSK_397_19
PRJ_397,MLS_3963,Milestone Completion of Task 29,2023-02-10,2023-02-06,Pending,TSK_397_29
PRJ_397,MLS_3964,Milestone Completion of Task 39,2023-02-13,2023-02-11,Pending,TSK_397_39
PRJ_397,MLS_3965,Milestone Completion of Task 49,2023-02-16,2023-02-12,Pending,TSK_397_49
PRJ_397,MLS_3966,Milestone Completion of Task 59,2023-02-19,2023-03-03,Delayed,TSK_397_59
PRJ_397,MLS_3967,Milestone Completion of Task 69,2023-02-22,2023-02-22,Pending,TSK_397_69
PRJ_397,MLS_3968,Milestone Completion of Task 79,2023-02-25,2023-02-21,Pending,TSK_397_79
PRJ_397,MLS_3969,Milestone Completion of Task 89,2023-02-28,2023-02-24,Pending,TSK_397_89
PRJ_397,MLS_3970,Milestone Completion of Task 99,2023-03-03,2023-02-27,Pending,TSK_397_99
PRJ_398,MLS_3971,Milestone Completion of Task 9,2023-02-04,2023-01-31,Pending,TSK_398_09
PRJ_398,MLS_3972,Milestone Completion of Task 19,2023-02-07,2023-02-03,Pending,TSK_398_19
PRJ_398,MLS_3973,Milestone Completion of Task 29,2023-02-10,2023-02-06,Pending,TSK_398_29
PRJ_398,MLS_3974,Milestone Completion of Task 39,2023-02-13,2023-02-09,Pending,TSK_398_39
PRJ_398,MLS_3975,Milestone Completion of Task 49,2023-02-16,2023-03-02,Delayed,TSK_398_49
PRJ_398,MLS_3976,Milestone Completion of Task 59,2023-02-19,2023-03-06,Delayed,TSK_398_59
PRJ_398,MLS_3977,Milestone Completion of Task 69,2023-02-22,2023-02-18,Pending,TSK_398_69
PRJ_398,MLS_3978,Milestone Completion of Task 79,2023-02-25,2023-02-21,Pending,TSK_398_79
PRJ_398,MLS_3979,Milestone Completion of Task 89,2023-02-28,2023-03-15,Delayed,TSK_398_89
PRJ_398,MLS_3980,Milestone Completion of Task 99,2023-03-03,2023-02-27,Pending,TSK_398_99
PRJ_399,MLS_3981,Milestone Completion of Task 9,2023-02-04,2023-02-11,Delayed,TSK_399_09
PRJ_399,MLS_3982,Milestone Completion of Task 19,2023-02-07,2023-02-07,Pending,TSK_399_19
PRJ_399,MLS_3983,Milestone Completion of Task 29,2023-02-10,2023-02-12,Delayed,TSK_399_29
PRJ_399,MLS_3984,Milestone Completion of Task 39,2023-02-13,2023-02-28,Delayed,TSK_399_39
PRJ_399,MLS_3985,Milestone Completion of Task 49,2023-02-16,2023-02-21,Delayed,TSK_399_49
PRJ_399,MLS_3986,Milestone Completion of Task 59,2023-02-19,2023-02-19,Pending,TSK_399_59
PRJ_399,MLS_3987,Milestone Completion of Task 69,2023-02-22,2023-03-04,Delayed,TSK_399_69
PRJ_399,MLS_3988,Milestone Completion of Task 79,2023-02-25,2023-02-25,Pending,TSK_399_79
PRJ_399,MLS_3989,Milestone Completion of Task 89,2023-02-28,2023-02-24,Pending,TSK_399_89
PRJ_399,MLS_3990,Milestone Completion of Task 99,2023-03-03,2023-02-27,Pending,TSK_399_99
PRJ_400,MLS_3991,Milestone Completion of Task 9,2023-02-04,2023-02-11,Delayed,TSK_400_09
PRJ_400,MLS_3992,Milestone Completion of Task 19,2023-02-07,2023-02-14,Delayed,TSK_400_19
PRJ_400,MLS_3993,Milestone Completion of Task 29,2023-02-10,2023-02-06,Pending,TSK_400_29
PRJ_400,MLS_3994,Milestone Completion of Task 39,2023-02-13,2023-02-13,Pending,TSK_400_39
PRJ_400,MLS_3995,Milestone Completion of Task 49,2023-02-16,2023-02-12,Pending,TSK_400_49
PRJ_400,MLS_3996,Milestone Completion of Task 59,2023-02-19,2023-02-15,Pending,TSK_400_59
PRJ_400,MLS_3997,Milestone Completion of Task 69,2023-02-22,2023-02-18,Pending,TSK_400_69
PRJ_400,MLS_3998,Milestone Completion of Task 79,2023-02-25,2023-02-21,Pending,TSK_400_79
PRJ_400,MLS_3999,Milestone Completion of Task 89,2023-02-28,2023-02-24,Pending,TSK_400_89
PRJ_400,MLS_4000,Milestone Completion of Task 99,2023-03-03,2023-02-27,Pending,TSK_400_99
PRJ_401,MLS_4001,Milestone Completion of Task 9,2023-02-04,2023-02-19,Delayed,TSK_401_09
PRJ_401,MLS_4002,Milestone Completion of Task 19,2023-02-07,2023-02-03,Pending,TSK_401_19
PRJ_401,MLS_4003,Milestone Completion of Task 29,2023-02-10,2023-02-25,Delayed,TSK_401_29
PRJ_401,MLS_4004,Milestone Completion of Task 39,2023-02-13,2023-02-20,Delayed,TSK_401_39
PRJ_401,MLS_4005,Milestone Completion of Task 49,2023-02-16,2023-02-12,Pending,TSK_401_49
PRJ_401,MLS_4006,Milestone Completion of Task 59,2023-02-19,2023-03-06,Delayed,TSK_401_59
PRJ_401,MLS_4007,Milestone Completion of Task 69,2023-02-22,2023-03-01,Delayed,TSK_401_69
PRJ_401,MLS_4008,Milestone Completion of Task 79,2023-02-25,2023-02-25,Pending,TSK_401_79
PRJ_401,MLS_4009,Milestone Completion of Task 89,2023-02-28,2023-02-24,Pending,TSK_401_89
PRJ_401,MLS_4010,Milestone Completion of Task 99,2023-03-03,2023-03-03,Pending,TSK_401_99
PRJ_402,MLS_4011,Milestone Completion of Task 9,2023-02-04,2023-01-31,Pending,TSK_402_09
PRJ_402,MLS_4012,Milestone Completion of Task 19,2023-02-07,2023-02-17,Delayed,TSK_402_19
PRJ_402,MLS_4013,Milestone Completion of Task 29,2023-02-10,2023-02-22,Delayed,TSK_402_29
PRJ_402,MLS_4014,Milestone Completion of Task 39,2023-02-13,2023-02-09,Pending,TSK_402_39
PRJ_402,MLS_4015,Milestone Completion of Task 49,2023-02-16,2023-02-23,Delayed,TSK_402_49
PRJ_402,MLS_4016,Milestone Completion of Task 59,2023-02-19,2023-02-15,Pending,TSK_402_59
PRJ_402,MLS_4017,Milestone Completion of Task 69,2023-02-22,2023-02-27,Delayed,TSK_402_69
PRJ_402,MLS_4018,Milestone Completion of Task 79,2023-02-25,2023-02-21,Pending,TSK_402_79
PRJ_402,MLS_4019,Milestone Completion of Task 89,2023-02-28,2023-02-24,Pending,TSK_402_89
PRJ_402,MLS_4020,Milestone Completion of Task 99,2023-03-03,2023-02-27,Pending,TSK_402_99
PRJ_403,MLS_4021,Milestone Completion of Task 9,2023-02-04,2023-02-04,Pending,TSK_403_09
PRJ_403,MLS_4022,Milestone Completion of Task 19,2023-02-07,2023-02-22,Delayed,TSK_403_19
PRJ_403,MLS_4023,Milestone Completion of Task 29,2023-02-10,2023-02-25,Delayed,TSK_403_29
PRJ_403,MLS_4024,Milestone Completion of Task 39,2023-02-13,2023-02-09,Pending,TSK_403_39
PRJ_403,MLS_4025,Milestone Completion of Task 49,2023-02-16,2023-02-27,Delayed,TSK_403_49
PRJ_403,MLS_4026,Milestone Completion of Task 59,2023-02-19,2023-02-15,Pending,TSK_403_59
PRJ_403,MLS_4027,Milestone Completion of Task 69,2023-02-22,2023-02-18,Pending,TSK_403_69
PRJ_403,MLS_4028,Milestone Completion of Task 79,2023-02-25,2023-03-12,Delayed,TSK_403_79
PRJ_403,MLS_4029,Milestone Completion of Task 89,2023-02-28,2023-02-24,Pending,TSK_403_89
PRJ_403,MLS_4030,Milestone Completion of Task 99,2023-03-03,2023-03-18,Delayed,TSK_403_99
PRJ_404,MLS_4031,Milestone Completion of Task 9,2023-02-04,2023-02-06,Delayed,TSK_404_09
PRJ_404,MLS_4032,Milestone Completion of Task 19,2023-02-07,2023-02-22,Delayed,TSK_404_19
PRJ_404,MLS_4033,Milestone Completion of Task 29,2023-02-10,2023-02-10,Pending,TSK_404_29
PRJ_404,MLS_4034,Milestone Completion of Task 39,2023-02-13,2023-02-09,Pending,TSK_404_39
PRJ_404,MLS_4035,Milestone Completion of Task 49,2023-02-16,2023-02-12,Pending,TSK_404_49
PRJ_404,MLS_4036,Milestone Completion of Task 59,2023-02-19,2023-02-15,Pending,TSK_404_59
PRJ_404,MLS_4037,Milestone Completion of Task 69,2023-02-22,2023-02-18,Pending,TSK_404_69
PRJ_404,MLS_4038,Milestone Completion of Task 79,2023-02-25,2023-02-21,Pending,TSK_404_79
PRJ_404,MLS_4039,Milestone Completion of Task 89,2023-02-28,2023-03-02,Delayed,TSK_404_89
PRJ_404,MLS_4040,Milestone Completion of Task 99,2023-03-03,2023-03-18,Delayed,TSK_404_99
PRJ_405,MLS_4041,Milestone Completion of Task 9,2023-02-05,2023-02-10,Delayed,TSK_405_09
PRJ_405,MLS_4042,Milestone Completion of Task 19,2023-02-08,2023-02-08,Pending,TSK_405_19
PRJ_405,MLS_4043,Milestone Completion of Task 29,2023-02-11,2023-02-13,Delayed,TSK_405_29
PRJ_405,MLS_4044,Milestone Completion of Task 39,2023-02-14,2023-02-10,Pending,TSK_405_39
PRJ_405,MLS_4045,Milestone Completion of Task 49,2023-02-17,2023-02-17,Pending,TSK_405_49
PRJ_405,MLS_4046,Milestone Completion of Task 59,2023-02-20,2023-02-16,Pending,TSK_405_59
PRJ_405,MLS_4047,Milestone Completion of Task 69,2023-02-23,2023-02-25,Delayed,TSK_405_69
PRJ_405,MLS_4048,Milestone Completion of Task 79,2023-02-26,2023-02-22,Pending,TSK_405_79
PRJ_405,MLS_4049,Milestone Completion of Task 89,2023-03-01,2023-03-08,Delayed,TSK_405_89
PRJ_405,MLS_4050,Milestone Completion of Task 99,2023-03-04,2023-02-28,Pending,TSK_405_99
PRJ_406,MLS_4051,Milestone Completion of Task 9,2023-02-05,2023-02-01,Pending,TSK_406_09
PRJ_406,MLS_4052,Milestone Completion of Task 19,2023-02-08,2023-02-13,Delayed,TSK_406_19
PRJ_406,MLS_4053,Milestone Completion of Task 29,2023-02-11,2023-02-07,Pending,TSK_406_29
PRJ_406,MLS_4054,Milestone Completion of Task 39,2023-02-14,2023-02-10,Pending,TSK_406_39
PRJ_406,MLS_4055,Milestone Completion of Task 49,2023-02-17,2023-02-13,Pending,TSK_406_49
PRJ_406,MLS_4056,Milestone Completion of Task 59,2023-02-20,2023-02-16,Pending,TSK_406_59
PRJ_406,MLS_4057,Milestone Completion of Task 69,2023-02-23,2023-02-19,Pending,TSK_406_69
PRJ_406,MLS_4058,Milestone Completion of Task 79,2023-02-26,2023-02-22,Pending,TSK_406_79
PRJ_406,MLS_4059,Milestone Completion of Task 89,2023-03-01,2023-02-25,Pending,TSK_406_89
PRJ_406,MLS_4060,Milestone Completion of Task 99,2023-03-04,2023-02-28,Pending,TSK_406_99
PRJ_407,MLS_4061,Milestone Completion of Task 9,2023-02-05,2023-02-17,Delayed,TSK_407_09
PRJ_407,MLS_4062,Milestone Completion of Task 19,2023-02-08,2023-02-04,Pending,TSK_407_19
PRJ_407,MLS_4063,Milestone Completion of Task 29,2023-02-11,2023-02-07,Pending,TSK_407_29
PRJ_407,MLS_4064,Milestone Completion of Task 39,2023-02-14,2023-02-10,Pending,TSK_407_39
PRJ_407,MLS_4065,Milestone Completion of Task 49,2023-02-17,2023-02-13,Pending,TSK_407_49
PRJ_407,MLS_4066,Milestone Completion of Task 59,2023-02-20,2023-02-16,Pending,TSK_407_59
PRJ_407,MLS_4067,Milestone Completion of Task 69,2023-02-23,2023-02-19,Pending,TSK_407_69
PRJ_407,MLS_4068,Milestone Completion of Task 79,2023-02-26,2023-03-10,Delayed,TSK_407_79
PRJ_407,MLS_4069,Milestone Completion of Task 89,2023-03-01,2023-02-25,Pending,TSK_407_89
PRJ_407,MLS_4070,Milestone Completion of Task 99,2023-03-04,2023-03-19,Delayed,TSK_407_99
PRJ_408,MLS_4071,Milestone Completion of Task 9,2023-02-05,2023-02-20,Delayed,TSK_408_09
PRJ_408,MLS_4072,Milestone Completion of Task 19,2023-02-08,2023-02-23,Delayed,TSK_408_19
PRJ_408,MLS_4073,Milestone Completion of Task 29,2023-02-11,2023-02-11,Pending,TSK_408_29
PRJ_408,MLS_4074,Milestone Completion of Task 39,2023-02-14,2023-02-10,Pending,TSK_408_39
PRJ_408,MLS_4075,Milestone Completion of Task 49,2023-02-17,2023-02-13,Pending,TSK_408_49
PRJ_408,MLS_4076,Milestone Completion of Task 59,2023-02-20,2023-02-20,Pending,TSK_408_59
PRJ_408,MLS_4077,Milestone Completion of Task 69,2023-02-23,2023-03-01,Delayed,TSK_408_69
PRJ_408,MLS_4078,Milestone Completion of Task 79,2023-02-26,2023-02-22,Pending,TSK_408_79
PRJ_408,MLS_4079,Milestone Completion of Task 89,2023-03-01,2023-02-25,Pending,TSK_408_89
PRJ_408,MLS_4080,Milestone Completion of Task 99,2023-03-04,2023-02-28,Pending,TSK_408_99
PRJ_409,MLS_4081,Milestone Completion of Task 9,2023-02-05,2023-02-05,Pending,TSK_409_09
PRJ_409,MLS_4082,Milestone Completion of Task 19,2023-02-08,2023-02-23,Delayed,TSK_409_19
PRJ_409,MLS_4083,Milestone Completion of Task 29,2023-02-11,2023-02-07,Pending,TSK_409_29
PRJ_409,MLS_4084,Milestone Completion of Task 39,2023-02-14,2023-02-14,Pending,TSK_409_39
PRJ_409,MLS_4085,Milestone Completion of Task 49,2023-02-17,2023-02-24,Delayed,TSK_409_49
PRJ_409,MLS_4086,Milestone Completion of Task 59,2023-02-20,2023-03-07,Delayed,TSK_409_59
PRJ_409,MLS_4087,Milestone Completion of Task 69,2023-02-23,2023-02-19,Pending,TSK_409_69
PRJ_409,MLS_4088,Milestone Completion of Task 79,2023-02-26,2023-03-13,Delayed,TSK_409_79
PRJ_409,MLS_4089,Milestone Completion of Task 89,2023-03-01,2023-03-16,Delayed,TSK_409_89
PRJ_409,MLS_4090,Milestone Completion of Task 99,2023-03-04,2023-02-28,Pending,TSK_409_99
PRJ_410,MLS_4091,Milestone Completion of Task 9,2023-02-05,2023-02-01,Pending,TSK_410_09
PRJ_410,MLS_4092,Milestone Completion of Task 19,2023-02-08,2023-02-04,Pending,TSK_410_19
PRJ_410,MLS_4093,Milestone Completion of Task 29,2023-02-11,2023-02-26,Delayed,TSK_410_29
PRJ_410,MLS_4094,Milestone Completion of Task 39,2023-02-14,2023-03-01,Delayed,TSK_410_39
PRJ_410,MLS_4095,Milestone Completion of Task 49,2023-02-17,2023-02-13,Pending,TSK_410_49
PRJ_410,MLS_4096,Milestone Completion of Task 59,2023-02-20,2023-03-07,Delayed,TSK_410_59
PRJ_410,MLS_4097,Milestone Completion of Task 69,2023-02-23,2023-02-19,Pending,TSK_410_69
PRJ_410,MLS_4098,Milestone Completion of Task 79,2023-02-26,2023-02-22,Pending,TSK_410_79
PRJ_410,MLS_4099,Milestone Completion of Task 89,2023-03-01,2023-03-16,Delayed,TSK_410_89
PRJ_410,MLS_4100,Milestone Completion of Task 99,2023-03-04,2023-03-13,Delayed,TSK_410_99
PRJ_411,MLS_4101,Milestone Completion of Task 9,2023-02-05,2023-02-01,Pending,TSK_411_09
PRJ_411,MLS_4102,Milestone Completion of Task 19,2023-02-08,2023-02-23,Delayed,TSK_411_19
PRJ_411,MLS_4103,Milestone Completion of Task 29,2023-02-11,2023-02-07,Pending,TSK_411_29
PRJ_411,MLS_4104,Milestone Completion of Task 39,2023-02-14,2023-02-10,Pending,TSK_411_39
PRJ_411,MLS_4105,Milestone Completion of Task 49,2023-02-17,2023-03-04,Delayed,TSK_411_49
PRJ_411,MLS_4106,Milestone Completion of Task 59,2023-02-20,2023-03-07,Delayed,TSK_411_59
PRJ_411,MLS_4107,Milestone Completion of Task 69,2023-02-23,2023-03-10,Delayed,TSK_411_69
PRJ_411,MLS_4108,Milestone Completion of Task 79,2023-02-26,2023-03-13,Delayed,TSK_411_79
PRJ_411,MLS_4109,Milestone Completion of Task 89,2023-03-01,2023-02-25,Pending,TSK_411_89
PRJ_411,MLS_4110,Milestone Completion of Task 99,2023-03-04,2023-03-19,Delayed,TSK_411_99
PRJ_412,MLS_4111,Milestone Completion of Task 9,2023-02-05,2023-02-01,Pending,TSK_412_09
PRJ_412,MLS_4112,Milestone Completion of Task 19,2023-02-08,2023-02-04,Pending,TSK_412_19
PRJ_412,MLS_4113,Milestone Completion of Task 29,2023-02-11,2023-02-24,Delayed,TSK_412_29
PRJ_412,MLS_4114,Milestone Completion of Task 39,2023-02-14,2023-03-01,Delayed,TSK_412_39
PRJ_412,MLS_4115,Milestone Completion of Task 49,2023-02-17,2023-02-23,Delayed,TSK_412_49
PRJ_412,MLS_4116,Milestone Completion of Task 59,2023-02-20,2023-03-07,Delayed,TSK_412_59
PRJ_412,MLS_4117,Milestone Completion of Task 69,2023-02-23,2023-03-10,Delayed,TSK_412_69
PRJ_412,MLS_4118,Milestone Completion of Task 79,2023-02-26,2023-02-22,Pending,TSK_412_79
PRJ_412,MLS_4119,Milestone Completion of Task 89,2023-03-01,2023-03-16,Delayed,TSK_412_89
PRJ_412,MLS_4120,Milestone Completion of Task 99,2023-03-04,2023-02-28,Pending,TSK_412_99
PRJ_413,MLS_4121,Milestone Completion of Task 9,2023-02-05,2023-02-20,Delayed,TSK_413_09
PRJ_413,MLS_4122,Milestone Completion of Task 19,2023-02-08,2023-02-04,Pending,TSK_413_19
PRJ_413,MLS_4123,Milestone Completion of Task 29,2023-02-11,2023-02-07,Pending,TSK_413_29
PRJ_413,MLS_4124,Milestone Completion of Task 39,2023-02-14,2023-03-01,Delayed,TSK_413_39
PRJ_413,MLS_4125,Milestone Completion of Task 49,2023-02-17,2023-02-13,Pending,TSK_413_49
PRJ_413,MLS_4126,Milestone Completion of Task 59,2023-02-20,2023-03-07,Delayed,TSK_413_59
PRJ_413,MLS_4127,Milestone Completion of Task 69,2023-02-23,2023-03-10,Delayed,TSK_413_69
PRJ_413,MLS_4128,Milestone Completion of Task 79,2023-02-26,2023-03-05,Delayed,TSK_413_79
PRJ_413,MLS_4129,Milestone Completion of Task 89,2023-03-01,2023-02-25,Pending,TSK_413_89
PRJ_413,MLS_4130,Milestone Completion of Task 99,2023-03-04,2023-03-19,Delayed,TSK_413_99
PRJ_414,MLS_4131,Milestone Completion of Task 9,2023-02-05,2023-02-01,Pending,TSK_414_09
PRJ_414,MLS_4132,Milestone Completion of Task 19,2023-02-08,2023-02-04,Pending,TSK_414_19
PRJ_414,MLS_4133,Milestone Completion of Task 29,2023-02-11,2023-02-25,Delayed,TSK_414_29
PRJ_414,MLS_4134,Milestone Completion of Task 39,2023-02-14,2023-02-10,Pending,TSK_414_39
PRJ_414,MLS_4135,Milestone Completion of Task 49,2023-02-17,2023-02-13,Pending,TSK_414_49
PRJ_414,MLS_4136,Milestone Completion of Task 59,2023-02-20,2023-02-16,Pending,TSK_414_59
PRJ_414,MLS_4137,Milestone Completion of Task 69,2023-02-23,2023-03-10,Delayed,TSK_414_69
PRJ_414,MLS_4138,Milestone Completion of Task 79,2023-02-26,2023-03-05,Delayed,TSK_414_79
PRJ_414,MLS_4139,Milestone Completion of Task 89,2023-03-01,2023-02-25,Pending,TSK_414_89
PRJ_414,MLS_4140,Milestone Completion of Task 99,2023-03-04,2023-03-19,Delayed,TSK_414_99
PRJ_415,MLS_4141,Milestone Completion of Task 9,2023-02-05,2023-02-10,Delayed,TSK_415_09
PRJ_415,MLS_4142,Milestone Completion of Task 19,2023-02-08,2023-02-18,Delayed,TSK_415_19
PRJ_415,MLS_4143,Milestone Completion of Task 29,2023-02-11,2023-02-09,Pending,TSK_415_29
PRJ_415,MLS_4144,Milestone Completion of Task 39,2023-02-14,2023-02-14,Pending,TSK_415_39
PRJ_415,MLS_4145,Milestone Completion of Task 49,2023-02-17,2023-02-13,Pending,TSK_415_49
PRJ_415,MLS_4146,Milestone Completion of Task 59,2023-02-20,2023-02-16,Pending,TSK_415_59
PRJ_415,MLS_4147,Milestone Completion of Task 69,2023-02-23,2023-02-25,Delayed,TSK_415_69
PRJ_415,MLS_4148,Milestone Completion of Task 79,2023-02-26,2023-02-22,Pending,TSK_415_79
PRJ_415,MLS_4149,Milestone Completion of Task 89,2023-03-01,2023-02-25,Pending,TSK_415_89
PRJ_415,MLS_4150,Milestone Completion of Task 99,2023-03-04,2023-03-19,Delayed,TSK_415_99
PRJ_416,MLS_4151,Milestone Completion of Task 9,2023-02-05,2023-02-01,Pending,TSK_416_09
PRJ_416,MLS_4152,Milestone Completion of Task 19,2023-02-08,2023-02-04,Pending,TSK_416_19
PRJ_416,MLS_4153,Milestone Completion of Task 29,2023-02-11,2023-02-07,Pending,TSK_416_29
PRJ_416,MLS_4154,Milestone Completion of Task 39,2023-02-14,2023-02-20,Delayed,TSK_416_39
PRJ_416,MLS_4155,Milestone Completion of Task 49,2023-02-17,2023-02-13,Pending,TSK_416_49
PRJ_416,MLS_4156,Milestone Completion of Task 59,2023-02-20,2023-02-16,Pending,TSK_416_59
PRJ_416,MLS_4157,Milestone Completion of Task 69,2023-02-23,2023-03-07,Delayed,TSK_416_69
PRJ_416,MLS_4158,Milestone Completion of Task 79,2023-02-26,2023-02-22,Pending,TSK_416_79
PRJ_416,MLS_4159,Milestone Completion of Task 89,2023-03-01,2023-03-07,Delayed,TSK_416_89
PRJ_416,MLS_4160,Milestone Completion of Task 99,2023-03-04,2023-02-28,Pending,TSK_416_99
PRJ_417,MLS_4161,Milestone Completion of Task 9,2023-02-05,2023-02-11,Delayed,TSK_417_09
PRJ_417,MLS_4162,Milestone Completion of Task 19,2023-02-08,2023-02-13,Delayed,TSK_417_19
PRJ_417,MLS_4163,Milestone Completion of Task 29,2023-02-11,2023-02-22,Delayed,TSK_417_29
PRJ_417,MLS_4164,Milestone Completion of Task 39,2023-02-14,2023-02-10,Pending,TSK_417_39
PRJ_417,MLS_4165,Milestone Completion of Task 49,2023-02-17,2023-02-16,Pending,TSK_417_49
PRJ_417,MLS_4166,Milestone Completion of Task 59,2023-02-20,2023-02-25,Delayed,TSK_417_59
PRJ_417,MLS_4167,Milestone Completion of Task 69,2023-02-23,2023-02-19,Pending,TSK_417_69
PRJ_417,MLS_4168,Milestone Completion of Task 79,2023-02-26,2023-02-22,Pending,TSK_417_79
PRJ_417,MLS_4169,Milestone Completion of Task 89,2023-03-01,2023-02-28,Pending,TSK_417_89
PRJ_417,MLS_4170,Milestone Completion of Task 99,2023-03-04,2023-03-19,Delayed,TSK_417_99
PRJ_418,MLS_4171,Milestone Completion of Task 9,2023-02-05,2023-02-01,Pending,TSK_418_09
PRJ_418,MLS_4172,Milestone Completion of Task 19,2023-02-08,2023-02-08,Pending,TSK_418_19
PRJ_418,MLS_4173,Milestone Completion of Task 29,2023-02-11,2023-02-26,Delayed,TSK_418_29
PRJ_418,MLS_4174,Milestone Completion of Task 39,2023-02-14,2023-02-10,Pending,TSK_418_39
PRJ_418,MLS_4175,Milestone Completion of Task 49,2023-02-17,2023-03-04,Delayed,TSK_418_49
PRJ_418,MLS_4176,Milestone Completion of Task 59,2023-02-20,2023-03-07,Delayed,TSK_418_59
PRJ_418,MLS_4177,Milestone Completion of Task 69,2023-02-23,2023-03-10,Delayed,TSK_418_69
PRJ_418,MLS_4178,Milestone Completion of Task 79,2023-02-26,2023-02-22,Pending,TSK_418_79
PRJ_418,MLS_4179,Milestone Completion of Task 89,2023-03-01,2023-03-16,Delayed,TSK_418_89
PRJ_418,MLS_4180,Milestone Completion of Task 99,2023-03-04,2023-03-04,Pending,TSK_418_99
PRJ_419,MLS_4181,Milestone Completion of Task 9,2023-02-06,2023-02-02,Pending,TSK_419_09
PRJ_419,MLS_4182,Milestone Completion of Task 19,2023-02-09,2023-02-20,Delayed,TSK_419_19
PRJ_419,MLS_4183,Milestone Completion of Task 29,2023-02-12,2023-02-08,Pending,TSK_419_29
PRJ_419,MLS_4184,Milestone Completion of Task 39,2023-02-15,2023-02-11,Pending,TSK_419_39
PRJ_419,MLS_4185,Milestone Completion of Task 49,2023-02-18,2023-02-14,Pending,TSK_419_49
PRJ_419,MLS_4186,Milestone Completion of Task 59,2023-02-21,2023-02-21,Pending,TSK_419_59
PRJ_419,MLS_4187,Milestone Completion of Task 69,2023-02-24,2023-02-20,Pending,TSK_419_69
PRJ_419,MLS_4188,Milestone Completion of Task 79,2023-02-27,2023-02-23,Pending,TSK_419_79
PRJ_419,MLS_4189,Milestone Completion of Task 89,2023-03-02,2023-03-04,Delayed,TSK_419_89
PRJ_419,MLS_4190,Milestone Completion of Task 99,2023-03-05,2023-03-20,Delayed,TSK_419_99
PRJ_420,MLS_4191,Milestone Completion of Task 9,2023-02-06,2023-02-11,Delayed,TSK_420_09
PRJ_420,MLS_4192,Milestone Completion of Task 19,2023-02-09,2023-02-14,Delayed,TSK_420_19
PRJ_420,MLS_4193,Milestone Completion of Task 29,2023-02-12,2023-02-22,Delayed,TSK_420_29
PRJ_420,MLS_4194,Milestone Completion of Task 39,2023-02-15,2023-02-11,Pending,TSK_420_39
PRJ_420,MLS_4195,Milestone Completion of Task 49,2023-02-18,2023-02-28,Delayed,TSK_420_49
PRJ_420,MLS_4196,Milestone Completion of Task 59,2023-02-21,2023-02-26,Delayed,TSK_420_59
PRJ_420,MLS_4197,Milestone Completion of Task 69,2023-02-24,2023-03-11,Delayed,TSK_420_69
PRJ_420,MLS_4198,Milestone Completion of Task 79,2023-02-27,2023-02-27,Pending,TSK_420_79
PRJ_420,MLS_4199,Milestone Completion of Task 89,2023-03-02,2023-03-09,Delayed,TSK_420_89
PRJ_420,MLS_4200,Milestone Completion of Task 99,2023-03-05,2023-03-20,Delayed,TSK_420_99
PRJ_421,MLS_4201,Milestone Completion of Task 9,2023-02-06,2023-02-02,Pending,TSK_421_09
PRJ_421,MLS_4202,Milestone Completion of Task 19,2023-02-09,2023-02-05,Pending,TSK_421_19
PRJ_421,MLS_4203,Milestone Completion of Task 29,2023-02-12,2023-02-22,Delayed,TSK_421_29
PRJ_421,MLS_4204,Milestone Completion of Task 39,2023-02-15,2023-02-28,Delayed,TSK_421_39
PRJ_421,MLS_4205,Milestone Completion of Task 49,2023-02-18,2023-03-03,Delayed,TSK_421_49
PRJ_421,MLS_4206,Milestone Completion of Task 59,2023-02-21,2023-02-18,Pending,TSK_421_59
PRJ_421,MLS_4207,Milestone Completion of Task 69,2023-02-24,2023-02-20,Pending,TSK_421_69
PRJ_421,MLS_4208,Milestone Completion of Task 79,2023-02-27,2023-02-23,Pending,TSK_421_79
PRJ_421,MLS_4209,Milestone Completion of Task 89,2023-03-02,2023-03-13,Delayed,TSK_421_89
PRJ_421,MLS_4210,Milestone Completion of Task 99,2023-03-05,2023-03-01,Pending,TSK_421_99
PRJ_422,MLS_4211,Milestone Completion of Task 9,2023-02-06,2023-02-02,Pending,TSK_422_09
PRJ_422,MLS_4212,Milestone Completion of Task 19,2023-02-09,2023-02-05,Pending,TSK_422_19
PRJ_422,MLS_4213,Milestone Completion of Task 29,2023-02-12,2023-02-27,Delayed,TSK_422_29
PRJ_422,MLS_4214,Milestone Completion of Task 39,2023-02-15,2023-02-11,Pending,TSK_422_39
PRJ_422,MLS_4215,Milestone Completion of Task 49,2023-02-18,2023-03-05,Delayed,TSK_422_49
PRJ_422,MLS_4216,Milestone Completion of Task 59,2023-02-21,2023-02-17,Pending,TSK_422_59
PRJ_422,MLS_4217,Milestone Completion of Task 69,2023-02-24,2023-03-11,Delayed,TSK_422_69
PRJ_422,MLS_4218,Milestone Completion of Task 79,2023-02-27,2023-03-14,Delayed,TSK_422_79
PRJ_422,MLS_4219,Milestone Completion of Task 89,2023-03-02,2023-03-02,Pending,TSK_422_89
PRJ_422,MLS_4220,Milestone Completion of Task 99,2023-03-05,2023-03-20,Delayed,TSK_422_99
PRJ_423,MLS_4221,Milestone Completion of Task 9,2023-02-06,2023-02-02,Pending,TSK_423_09
PRJ_423,MLS_4222,Milestone Completion of Task 19,2023-02-09,2023-02-05,Pending,TSK_423_19
PRJ_423,MLS_4223,Milestone Completion of Task 29,2023-02-12,2023-02-27,Delayed,TSK_423_29
PRJ_423,MLS_4224,Milestone Completion of Task 39,2023-02-15,2023-02-11,Pending,TSK_423_39
PRJ_423,MLS_4225,Milestone Completion of Task 49,2023-02-18,2023-02-27,Delayed,TSK_423_49
PRJ_423,MLS_4226,Milestone Completion of Task 59,2023-02-21,2023-03-08,Delayed,TSK_423_59
PRJ_423,MLS_4227,Milestone Completion of Task 69,2023-02-24,2023-02-20,Pending,TSK_423_69
PRJ_423,MLS_4228,Milestone Completion of Task 79,2023-02-27,2023-02-23,Pending,TSK_423_79
PRJ_423,MLS_4229,Milestone Completion of Task 89,2023-03-02,2023-02-26,Pending,TSK_423_89
PRJ_423,MLS_4230,Milestone Completion of Task 99,2023-03-05,2023-03-01,Pending,TSK_423_99
PRJ_424,MLS_4231,Milestone Completion of Task 9,2023-02-06,2023-02-02,Pending,TSK_424_09
PRJ_424,MLS_4232,Milestone Completion of Task 19,2023-02-09,2023-02-24,Delayed,TSK_424_19
PRJ_424,MLS_4233,Milestone Completion of Task 29,2023-02-12,2023-02-08,Pending,TSK_424_29
PRJ_424,MLS_4234,Milestone Completion of Task 39,2023-02-15,2023-02-11,Pending,TSK_424_39
PRJ_424,MLS_4235,Milestone Completion of Task 49,2023-02-18,2023-02-14,Pending,TSK_424_49
PRJ_424,MLS_4236,Milestone Completion of Task 59,2023-02-21,2023-02-17,Pending,TSK_424_59
PRJ_424,MLS_4237,Milestone Completion of Task 69,2023-02-24,2023-02-20,Pending,TSK_424_69
PRJ_424,MLS_4238,Milestone Completion of Task 79,2023-02-27,2023-03-14,Delayed,TSK_424_79
PRJ_424,MLS_4239,Milestone Completion of Task 89,2023-03-02,2023-03-17,Delayed,TSK_424_89
PRJ_424,MLS_4240,Milestone Completion of Task 99,2023-03-05,2023-03-20,Delayed,TSK_424_99
PRJ_425,MLS_4241,Milestone Completion of Task 9,2023-02-06,2023-02-13,Delayed,TSK_425_09
PRJ_425,MLS_4242,Milestone Completion of Task 19,2023-02-09,2023-02-14,Delayed,TSK_425_19
PRJ_425,MLS_4243,Milestone Completion of Task 29,2023-02-12,2023-02-27,Delayed,TSK_425_29
PRJ_425,MLS_4244,Milestone Completion of Task 39,2023-02-15,2023-03-02,Delayed,TSK_425_39
PRJ_425,MLS_4245,Milestone Completion of Task 49,2023-02-18,2023-02-14,Pending,TSK_425_49
PRJ_425,MLS_4246,Milestone Completion of Task 59,2023-02-21,2023-03-05,Delayed,TSK_425_59
PRJ_425,MLS_4247,Milestone Completion of Task 69,2023-02-24,2023-03-11,Delayed,TSK_425_69
PRJ_425,MLS_4248,Milestone Completion of Task 79,2023-02-27,2023-02-23,Pending,TSK_425_79
PRJ_425,MLS_4249,Milestone Completion of Task 89,2023-03-02,2023-03-02,Pending,TSK_425_89
PRJ_425,MLS_4250,Milestone Completion of Task 99,2023-03-05,2023-03-20,Delayed,TSK_425_99
PRJ_426,MLS_4251,Milestone Completion of Task 9,2023-02-06,2023-02-06,Pending,TSK_426_09
PRJ_426,MLS_4252,Milestone Completion of Task 19,2023-02-09,2023-02-10,Delayed,TSK_426_19
PRJ_426,MLS_4253,Milestone Completion of Task 29,2023-02-12,2023-02-20,Delayed,TSK_426_29
PRJ_426,MLS_4254,Milestone Completion of Task 39,2023-02-15,2023-02-11,Pending,TSK_426_39
PRJ_426,MLS_4255,Milestone Completion of Task 49,2023-02-18,2023-02-14,Pending,TSK_426_49
PRJ_426,MLS_4256,Milestone Completion of Task 59,2023-02-21,2023-02-18,Pending,TSK_426_59
PRJ_426,MLS_4257,Milestone Completion of Task 69,2023-02-24,2023-02-20,Pending,TSK_426_69
PRJ_426,MLS_4258,Milestone Completion of Task 79,2023-02-27,2023-03-05,Delayed,TSK_426_79
PRJ_426,MLS_4259,Milestone Completion of Task 89,2023-03-02,2023-03-01,Pending,TSK_426_89
PRJ_426,MLS_4260,Milestone Completion of Task 99,2023-03-05,2023-03-05,Pending,TSK_426_99
PRJ_427,MLS_4261,Milestone Completion of Task 9,2023-02-06,2023-02-03,Pending,TSK_427_09
PRJ_427,MLS_4262,Milestone Completion of Task 19,2023-02-09,2023-02-05,Pending,TSK_427_19
PRJ_427,MLS_4263,Milestone Completion of Task 29,2023-02-12,2023-02-14,Delayed,TSK_427_29
PRJ_427,MLS_4264,Milestone Completion of Task 39,2023-02-15,2023-02-11,Pending,TSK_427_39
PRJ_427,MLS_4265,Milestone Completion of Task 49,2023-02-18,2023-02-21,Delayed,TSK_427_49
PRJ_427,MLS_4266,Milestone Completion of Task 59,2023-02-21,2023-02-17,Pending,TSK_427_59
PRJ_427,MLS_4267,Milestone Completion of Task 69,2023-02-24,2023-02-20,Pending,TSK_427_69
PRJ_427,MLS_4268,Milestone Completion of Task 79,2023-02-27,2023-03-08,Delayed,TSK_427_79
PRJ_427,MLS_4269,Milestone Completion of Task 89,2023-03-02,2023-03-03,Delayed,TSK_427_89
PRJ_427,MLS_4270,Milestone Completion of Task 99,2023-03-05,2023-03-01,Pending,TSK_427_99
PRJ_428,MLS_4271,Milestone Completion of Task 9,2023-02-06,2023-02-02,Pending,TSK_428_09
PRJ_428,MLS_4272,Milestone Completion of Task 19,2023-02-09,2023-02-05,Pending,TSK_428_19
PRJ_428,MLS_4273,Milestone Completion of Task 29,2023-02-12,2023-02-14,Delayed,TSK_428_29
PRJ_428,MLS_4274,Milestone Completion of Task 39,2023-02-15,2023-02-11,Pending,TSK_428_39
PRJ_428,MLS_4275,Milestone Completion of Task 49,2023-02-18,2023-02-23,Delayed,TSK_428_49
PRJ_428,MLS_4276,Milestone Completion of Task 59,2023-02-21,2023-02-17,Pending,TSK_428_59
PRJ_428,MLS_4277,Milestone Completion of Task 69,2023-02-24,2023-02-20,Pending,TSK_428_69
PRJ_428,MLS_4278,Milestone Completion of Task 79,2023-02-27,2023-02-23,Pending,TSK_428_79
PRJ_428,MLS_4279,Milestone Completion of Task 89,2023-03-02,2023-02-26,Pending,TSK_428_89
PRJ_428,MLS_4280,Milestone Completion of Task 99,2023-03-05,2023-03-07,Delayed,TSK_428_99
PRJ_429,MLS_4281,Milestone Completion of Task 9,2023-02-06,2023-02-21,Delayed,TSK_429_09
PRJ_429,MLS_4282,Milestone Completion of Task 19,2023-02-09,2023-02-24,Delayed,TSK_429_19
PRJ_429,MLS_4283,Milestone Completion of Task 29,2023-02-12,2023-02-08,Pending,TSK_429_29
PRJ_429,MLS_4284,Milestone Completion of Task 39,2023-02-15,2023-03-02,Delayed,TSK_429_39
PRJ_429,MLS_4285,Milestone Completion of Task 49,2023-02-18,2023-02-14,Pending,TSK_429_49
PRJ_429,MLS_4286,Milestone Completion of Task 59,2023-02-21,2023-03-08,Delayed,TSK_429_59
PRJ_429,MLS_4287,Milestone Completion of Task 69,2023-02-24,2023-02-20,Pending,TSK_429_69
PRJ_429,MLS_4288,Milestone Completion of Task 79,2023-02-27,2023-03-14,Delayed,TSK_429_79
PRJ_429,MLS_4289,Milestone Completion of Task 89,2023-03-02,2023-03-17,Delayed,TSK_429_89
PRJ_429,MLS_4290,Milestone Completion of Task 99,2023-03-05,2023-03-01,Pending,TSK_429_99
PRJ_430,MLS_4291,Milestone Completion of Task 9,2023-02-06,2023-02-04,Pending,TSK_430_09
PRJ_430,MLS_4292,Milestone Completion of Task 19,2023-02-09,2023-02-07,Pending,TSK_430_19
PRJ_430,MLS_4293,Milestone Completion of Task 29,2023-02-12,2023-02-14,Delayed,TSK_430_29
PRJ_430,MLS_4294,Milestone Completion of Task 39,2023-02-15,2023-03-02,Delayed,TSK_430_39
PRJ_430,MLS_4295,Milestone Completion of Task 49,2023-02-18,2023-02-14,Pending,TSK_430_49
PRJ_430,MLS_4296,Milestone Completion of Task 59,2023-02-21,2023-02-17,Pending,TSK_430_59
PRJ_430,MLS_4297,Milestone Completion of Task 69,2023-02-24,2023-02-24,Pending,TSK_430_69
PRJ_430,MLS_4298,Milestone Completion of Task 79,2023-02-27,2023-02-23,Pending,TSK_430_79
PRJ_430,MLS_4299,Milestone Completion of Task 89,2023-03-02,2023-03-07,Delayed,TSK_430_89
PRJ_430,MLS_4300,Milestone Completion of Task 99,2023-03-05,2023-03-01,Pending,TSK_430_99
PRJ_431,MLS_4301,Milestone Completion of Task 9,2023-02-06,2023-02-02,Pending,TSK_431_09
PRJ_431,MLS_4302,Milestone Completion of Task 19,2023-02-09,2023-02-09,Pending,TSK_431_19
PRJ_431,MLS_4303,Milestone Completion of Task 29,2023-02-12,2023-02-10,Pending,TSK_431_29
PRJ_431,MLS_4304,Milestone Completion of Task 39,2023-02-15,2023-02-11,Pending,TSK_431_39
PRJ_431,MLS_4305,Milestone Completion of Task 49,2023-02-18,2023-02-25,Delayed,TSK_431_49
PRJ_431,MLS_4306,Milestone Completion of Task 59,2023-02-21,2023-02-22,Delayed,TSK_431_59
PRJ_431,MLS_4307,Milestone Completion of Task 69,2023-02-24,2023-03-07,Delayed,TSK_431_69
PRJ_431,MLS_4308,Milestone Completion of Task 79,2023-02-27,2023-03-11,Delayed,TSK_431_79
PRJ_431,MLS_4309,Milestone Completion of Task 89,2023-03-02,2023-03-02,Pending,TSK_431_89
PRJ_431,MLS_4310,Milestone Completion of Task 99,2023-03-05,2023-03-14,Delayed,TSK_431_99
PRJ_432,MLS_4311,Milestone Completion of Task 9,2023-02-06,2023-02-17,Delayed,TSK_432_09
PRJ_432,MLS_4312,Milestone Completion of Task 19,2023-02-09,2023-02-15,Delayed,TSK_432_19
PRJ_432,MLS_4313,Milestone Completion of Task 29,2023-02-12,2023-02-08,Pending,TSK_432_29
PRJ_432,MLS_4314,Milestone Completion of Task 39,2023-02-15,2023-02-12,Pending,TSK_432_39
PRJ_432,MLS_4315,Milestone Completion of Task 49,2023-02-18,2023-03-01,Delayed,TSK_432_49
PRJ_432,MLS_4316,Milestone Completion of Task 59,2023-02-21,2023-03-04,Delayed,TSK_432_59
PRJ_432,MLS_4317,Milestone Completion of Task 69,2023-02-24,2023-02-27,Delayed,TSK_432_69
PRJ_432,MLS_4318,Milestone Completion of Task 79,2023-02-27,2023-02-23,Pending,TSK_432_79
PRJ_432,MLS_4319,Milestone Completion of Task 89,2023-03-02,2023-02-26,Pending,TSK_432_89
PRJ_432,MLS_4320,Milestone Completion of Task 99,2023-03-05,2023-03-01,Pending,TSK_432_99
PRJ_433,MLS_4321,Milestone Completion of Task 9,2023-02-07,2023-02-03,Pending,TSK_433_09
PRJ_433,MLS_4322,Milestone Completion of Task 19,2023-02-10,2023-02-06,Pending,TSK_433_19
PRJ_433,MLS_4323,Milestone Completion of Task 29,2023-02-13,2023-02-28,Delayed,TSK_433_29
PRJ_433,MLS_4324,Milestone Completion of Task 39,2023-02-16,2023-02-12,Pending,TSK_433_39
PRJ_433,MLS_4325,Milestone Completion of Task 49,2023-02-19,2023-02-15,Pending,TSK_433_49
PRJ_433,MLS_4326,Milestone Completion of Task 59,2023-02-22,2023-02-18,Pending,TSK_433_59
PRJ_433,MLS_4327,Milestone Completion of Task 69,2023-02-25,2023-02-25,Pending,TSK_433_69
PRJ_433,MLS_4328,Milestone Completion of Task 79,2023-02-28,2023-03-15,Delayed,TSK_433_79
PRJ_433,MLS_4329,Milestone Completion of Task 89,2023-03-03,2023-02-27,Pending,TSK_433_89
PRJ_433,MLS_4330,Milestone Completion of Task 99,2023-03-06,2023-03-21,Delayed,TSK_433_99
PRJ_434,MLS_4331,Milestone Completion of Task 9,2023-02-07,2023-02-03,Pending,TSK_434_09
PRJ_434,MLS_4332,Milestone Completion of Task 19,2023-02-10,2023-02-25,Delayed,TSK_434_19
PRJ_434,MLS_4333,Milestone Completion of Task 29,2023-02-13,2023-02-28,Delayed,TSK_434_29
PRJ_434,MLS_4334,Milestone Completion of Task 39,2023-02-16,2023-03-03,Delayed,TSK_434_39
PRJ_434,MLS_4335,Milestone Completion of Task 49,2023-02-19,2023-02-19,Pending,TSK_434_49
PRJ_434,MLS_4336,Milestone Completion of Task 59,2023-02-22,2023-03-01,Delayed,TSK_434_59
PRJ_434,MLS_4337,Milestone Completion of Task 69,2023-02-25,2023-02-25,Pending,TSK_434_69
PRJ_434,MLS_4338,Milestone Completion of Task 79,2023-02-28,2023-02-24,Pending,TSK_434_79
PRJ_434,MLS_4339,Milestone Completion of Task 89,2023-03-03,2023-02-27,Pending,TSK_434_89
PRJ_434,MLS_4340,Milestone Completion of Task 99,2023-03-06,2023-03-18,Delayed,TSK_434_99
PRJ_435,MLS_4341,Milestone Completion of Task 9,2023-02-07,2023-02-03,Pending,TSK_435_09
PRJ_435,MLS_4342,Milestone Completion of Task 19,2023-02-10,2023-02-25,Delayed,TSK_435_19
PRJ_435,MLS_4343,Milestone Completion of Task 29,2023-02-13,2023-02-28,Delayed,TSK_435_29
PRJ_435,MLS_4344,Milestone Completion of Task 39,2023-02-16,2023-02-12,Pending,TSK_435_39
PRJ_435,MLS_4345,Milestone Completion of Task 49,2023-02-19,2023-03-06,Delayed,TSK_435_49
PRJ_435,MLS_4346,Milestone Completion of Task 59,2023-02-22,2023-03-09,Delayed,TSK_435_59
PRJ_435,MLS_4347,Milestone Completion of Task 69,2023-02-25,2023-03-12,Delayed,TSK_435_69
PRJ_435,MLS_4348,Milestone Completion of Task 79,2023-02-28,2023-03-08,Delayed,TSK_435_79
PRJ_435,MLS_4349,Milestone Completion of Task 89,2023-03-03,2023-03-18,Delayed,TSK_435_89
PRJ_435,MLS_4350,Milestone Completion of Task 99,2023-03-06,2023-03-06,Pending,TSK_435_99
PRJ_436,MLS_4351,Milestone Completion of Task 9,2023-02-07,2023-02-03,Pending,TSK_436_09
PRJ_436,MLS_4352,Milestone Completion of Task 19,2023-02-10,2023-02-10,Pending,TSK_436_19
PRJ_436,MLS_4353,Milestone Completion of Task 29,2023-02-13,2023-02-13,Pending,TSK_436_29
PRJ_436,MLS_4354,Milestone Completion of Task 39,2023-02-16,2023-02-12,Pending,TSK_436_39
PRJ_436,MLS_4355,Milestone Completion of Task 49,2023-02-19,2023-02-18,Pending,TSK_436_49
PRJ_436,MLS_4356,Milestone Completion of Task 59,2023-02-22,2023-02-26,Delayed,TSK_436_59
PRJ_436,MLS_4357,Milestone Completion of Task 69,2023-02-25,2023-02-23,Pending,TSK_436_69
PRJ_436,MLS_4358,Milestone Completion of Task 79,2023-02-28,2023-02-24,Pending,TSK_436_79
PRJ_436,MLS_4359,Milestone Completion of Task 89,2023-03-03,2023-03-04,Delayed,TSK_436_89
PRJ_436,MLS_4360,Milestone Completion of Task 99,2023-03-06,2023-03-05,Pending,TSK_436_99
PRJ_437,MLS_4361,Milestone Completion of Task 9,2023-02-07,2023-02-22,Delayed,TSK_437_09
PRJ_437,MLS_4362,Milestone Completion of Task 19,2023-02-10,2023-02-25,Delayed,TSK_437_19
PRJ_437,MLS_4363,Milestone Completion of Task 29,2023-02-13,2023-02-16,Delayed,TSK_437_29
PRJ_437,MLS_4364,Milestone Completion of Task 39,2023-02-16,2023-02-12,Pending,TSK_437_39
PRJ_437,MLS_4365,Milestone Completion of Task 49,2023-02-19,2023-02-15,Pending,TSK_437_49
PRJ_437,MLS_4366,Milestone Completion of Task 59,2023-02-22,2023-02-18,Pending,TSK_437_59
PRJ_437,MLS_4367,Milestone Completion of Task 69,2023-02-25,2023-02-21,Pending,TSK_437_69
PRJ_437,MLS_4368,Milestone Completion of Task 79,2023-02-28,2023-03-13,Delayed,TSK_437_79
PRJ_437,MLS_4369,Milestone Completion of Task 89,2023-03-03,2023-02-27,Pending,TSK_437_89
PRJ_437,MLS_4370,Milestone Completion of Task 99,2023-03-06,2023-03-16,Delayed,TSK_437_99
PRJ_438,MLS_4371,Milestone Completion of Task 9,2023-02-07,2023-02-07,Pending,TSK_438_09
PRJ_438,MLS_4372,Milestone Completion of Task 19,2023-02-10,2023-02-21,Delayed,TSK_438_19
PRJ_438,MLS_4373,Milestone Completion of Task 29,2023-02-13,2023-02-20,Delayed,TSK_438_29
PRJ_438,MLS_4374,Milestone Completion of Task 39,2023-02-16,2023-02-16,Pending,TSK_438_39
PRJ_438,MLS_4375,Milestone Completion of Task 49,2023-02-19,2023-02-19,Pending,TSK_438_49
PRJ_438,MLS_4376,Milestone Completion of Task 59,2023-02-22,2023-02-23,Delayed,TSK_438_59
PRJ_438,MLS_4377,Milestone Completion of Task 69,2023-02-25,2023-02-22,Pending,TSK_438_69
PRJ_438,MLS_4378,Milestone Completion of Task 79,2023-02-28,2023-03-11,Delayed,TSK_438_79
PRJ_438,MLS_4379,Milestone Completion of Task 89,2023-03-03,2023-02-27,Pending,TSK_438_89
PRJ_438,MLS_4380,Milestone Completion of Task 99,2023-03-06,2023-03-02,Pending,TSK_438_99
PRJ_439,MLS_4381,Milestone Completion of Task 9,2023-02-07,2023-02-03,Pending,TSK_439_09
PRJ_439,MLS_4382,Milestone Completion of Task 19,2023-02-10,2023-02-25,Delayed,TSK_439_19
PRJ_439,MLS_4383,Milestone Completion of Task 29,2023-02-13,2023-02-09,Pending,TSK_439_29
PRJ_439,MLS_4384,Milestone Completion of Task 39,2023-02-16,2023-03-03,Delayed,TSK_439_39
PRJ_439,MLS_4385,Milestone Completion of Task 49,2023-02-19,2023-02-28,Delayed,TSK_439_49
PRJ_439,MLS_4386,Milestone Completion of Task 59,2023-02-22,2023-03-09,Delayed,TSK_439_59
PRJ_439,MLS_4387,Milestone Completion of Task 69,2023-02-25,2023-02-21,Pending,TSK_439_69
PRJ_439,MLS_4388,Milestone Completion of Task 79,2023-02-28,2023-03-15,Delayed,TSK_439_79
PRJ_439,MLS_4389,Milestone Completion of Task 89,2023-03-03,2023-03-18,Delayed,TSK_439_89
PRJ_439,MLS_4390,Milestone Completion of Task 99,2023-03-06,2023-03-15,Delayed,TSK_439_99
PRJ_440,MLS_4391,Milestone Completion of Task 9,2023-02-07,2023-02-17,Delayed,TSK_440_09
PRJ_440,MLS_4392,Milestone Completion of Task 19,2023-02-10,2023-02-06,Pending,TSK_440_19
PRJ_440,MLS_4393,Milestone Completion of Task 29,2023-02-13,2023-02-09,Pending,TSK_440_29
PRJ_440,MLS_4394,Milestone Completion of Task 39,2023-02-16,2023-02-20,Delayed,TSK_440_39
PRJ_440,MLS_4395,Milestone Completion of Task 49,2023-02-19,2023-02-19,Pending,TSK_440_49
PRJ_440,MLS_4396,Milestone Completion of Task 59,2023-02-22,2023-02-22,Pending,TSK_440_59
PRJ_440,MLS_4397,Milestone Completion of Task 69,2023-02-25,2023-03-12,Delayed,TSK_440_69
PRJ_440,MLS_4398,Milestone Completion of Task 79,2023-02-28,2023-03-15,Delayed,TSK_440_79
PRJ_440,MLS_4399,Milestone Completion of Task 89,2023-03-03,2023-02-27,Pending,TSK_440_89
PRJ_440,MLS_4400,Milestone Completion of Task 99,2023-03-06,2023-03-02,Pending,TSK_440_99
PRJ_441,MLS_4401,Milestone Completion of Task 9,2023-02-07,2023-02-03,Pending,TSK_441_09
PRJ_441,MLS_4402,Milestone Completion of Task 19,2023-02-10,2023-02-06,Pending,TSK_441_19
PRJ_441,MLS_4403,Milestone Completion of Task 29,2023-02-13,2023-02-23,Delayed,TSK_441_29
PRJ_441,MLS_4404,Milestone Completion of Task 39,2023-02-16,2023-02-12,Pending,TSK_441_39
PRJ_441,MLS_4405,Milestone Completion of Task 49,2023-02-19,2023-03-06,Delayed,TSK_441_49
PRJ_441,MLS_4406,Milestone Completion of Task 59,2023-02-22,2023-02-18,Pending,TSK_441_59
PRJ_441,MLS_4407,Milestone Completion of Task 69,2023-02-25,2023-02-21,Pending,TSK_441_69
PRJ_441,MLS_4408,Milestone Completion of Task 79,2023-02-28,2023-02-28,Pending,TSK_441_79
PRJ_441,MLS_4409,Milestone Completion of Task 89,2023-03-03,2023-03-13,Delayed,TSK_441_89
PRJ_441,MLS_4410,Milestone Completion of Task 99,2023-03-06,2023-03-02,Pending,TSK_441_99
PRJ_442,MLS_4411,Milestone Completion of Task 9,2023-02-07,2023-02-05,Pending,TSK_442_09
PRJ_442,MLS_4412,Milestone Completion of Task 19,2023-02-10,2023-02-25,Delayed,TSK_442_19
PRJ_442,MLS_4413,Milestone Completion of Task 29,2023-02-13,2023-02-09,Pending,TSK_442_29
PRJ_442,MLS_4414,Milestone Completion of Task 39,2023-02-16,2023-02-12,Pending,TSK_442_39
PRJ_442,MLS_4415,Milestone Completion of Task 49,2023-02-19,2023-02-26,Delayed,TSK_442_49
PRJ_442,MLS_4416,Milestone Completion of Task 59,2023-02-22,2023-02-27,Delayed,TSK_442_59
PRJ_442,MLS_4417,Milestone Completion of Task 69,2023-02-25,2023-02-21,Pending,TSK_442_69
PRJ_442,MLS_4418,Milestone Completion of Task 79,2023-02-28,2023-03-10,Delayed,TSK_442_79
PRJ_442,MLS_4419,Milestone Completion of Task 89,2023-03-03,2023-02-27,Pending,TSK_442_89
PRJ_442,MLS_4420,Milestone Completion of Task 99,2023-03-06,2023-03-02,Pending,TSK_442_99
PRJ_443,MLS_4421,Milestone Completion of Task 9,2023-02-07,2023-02-21,Delayed,TSK_443_09
PRJ_443,MLS_4422,Milestone Completion of Task 19,2023-02-10,2023-02-06,Pending,TSK_443_19
PRJ_443,MLS_4423,Milestone Completion of Task 29,2023-02-13,2023-02-09,Pending,TSK_443_29
PRJ_443,MLS_4424,Milestone Completion of Task 39,2023-02-16,2023-02-12,Pending,TSK_443_39
PRJ_443,MLS_4425,Milestone Completion of Task 49,2023-02-19,2023-02-25,Delayed,TSK_443_49
PRJ_443,MLS_4426,Milestone Completion of Task 59,2023-02-22,2023-02-18,Pending,TSK_443_59
PRJ_443,MLS_4427,Milestone Completion of Task 69,2023-02-25,2023-02-22,Pending,TSK_443_69
PRJ_443,MLS_4428,Milestone Completion of Task 79,2023-02-28,2023-02-24,Pending,TSK_443_79
PRJ_443,MLS_4429,Milestone Completion of Task 89,2023-03-03,2023-03-03,Pending,TSK_443_89
PRJ_443,MLS_4430,Milestone Completion of Task 99,2023-03-06,2023-03-02,Pending,TSK_443_99
PRJ_444,MLS_4431,Milestone Completion of Task 9,2023-02-07,2023-02-22,Delayed,TSK_444_09
PRJ_444,MLS_4432,Milestone Completion of Task 19,2023-02-10,2023-02-25,Delayed,TSK_444_19
PRJ_444,MLS_4433,Milestone Completion of Task 29,2023-02-13,2023-02-23,Delayed,TSK_444_29
PRJ_444,MLS_4434,Milestone Completion of Task 39,2023-02-16,2023-02-16,Pending,TSK_444_39
PRJ_444,MLS_4435,Milestone Completion of Task 49,2023-02-19,2023-02-15,Pending,TSK_444_49
PRJ_444,MLS_4436,Milestone Completion of Task 59,2023-02-22,2023-02-22,Pending,TSK_444_59
PRJ_444,MLS_4437,Milestone Completion of Task 69,2023-02-25,2023-03-12,Delayed,TSK_444_69
PRJ_444,MLS_4438,Milestone Completion of Task 79,2023-02-28,2023-02-24,Pending,TSK_444_79
PRJ_444,MLS_4439,Milestone Completion of Task 89,2023-03-03,2023-03-18,Delayed,TSK_444_89
PRJ_444,MLS_4440,Milestone Completion of Task 99,2023-03-06,2023-03-21,Delayed,TSK_444_99
PRJ_445,MLS_4441,Milestone Completion of Task 9,2023-02-07,2023-02-03,Pending,TSK_445_09
PRJ_445,MLS_4442,Milestone Completion of Task 19,2023-02-10,2023-02-12,Delayed,TSK_445_19
PRJ_445,MLS_4443,Milestone Completion of Task 29,2023-02-13,2023-02-09,Pending,TSK_445_29
PRJ_445,MLS_4444,Milestone Completion of Task 39,2023-02-16,2023-03-03,Delayed,TSK_445_39
PRJ_445,MLS_4445,Milestone Completion of Task 49,2023-02-19,2023-03-03,Delayed,TSK_445_49
PRJ_445,MLS_4446,Milestone Completion of Task 59,2023-02-22,2023-02-24,Delayed,TSK_445_59
PRJ_445,MLS_4447,Milestone Completion of Task 69,2023-02-25,2023-03-12,Delayed,TSK_445_69
PRJ_445,MLS_4448,Milestone Completion of Task 79,2023-02-28,2023-03-15,Delayed,TSK_445_79
PRJ_445,MLS_4449,Milestone Completion of Task 89,2023-03-03,2023-03-18,Delayed,TSK_445_89
PRJ_445,MLS_4450,Milestone Completion of Task 99,2023-03-06,2023-03-04,Pending,TSK_445_99
PRJ_446,MLS_4451,Milestone Completion of Task 9,2023-02-07,2023-02-03,Pending,TSK_446_09
PRJ_446,MLS_4452,Milestone Completion of Task 19,2023-02-10,2023-02-06,Pending,TSK_446_19
PRJ_446,MLS_4453,Milestone Completion of Task 29,2023-02-13,2023-02-28,Delayed,TSK_446_29
PRJ_446,MLS_4454,Milestone Completion of Task 39,2023-02-16,2023-02-16,Pending,TSK_446_39
PRJ_446,MLS_4455,Milestone Completion of Task 49,2023-02-19,2023-03-01,Delayed,TSK_446_49
PRJ_446,MLS_4456,Milestone Completion of Task 59,2023-02-22,2023-03-01,Delayed,TSK_446_59
PRJ_446,MLS_4457,Milestone Completion of Task 69,2023-02-25,2023-03-12,Delayed,TSK_446_69
PRJ_446,MLS_4458,Milestone Completion of Task 79,2023-02-28,2023-02-28,Pending,TSK_446_79
PRJ_446,MLS_4459,Milestone Completion of Task 89,2023-03-03,2023-03-18,Delayed,TSK_446_89
PRJ_446,MLS_4460,Milestone Completion of Task 99,2023-03-06,2023-03-02,Pending,TSK_446_99
PRJ_447,MLS_4461,Milestone Completion of Task 9,2023-02-07,2023-02-22,Delayed,TSK_447_09
PRJ_447,MLS_4462,Milestone Completion of Task 19,2023-02-10,2023-02-15,Delayed,TSK_447_19
PRJ_447,MLS_4463,Milestone Completion of Task 29,2023-02-13,2023-02-18,Delayed,TSK_447_29
PRJ_447,MLS_4464,Milestone Completion of Task 39,2023-02-16,2023-03-03,Delayed,TSK_447_39
PRJ_447,MLS_4465,Milestone Completion of Task 49,2023-02-19,2023-02-15,Pending,TSK_447_49
PRJ_447,MLS_4466,Milestone Completion of Task 59,2023-02-22,2023-03-09,Delayed,TSK_447_59
PRJ_447,MLS_4467,Milestone Completion of Task 69,2023-02-25,2023-03-04,Delayed,TSK_447_69
PRJ_447,MLS_4468,Milestone Completion of Task 79,2023-02-28,2023-03-15,Delayed,TSK_447_79
PRJ_447,MLS_4469,Milestone Completion of Task 89,2023-03-03,2023-03-03,Pending,TSK_447_89
PRJ_447,MLS_4470,Milestone Completion of Task 99,2023-03-06,2023-03-02,Pending,TSK_447_99
PRJ_448,MLS_4471,Milestone Completion of Task 9,2023-02-08,2023-02-04,Pending,TSK_448_09
PRJ_448,MLS_4472,Milestone Completion of Task 19,2023-02-11,2023-02-17,Delayed,TSK_448_19
PRJ_448,MLS_4473,Milestone Completion of Task 29,2023-02-14,2023-02-12,Pending,TSK_448_29
PRJ_448,MLS_4474,Milestone Completion of Task 39,2023-02-17,2023-03-04,Delayed,TSK_448_39
PRJ_448,MLS_4475,Milestone Completion of Task 49,2023-02-20,2023-02-16,Pending,TSK_448_49
PRJ_448,MLS_4476,Milestone Completion of Task 59,2023-02-23,2023-02-19,Pending,TSK_448_59
PRJ_448,MLS_4477,Milestone Completion of Task 69,2023-02-26,2023-03-13,Delayed,TSK_448_69
PRJ_448,MLS_4478,Milestone Completion of Task 79,2023-03-01,2023-03-03,Delayed,TSK_448_79
PRJ_448,MLS_4479,Milestone Completion of Task 89,2023-03-04,2023-02-28,Pending,TSK_448_89
PRJ_448,MLS_4480,Milestone Completion of Task 99,2023-03-07,2023-03-07,Pending,TSK_448_99
PRJ_449,MLS_4481,Milestone Completion of Task 9,2023-02-08,2023-02-04,Pending,TSK_449_09
PRJ_449,MLS_4482,Milestone Completion of Task 19,2023-02-11,2023-02-24,Delayed,TSK_449_19
PRJ_449,MLS_4483,Milestone Completion of Task 29,2023-02-14,2023-02-10,Pending,TSK_449_29
PRJ_449,MLS_4484,Milestone Completion of Task 39,2023-02-17,2023-02-13,Pending,TSK_449_39
PRJ_449,MLS_4485,Milestone Completion of Task 49,2023-02-20,2023-02-16,Pending,TSK_449_49
PRJ_449,MLS_4486,Milestone Completion of Task 59,2023-02-23,2023-02-19,Pending,TSK_449_59
PRJ_449,MLS_4487,Milestone Completion of Task 69,2023-02-26,2023-03-11,Delayed,TSK_449_69
PRJ_449,MLS_4488,Milestone Completion of Task 79,2023-03-01,2023-03-14,Delayed,TSK_449_79
PRJ_449,MLS_4489,Milestone Completion of Task 89,2023-03-04,2023-03-19,Delayed,TSK_449_89
PRJ_449,MLS_4490,Milestone Completion of Task 99,2023-03-07,2023-03-17,Delayed,TSK_449_99
PRJ_450,MLS_4491,Milestone Completion of Task 9,2023-02-08,2023-02-04,Pending,TSK_450_09
PRJ_450,MLS_4492,Milestone Completion of Task 19,2023-02-11,2023-02-07,Pending,TSK_450_19
PRJ_450,MLS_4493,Milestone Completion of Task 29,2023-02-14,2023-02-21,Delayed,TSK_450_29
PRJ_450,MLS_4494,Milestone Completion of Task 39,2023-02-17,2023-03-02,Delayed,TSK_450_39
PRJ_450,MLS_4495,Milestone Completion of Task 49,2023-02-20,2023-03-05,Delayed,TSK_450_49
PRJ_450,MLS_4496,Milestone Completion of Task 59,2023-02-23,2023-02-19,Pending,TSK_450_59
PRJ_450,MLS_4497,Milestone Completion of Task 69,2023-02-26,2023-02-22,Pending,TSK_450_69
PRJ_450,MLS_4498,Milestone Completion of Task 79,2023-03-01,2023-03-01,Pending,TSK_450_79
PRJ_450,MLS_4499,Milestone Completion of Task 89,2023-03-04,2023-03-17,Delayed,TSK_450_89
PRJ_450,MLS_4500,Milestone Completion of Task 99,2023-03-07,2023-03-08,Delayed,TSK_450_99
PRJ_451,MLS_4501,Milestone Completion of Task 9,2023-02-08,2023-02-19,Delayed,TSK_451_09
PRJ_451,MLS_4502,Milestone Completion of Task 19,2023-02-11,2023-02-07,Pending,TSK_451_19
PRJ_451,MLS_4503,Milestone Completion of Task 29,2023-02-14,2023-02-10,Pending,TSK_451_29
PRJ_451,MLS_4504,Milestone Completion of Task 39,2023-02-17,2023-02-13,Pending,TSK_451_39
PRJ_451,MLS_4505,Milestone Completion of Task 49,2023-02-20,2023-03-05,Delayed,TSK_451_49
PRJ_451,MLS_4506,Milestone Completion of Task 59,2023-02-23,2023-02-24,Delayed,TSK_451_59
PRJ_451,MLS_4507,Milestone Completion of Task 69,2023-02-26,2023-02-26,Pending,TSK_451_69
PRJ_451,MLS_4508,Milestone Completion of Task 79,2023-03-01,2023-02-25,Pending,TSK_451_79
PRJ_451,MLS_4509,Milestone Completion of Task 89,2023-03-04,2023-02-28,Pending,TSK_451_89
PRJ_451,MLS_4510,Milestone Completion of Task 99,2023-03-07,2023-03-22,Delayed,TSK_451_99
PRJ_452,MLS_4511,Milestone Completion of Task 9,2023-02-08,2023-02-06,Pending,TSK_452_09
PRJ_452,MLS_4512,Milestone Completion of Task 19,2023-02-11,2023-02-15,Delayed,TSK_452_19
PRJ_452,MLS_4513,Milestone Completion of Task 29,2023-02-14,2023-02-10,Pending,TSK_452_29
PRJ_452,MLS_4514,Milestone Completion of Task 39,2023-02-17,2023-02-13,Pending,TSK_452_39
PRJ_452,MLS_4515,Milestone Completion of Task 49,2023-02-20,2023-02-25,Delayed,TSK_452_49
PRJ_452,MLS_4516,Milestone Completion of Task 59,2023-02-23,2023-03-03,Delayed,TSK_452_59
PRJ_452,MLS_4517,Milestone Completion of Task 69,2023-02-26,2023-03-06,Delayed,TSK_452_69
PRJ_452,MLS_4518,Milestone Completion of Task 79,2023-03-01,2023-02-25,Pending,TSK_452_79
PRJ_452,MLS_4519,Milestone Completion of Task 89,2023-03-04,2023-03-11,Delayed,TSK_452_89
PRJ_452,MLS_4520,Milestone Completion of Task 99,2023-03-07,2023-03-12,Delayed,TSK_452_99
PRJ_453,MLS_4521,Milestone Completion of Task 9,2023-02-08,2023-02-12,Delayed,TSK_453_09
PRJ_453,MLS_4522,Milestone Completion of Task 19,2023-02-11,2023-02-07,Pending,TSK_453_19
PRJ_453,MLS_4523,Milestone Completion of Task 29,2023-02-14,2023-02-10,Pending,TSK_453_29
PRJ_453,MLS_4524,Milestone Completion of Task 39,2023-02-17,2023-02-21,Delayed,TSK_453_39
PRJ_453,MLS_4525,Milestone Completion of Task 49,2023-02-20,2023-02-26,Delayed,TSK_453_49
PRJ_453,MLS_4526,Milestone Completion of Task 59,2023-02-23,2023-02-25,Delayed,TSK_453_59
PRJ_453,MLS_4527,Milestone Completion of Task 69,2023-02-26,2023-02-22,Pending,TSK_453_69
PRJ_453,MLS_4528,Milestone Completion of Task 79,2023-03-01,2023-02-25,Pending,TSK_453_79
PRJ_453,MLS_4529,Milestone Completion of Task 89,2023-03-04,2023-03-04,Pending,TSK_453_89
PRJ_453,MLS_4530,Milestone Completion of Task 99,2023-03-07,2023-03-03,Pending,TSK_453_99
PRJ_454,MLS_4531,Milestone Completion of Task 9,2023-02-08,2023-02-04,Pending,TSK_454_09
PRJ_454,MLS_4532,Milestone Completion of Task 19,2023-02-11,2023-02-18,Delayed,TSK_454_19
PRJ_454,MLS_4533,Milestone Completion of Task 29,2023-02-14,2023-02-10,Pending,TSK_454_29
PRJ_454,MLS_4534,Milestone Completion of Task 39,2023-02-17,2023-02-13,Pending,TSK_454_39
PRJ_454,MLS_4535,Milestone Completion of Task 49,2023-02-20,2023-03-07,Delayed,TSK_454_49
PRJ_454,MLS_4536,Milestone Completion of Task 59,2023-02-23,2023-03-02,Delayed,TSK_454_59
PRJ_454,MLS_4537,Milestone Completion of Task 69,2023-02-26,2023-03-13,Delayed,TSK_454_69
PRJ_454,MLS_4538,Milestone Completion of Task 79,2023-03-01,2023-03-01,Pending,TSK_454_79
PRJ_454,MLS_4539,Milestone Completion of Task 89,2023-03-04,2023-03-19,Delayed,TSK_454_89
PRJ_454,MLS_4540,Milestone Completion of Task 99,2023-03-07,2023-03-22,Delayed,TSK_454_99
PRJ_455,MLS_4541,Milestone Completion of Task 9,2023-02-08,2023-02-04,Pending,TSK_455_09
PRJ_455,MLS_4542,Milestone Completion of Task 19,2023-02-11,2023-02-21,Delayed,TSK_455_19
PRJ_455,MLS_4543,Milestone Completion of Task 29,2023-02-14,2023-03-01,Delayed,TSK_455_29
PRJ_455,MLS_4544,Milestone Completion of Task 39,2023-02-17,2023-02-13,Pending,TSK_455_39
PRJ_455,MLS_4545,Milestone Completion of Task 49,2023-02-20,2023-02-16,Pending,TSK_455_49
PRJ_455,MLS_4546,Milestone Completion of Task 59,2023-02-23,2023-02-19,Pending,TSK_455_59
PRJ_455,MLS_4547,Milestone Completion of Task 69,2023-02-26,2023-03-13,Delayed,TSK_455_69
PRJ_455,MLS_4548,Milestone Completion of Task 79,2023-03-01,2023-03-01,Pending,TSK_455_79
PRJ_455,MLS_4549,Milestone Completion of Task 89,2023-03-04,2023-02-28,Pending,TSK_455_89
PRJ_455,MLS_4550,Milestone Completion of Task 99,2023-03-07,2023-03-03,Pending,TSK_455_99
PRJ_456,MLS_4551,Milestone Completion of Task 9,2023-02-08,2023-02-08,Pending,TSK_456_09
PRJ_456,MLS_4552,Milestone Completion of Task 19,2023-02-11,2023-02-07,Pending,TSK_456_19
PRJ_456,MLS_4553,Milestone Completion of Task 29,2023-02-14,2023-03-01,Delayed,TSK_456_29
PRJ_456,MLS_4554,Milestone Completion of Task 39,2023-02-17,2023-02-13,Pending,TSK_456_39
PRJ_456,MLS_4555,Milestone Completion of Task 49,2023-02-20,2023-02-18,Pending,TSK_456_49
PRJ_456,MLS_4556,Milestone Completion of Task 59,2023-02-23,2023-02-23,Pending,TSK_456_59
PRJ_456,MLS_4557,Milestone Completion of Task 69,2023-02-26,2023-02-28,Delayed,TSK_456_69
PRJ_456,MLS_4558,Milestone Completion of Task 79,2023-03-01,2023-02-25,Pending,TSK_456_79
PRJ_456,MLS_4559,Milestone Completion of Task 89,2023-03-04,2023-03-14,Delayed,TSK_456_89
PRJ_456,MLS_4560,Milestone Completion of Task 99,2023-03-07,2023-03-03,Pending,TSK_456_99
PRJ_457,MLS_4561,Milestone Completion of Task 9,2023-02-08,2023-02-23,Delayed,TSK_457_09
PRJ_457,MLS_4562,Milestone Completion of Task 19,2023-02-11,2023-02-26,Delayed,TSK_457_19
PRJ_457,MLS_4563,Milestone Completion of Task 29,2023-02-14,2023-02-16,Delayed,TSK_457_29
PRJ_457,MLS_4564,Milestone Completion of Task 39,2023-02-17,2023-02-13,Pending,TSK_457_39
PRJ_457,MLS_4565,Milestone Completion of Task 49,2023-02-20,2023-02-27,Delayed,TSK_457_49
PRJ_457,MLS_4566,Milestone Completion of Task 59,2023-02-23,2023-03-05,Delayed,TSK_457_59
PRJ_457,MLS_4567,Milestone Completion of Task 69,2023-02-26,2023-02-28,Delayed,TSK_457_69
PRJ_457,MLS_4568,Milestone Completion of Task 79,2023-03-01,2023-03-08,Delayed,TSK_457_79
PRJ_457,MLS_4569,Milestone Completion of Task 89,2023-03-04,2023-03-11,Delayed,TSK_457_89
PRJ_457,MLS_4570,Milestone Completion of Task 99,2023-03-07,2023-03-03,Pending,TSK_457_99
PRJ_458,MLS_4571,Milestone Completion of Task 9,2023-02-08,2023-02-04,Pending,TSK_458_09
PRJ_458,MLS_4572,Milestone Completion of Task 19,2023-02-11,2023-02-07,Pending,TSK_458_19
PRJ_458,MLS_4573,Milestone Completion of Task 29,2023-02-14,2023-02-10,Pending,TSK_458_29
PRJ_458,MLS_4574,Milestone Completion of Task 39,2023-02-17,2023-02-28,Delayed,TSK_458_39
PRJ_458,MLS_4575,Milestone Completion of Task 49,2023-02-20,2023-02-25,Delayed,TSK_458_49
PRJ_458,MLS_4576,Milestone Completion of Task 59,2023-02-23,2023-02-19,Pending,TSK_458_59
PRJ_458,MLS_4577,Milestone Completion of Task 69,2023-02-26,2023-02-22,Pending,TSK_458_69
PRJ_458,MLS_4578,Milestone Completion of Task 79,2023-03-01,2023-03-16,Delayed,TSK_458_79
PRJ_458,MLS_4579,Milestone Completion of Task 89,2023-03-04,2023-03-19,Delayed,TSK_458_89
PRJ_458,MLS_4580,Milestone Completion of Task 99,2023-03-07,2023-03-03,Pending,TSK_458_99
PRJ_459,MLS_4581,Milestone Completion of Task 9,2023-02-08,2023-02-04,Pending,TSK_459_09
PRJ_459,MLS_4582,Milestone Completion of Task 19,2023-02-11,2023-02-16,Delayed,TSK_459_19
PRJ_459,MLS_4583,Milestone Completion of Task 29,2023-02-14,2023-02-10,Pending,TSK_459_29
PRJ_459,MLS_4584,Milestone Completion of Task 39,2023-02-17,2023-02-17,Pending,TSK_459_39
PRJ_459,MLS_4585,Milestone Completion of Task 49,2023-02-20,2023-02-16,Pending,TSK_459_49
PRJ_459,MLS_4586,Milestone Completion of Task 59,2023-02-23,2023-03-07,Delayed,TSK_459_59
PRJ_459,MLS_4587,Milestone Completion of Task 69,2023-02-26,2023-02-26,Pending,TSK_459_69
PRJ_459,MLS_4588,Milestone Completion of Task 79,2023-03-01,2023-03-16,Delayed,TSK_459_79
PRJ_459,MLS_4589,Milestone Completion of Task 89,2023-03-04,2023-03-19,Delayed,TSK_459_89
PRJ_459,MLS_4590,Milestone Completion of Task 99,2023-03-07,2023-03-03,Pending,TSK_459_99
PRJ_460,MLS_4591,Milestone Completion of Task 9,2023-02-08,2023-02-04,Pending,TSK_460_09
PRJ_460,MLS_4592,Milestone Completion of Task 19,2023-02-11,2023-02-07,Pending,TSK_460_19
PRJ_460,MLS_4593,Milestone Completion of Task 29,2023-02-14,2023-03-01,Delayed,TSK_460_29
PRJ_460,MLS_4594,Milestone Completion of Task 39,2023-02-17,2023-02-13,Pending,TSK_460_39
PRJ_460,MLS_4595,Milestone Completion of Task 49,2023-02-20,2023-03-07,Delayed,TSK_460_49
PRJ_460,MLS_4596,Milestone Completion of Task 59,2023-02-23,2023-02-19,Pending,TSK_460_59
PRJ_460,MLS_4597,Milestone Completion of Task 69,2023-02-26,2023-02-22,Pending,TSK_460_69
PRJ_460,MLS_4598,Milestone Completion of Task 79,2023-03-01,2023-03-16,Delayed,TSK_460_79
PRJ_460,MLS_4599,Milestone Completion of Task 89,2023-03-04,2023-03-19,Delayed,TSK_460_89
PRJ_460,MLS_4600,Milestone Completion of Task 99,2023-03-07,2023-03-03,Pending,TSK_460_99
PRJ_461,MLS_4601,Milestone Completion of Task 9,2023-02-08,2023-02-16,Delayed,TSK_461_09
PRJ_461,MLS_4602,Milestone Completion of Task 19,2023-02-11,2023-02-09,Pending,TSK_461_19
PRJ_461,MLS_4603,Milestone Completion of Task 29,2023-02-14,2023-02-25,Delayed,TSK_461_29
PRJ_461,MLS_4604,Milestone Completion of Task 39,2023-02-17,2023-03-04,Delayed,TSK_461_39
PRJ_461,MLS_4605,Milestone Completion of Task 49,2023-02-20,2023-03-03,Delayed,TSK_461_49
PRJ_461,MLS_4606,Milestone Completion of Task 59,2023-02-23,2023-03-10,Delayed,TSK_461_59
PRJ_461,MLS_4607,Milestone Completion of Task 69,2023-02-26,2023-03-04,Delayed,TSK_461_69
PRJ_461,MLS_4608,Milestone Completion of Task 79,2023-03-01,2023-03-09,Delayed,TSK_461_79
PRJ_461,MLS_4609,Milestone Completion of Task 89,2023-03-04,2023-03-17,Delayed,TSK_461_89
PRJ_461,MLS_4610,Milestone Completion of Task 99,2023-03-07,2023-03-13,Delayed,TSK_461_99
PRJ_462,MLS_4611,Milestone Completion of Task 9,2023-02-09,2023-02-05,Pending,TSK_462_09
PRJ_462,MLS_4612,Milestone Completion of Task 19,2023-02-12,2023-02-23,Delayed,TSK_462_19
PRJ_462,MLS_4613,Milestone Completion of Task 29,2023-02-15,2023-02-11,Pending,TSK_462_29
PRJ_462,MLS_4614,Milestone Completion of Task 39,2023-02-18,2023-02-24,Delayed,TSK_462_39
PRJ_462,MLS_4615,Milestone Completion of Task 49,2023-02-21,2023-02-20,Pending,TSK_462_49
PRJ_462,MLS_4616,Milestone Completion of Task 59,2023-02-24,2023-02-28,Delayed,TSK_462_59
PRJ_462,MLS_4617,Milestone Completion of Task 69,2023-02-27,2023-02-28,Delayed,TSK_462_69
PRJ_462,MLS_4618,Milestone Completion of Task 79,2023-03-02,2023-03-02,Pending,TSK_462_79
PRJ_462,MLS_4619,Milestone Completion of Task 89,2023-03-05,2023-03-14,Delayed,TSK_462_89
PRJ_462,MLS_4620,Milestone Completion of Task 99,2023-03-08,2023-03-14,Delayed,TSK_462_99
PRJ_463,MLS_4621,Milestone Completion of Task 9,2023-02-09,2023-02-21,Delayed,TSK_463_09
PRJ_463,MLS_4622,Milestone Completion of Task 19,2023-02-12,2023-02-27,Delayed,TSK_463_19
PRJ_463,MLS_4623,Milestone Completion of Task 29,2023-02-15,2023-02-11,Pending,TSK_463_29
PRJ_463,MLS_4624,Milestone Completion of Task 39,2023-02-18,2023-03-05,Delayed,TSK_463_39
PRJ_463,MLS_4625,Milestone Completion of Task 49,2023-02-21,2023-02-18,Pending,TSK_463_49
PRJ_463,MLS_4626,Milestone Completion of Task 59,2023-02-24,2023-02-20,Pending,TSK_463_59
PRJ_463,MLS_4627,Milestone Completion of Task 69,2023-02-27,2023-02-23,Pending,TSK_463_69
PRJ_463,MLS_4628,Milestone Completion of Task 79,2023-03-02,2023-02-26,Pending,TSK_463_79
PRJ_463,MLS_4629,Milestone Completion of Task 89,2023-03-05,2023-03-01,Pending,TSK_463_89
PRJ_463,MLS_4630,Milestone Completion of Task 99,2023-03-08,2023-03-04,Pending,TSK_463_99
PRJ_464,MLS_4631,Milestone Completion of Task 9,2023-02-09,2023-02-24,Delayed,TSK_464_09
PRJ_464,MLS_4632,Milestone Completion of Task 19,2023-02-12,2023-02-08,Pending,TSK_464_19
PRJ_464,MLS_4633,Milestone Completion of Task 29,2023-02-15,2023-03-02,Delayed,TSK_464_29
PRJ_464,MLS_4634,Milestone Completion of Task 39,2023-02-18,2023-03-05,Delayed,TSK_464_39
PRJ_464,MLS_4635,Milestone Completion of Task 49,2023-02-21,2023-02-21,Pending,TSK_464_49
PRJ_464,MLS_4636,Milestone Completion of Task 59,2023-02-24,2023-02-20,Pending,TSK_464_59
PRJ_464,MLS_4637,Milestone Completion of Task 69,2023-02-27,2023-03-14,Delayed,TSK_464_69
PRJ_464,MLS_4638,Milestone Completion of Task 79,2023-03-02,2023-03-17,Delayed,TSK_464_79
PRJ_464,MLS_4639,Milestone Completion of Task 89,2023-03-05,2023-03-01,Pending,TSK_464_89
PRJ_464,MLS_4640,Milestone Completion of Task 99,2023-03-08,2023-03-04,Pending,TSK_464_99
PRJ_465,MLS_4641,Milestone Completion of Task 9,2023-02-09,2023-02-08,Pending,TSK_465_09
PRJ_465,MLS_4642,Milestone Completion of Task 19,2023-02-12,2023-02-08,Pending,TSK_465_19
PRJ_465,MLS_4643,Milestone Completion of Task 29,2023-02-15,2023-02-15,Pending,TSK_465_29
PRJ_465,MLS_4644,Milestone Completion of Task 39,2023-02-18,2023-02-15,Pending,TSK_465_39
PRJ_465,MLS_4645,Milestone Completion of Task 49,2023-02-21,2023-02-17,Pending,TSK_465_49
PRJ_465,MLS_4646,Milestone Completion of Task 59,2023-02-24,2023-03-01,Delayed,TSK_465_59
PRJ_465,MLS_4647,Milestone Completion of Task 69,2023-02-27,2023-02-23,Pending,TSK_465_69
PRJ_465,MLS_4648,Milestone Completion of Task 79,2023-03-02,2023-03-01,Pending,TSK_465_79
PRJ_465,MLS_4649,Milestone Completion of Task 89,2023-03-05,2023-03-20,Delayed,TSK_465_89
PRJ_465,MLS_4650,Milestone Completion of Task 99,2023-03-08,2023-03-08,Pending,TSK_465_99
PRJ_466,MLS_4651,Milestone Completion of Task 9,2023-02-09,2023-02-24,Delayed,TSK_466_09
PRJ_466,MLS_4652,Milestone Completion of Task 19,2023-02-12,2023-02-27,Delayed,TSK_466_19
PRJ_466,MLS_4653,Milestone Completion of Task 29,2023-02-15,2023-02-11,Pending,TSK_466_29
PRJ_466,MLS_4654,Milestone Completion of Task 39,2023-02-18,2023-02-16,Pending,TSK_466_39
PRJ_466,MLS_4655,Milestone Completion of Task 49,2023-02-21,2023-03-02,Delayed,TSK_466_49
PRJ_466,MLS_4656,Milestone Completion of Task 59,2023-02-24,2023-03-05,Delayed,TSK_466_59
PRJ_466,MLS_4657,Milestone Completion of Task 69,2023-02-27,2023-03-08,Delayed,TSK_466_69
PRJ_466,MLS_4658,Milestone Completion of Task 79,2023-03-02,2023-03-04,Delayed,TSK_466_79
PRJ_466,MLS_4659,Milestone Completion of Task 89,2023-03-05,2023-03-01,Pending,TSK_466_89
PRJ_466,MLS_4660,Milestone Completion of Task 99,2023-03-08,2023-03-04,Pending,TSK_466_99
PRJ_467,MLS_4661,Milestone Completion of Task 9,2023-02-09,2023-02-14,Delayed,TSK_467_09
PRJ_467,MLS_4662,Milestone Completion of Task 19,2023-02-12,2023-02-08,Pending,TSK_467_19
PRJ_467,MLS_4663,Milestone Completion of Task 29,2023-02-15,2023-02-15,Pending,TSK_467_29
PRJ_467,MLS_4664,Milestone Completion of Task 39,2023-02-18,2023-02-20,Delayed,TSK_467_39
PRJ_467,MLS_4665,Milestone Completion of Task 49,2023-02-21,2023-02-19,Pending,TSK_467_49
PRJ_467,MLS_4666,Milestone Completion of Task 59,2023-02-24,2023-02-24,Pending,TSK_467_59
PRJ_467,MLS_4667,Milestone Completion of Task 69,2023-02-27,2023-02-23,Pending,TSK_467_69
PRJ_467,MLS_4668,Milestone Completion of Task 79,2023-03-02,2023-02-26,Pending,TSK_467_79
PRJ_467,MLS_4669,Milestone Completion of Task 89,2023-03-05,2023-03-20,Delayed,TSK_467_89
PRJ_467,MLS_4670,Milestone Completion of Task 99,2023-03-08,2023-03-06,Pending,TSK_467_99
PRJ_468,MLS_4671,Milestone Completion of Task 9,2023-02-09,2023-02-05,Pending,TSK_468_09
PRJ_468,MLS_4672,Milestone Completion of Task 19,2023-02-12,2023-02-08,Pending,TSK_468_19
PRJ_468,MLS_4673,Milestone Completion of Task 29,2023-02-15,2023-02-11,Pending,TSK_468_29
PRJ_468,MLS_4674,Milestone Completion of Task 39,2023-02-18,2023-02-14,Pending,TSK_468_39
PRJ_468,MLS_4675,Milestone Completion of Task 49,2023-02-21,2023-03-08,Delayed,TSK_468_49
PRJ_468,MLS_4676,Milestone Completion of Task 59,2023-02-24,2023-03-01,Delayed,TSK_468_59
PRJ_468,MLS_4677,Milestone Completion of Task 69,2023-02-27,2023-02-23,Pending,TSK_468_69
PRJ_468,MLS_4678,Milestone Completion of Task 79,2023-03-02,2023-03-17,Delayed,TSK_468_79
PRJ_468,MLS_4679,Milestone Completion of Task 89,2023-03-05,2023-03-03,Pending,TSK_468_89
PRJ_468,MLS_4680,Milestone Completion of Task 99,2023-03-08,2023-03-08,Pending,TSK_468_99
PRJ_469,MLS_4681,Milestone Completion of Task 9,2023-02-09,2023-02-05,Pending,TSK_469_09
PRJ_469,MLS_4682,Milestone Completion of Task 19,2023-02-12,2023-02-08,Pending,TSK_469_19
PRJ_469,MLS_4683,Milestone Completion of Task 29,2023-02-15,2023-02-15,Pending,TSK_469_29
PRJ_469,MLS_4684,Milestone Completion of Task 39,2023-02-18,2023-02-14,Pending,TSK_469_39
PRJ_469,MLS_4685,Milestone Completion of Task 49,2023-02-21,2023-02-28,Delayed,TSK_469_49
PRJ_469,MLS_4686,Milestone Completion of Task 59,2023-02-24,2023-03-11,Delayed,TSK_469_59
PRJ_469,MLS_4687,Milestone Completion of Task 69,2023-02-27,2023-03-14,Delayed,TSK_469_69
PRJ_469,MLS_4688,Milestone Completion of Task 79,2023-03-02,2023-02-26,Pending,TSK_469_79
PRJ_469,MLS_4689,Milestone Completion of Task 89,2023-03-05,2023-03-01,Pending,TSK_469_89
PRJ_469,MLS_4690,Milestone Completion of Task 99,2023-03-08,2023-03-13,Delayed,TSK_469_99
PRJ_470,MLS_4691,Milestone Completion of Task 9,2023-02-09,2023-02-05,Pending,TSK_470_09
PRJ_470,MLS_4692,Milestone Completion of Task 19,2023-02-12,2023-02-14,Delayed,TSK_470_19
PRJ_470,MLS_4693,Milestone Completion of Task 29,2023-02-15,2023-03-02,Delayed,TSK_470_29
PRJ_470,MLS_4694,Milestone Completion of Task 39,2023-02-18,2023-02-18,Pending,TSK_470_39
PRJ_470,MLS_4695,Milestone Completion of Task 49,2023-02-21,2023-02-19,Pending,TSK_470_49
PRJ_470,MLS_4696,Milestone Completion of Task 59,2023-02-24,2023-02-20,Pending,TSK_470_59
PRJ_470,MLS_4697,Milestone Completion of Task 69,2023-02-27,2023-03-13,Delayed,TSK_470_69
PRJ_470,MLS_4698,Milestone Completion of Task 79,2023-03-02,2023-03-07,Delayed,TSK_470_79
PRJ_470,MLS_4699,Milestone Completion of Task 89,2023-03-05,2023-03-01,Pending,TSK_470_89
PRJ_470,MLS_4700,Milestone Completion of Task 99,2023-03-08,2023-03-04,Pending,TSK_470_99
PRJ_471,MLS_4701,Milestone Completion of Task 9,2023-02-09,2023-02-05,Pending,TSK_471_09
PRJ_471,MLS_4702,Milestone Completion of Task 19,2023-02-12,2023-02-08,Pending,TSK_471_19
PRJ_471,MLS_4703,Milestone Completion of Task 29,2023-02-15,2023-02-27,Delayed,TSK_471_29
PRJ_471,MLS_4704,Milestone Completion of Task 39,2023-02-18,2023-02-16,Pending,TSK_471_39
PRJ_471,MLS_4705,Milestone Completion of Task 49,2023-02-21,2023-02-17,Pending,TSK_471_49
PRJ_471,MLS_4706,Milestone Completion of Task 59,2023-02-24,2023-02-22,Pending,TSK_471_59
PRJ_471,MLS_4707,Milestone Completion of Task 69,2023-02-27,2023-02-23,Pending,TSK_471_69
PRJ_471,MLS_4708,Milestone Completion of Task 79,2023-03-02,2023-02-26,Pending,TSK_471_79
PRJ_471,MLS_4709,Milestone Completion of Task 89,2023-03-05,2023-03-10,Delayed,TSK_471_89
PRJ_471,MLS_4710,Milestone Completion of Task 99,2023-03-08,2023-03-04,Pending,TSK_471_99
PRJ_472,MLS_4711,Milestone Completion of Task 9,2023-02-09,2023-02-24,Delayed,TSK_472_09
PRJ_472,MLS_4712,Milestone Completion of Task 19,2023-02-12,2023-02-08,Pending,TSK_472_19
PRJ_472,MLS_4713,Milestone Completion of Task 29,2023-02-15,2023-02-11,Pending,TSK_472_29
PRJ_472,MLS_4714,Milestone Completion of Task 39,2023-02-18,2023-03-05,Delayed,TSK_472_39
PRJ_472,MLS_4715,Milestone Completion of Task 49,2023-02-21,2023-02-17,Pending,TSK_472_49
PRJ_472,MLS_4716,Milestone Completion of Task 59,2023-02-24,2023-03-02,Delayed,TSK_472_59
PRJ_472,MLS_4717,Milestone Completion of Task 69,2023-02-27,2023-03-14,Delayed,TSK_472_69
PRJ_472,MLS_4718,Milestone Completion of Task 79,2023-03-02,2023-03-02,Pending,TSK_472_79
PRJ_472,MLS_4719,Milestone Completion of Task 89,2023-03-05,2023-03-05,Pending,TSK_472_89
PRJ_472,MLS_4720,Milestone Completion of Task 99,2023-03-08,2023-03-23,Delayed,TSK_472_99
PRJ_473,MLS_4721,Milestone Completion of Task 9,2023-02-09,2023-02-05,Pending,TSK_473_09
PRJ_473,MLS_4722,Milestone Completion of Task 19,2023-02-12,2023-02-08,Pending,TSK_473_19
PRJ_473,MLS_4723,Milestone Completion of Task 29,2023-02-15,2023-02-11,Pending,TSK_473_29
PRJ_473,MLS_4724,Milestone Completion of Task 39,2023-02-18,2023-03-05,Delayed,TSK_473_39
PRJ_473,MLS_4725,Milestone Completion of Task 49,2023-02-21,2023-03-08,Delayed,TSK_473_49
PRJ_473,MLS_4726,Milestone Completion of Task 59,2023-02-24,2023-03-11,Delayed,TSK_473_59
PRJ_473,MLS_4727,Milestone Completion of Task 69,2023-02-27,2023-03-14,Delayed,TSK_473_69
PRJ_473,MLS_4728,Milestone Completion of Task 79,2023-03-02,2023-03-11,Delayed,TSK_473_79
PRJ_473,MLS_4729,Milestone Completion of Task 89,2023-03-05,2023-03-20,Delayed,TSK_473_89
PRJ_473,MLS_4730,Milestone Completion of Task 99,2023-03-08,2023-03-04,Pending,TSK_473_99
PRJ_474,MLS_4731,Milestone Completion of Task 9,2023-02-09,2023-02-09,Pending,TSK_474_09
PRJ_474,MLS_4732,Milestone Completion of Task 19,2023-02-12,2023-02-08,Pending,TSK_474_19
PRJ_474,MLS_4733,Milestone Completion of Task 29,2023-02-15,2023-02-21,Delayed,TSK_474_29
PRJ_474,MLS_4734,Milestone Completion of Task 39,2023-02-18,2023-02-14,Pending,TSK_474_39
PRJ_474,MLS_4735,Milestone Completion of Task 49,2023-02-21,2023-03-08,Delayed,TSK_474_49
PRJ_474,MLS_4736,Milestone Completion of Task 59,2023-02-24,2023-03-11,Delayed,TSK_474_59
PRJ_474,MLS_4737,Milestone Completion of Task 69,2023-02-27,2023-03-14,Delayed,TSK_474_69
PRJ_474,MLS_4738,Milestone Completion of Task 79,2023-03-02,2023-02-26,Pending,TSK_474_79
PRJ_474,MLS_4739,Milestone Completion of Task 89,2023-03-05,2023-03-01,Pending,TSK_474_89
PRJ_474,MLS_4740,Milestone Completion of Task 99,2023-03-08,2023-03-23,Delayed,TSK_474_99
PRJ_475,MLS_4741,Milestone Completion of Task 9,2023-02-09,2023-02-05,Pending,TSK_475_09
PRJ_475,MLS_4742,Milestone Completion of Task 19,2023-02-12,2023-02-08,Pending,TSK_475_19
PRJ_475,MLS_4743,Milestone Completion of Task 29,2023-02-15,2023-02-11,Pending,TSK_475_29
PRJ_475,MLS_4744,Milestone Completion of Task 39,2023-02-18,2023-02-18,Pending,TSK_475_39
PRJ_475,MLS_4745,Milestone Completion of Task 49,2023-02-21,2023-02-23,Delayed,TSK_475_49
PRJ_475,MLS_4746,Milestone Completion of Task 59,2023-02-24,2023-03-11,Delayed,TSK_475_59
PRJ_475,MLS_4747,Milestone Completion of Task 69,2023-02-27,2023-02-27,Pending,TSK_475_69
PRJ_475,MLS_4748,Milestone Completion of Task 79,2023-03-02,2023-03-14,Delayed,TSK_475_79
PRJ_475,MLS_4749,Milestone Completion of Task 89,2023-03-05,2023-03-01,Pending,TSK_475_89
PRJ_475,MLS_4750,Milestone Completion of Task 99,2023-03-08,2023-03-15,Delayed,TSK_475_99
PRJ_476,MLS_4751,Milestone Completion of Task 9,2023-02-09,2023-02-24,Delayed,TSK_476_09
PRJ_476,MLS_4752,Milestone Completion of Task 19,2023-02-12,2023-02-17,Delayed,TSK_476_19
PRJ_476,MLS_4753,Milestone Completion of Task 29,2023-02-15,2023-02-11,Pending,TSK_476_29
PRJ_476,MLS_4754,Milestone Completion of Task 39,2023-02-18,2023-03-05,Delayed,TSK_476_39
PRJ_476,MLS_4755,Milestone Completion of Task 49,2023-02-21,2023-02-17,Pending,TSK_476_49
PRJ_476,MLS_4756,Milestone Completion of Task 59,2023-02-24,2023-02-20,Pending,TSK_476_59
PRJ_476,MLS_4757,Milestone Completion of Task 69,2023-02-27,2023-02-23,Pending,TSK_476_69
PRJ_476,MLS_4758,Milestone Completion of Task 79,2023-03-02,2023-02-26,Pending,TSK_476_79
PRJ_476,MLS_4759,Milestone Completion of Task 89,2023-03-05,2023-03-07,Delayed,TSK_476_89
PRJ_476,MLS_4760,Milestone Completion of Task 99,2023-03-08,2023-03-06,Pending,TSK_476_99
PRJ_477,MLS_4761,Milestone Completion of Task 9,2023-02-10,2023-02-25,Delayed,TSK_477_09
PRJ_477,MLS_4762,Milestone Completion of Task 19,2023-02-13,2023-02-09,Pending,TSK_477_19
PRJ_477,MLS_4763,Milestone Completion of Task 29,2023-02-16,2023-03-03,Delayed,TSK_477_29
PRJ_477,MLS_4764,Milestone Completion of Task 39,2023-02-19,2023-03-06,Delayed,TSK_477_39
PRJ_477,MLS_4765,Milestone Completion of Task 49,2023-02-22,2023-02-18,Pending,TSK_477_49
PRJ_477,MLS_4766,Milestone Completion of Task 59,2023-02-25,2023-03-12,Delayed,TSK_477_59
PRJ_477,MLS_4767,Milestone Completion of Task 69,2023-02-28,2023-02-24,Pending,TSK_477_69
PRJ_477,MLS_4768,Milestone Completion of Task 79,2023-03-03,2023-03-18,Delayed,TSK_477_79
PRJ_477,MLS_4769,Milestone Completion of Task 89,2023-03-06,2023-03-21,Delayed,TSK_477_89
PRJ_477,MLS_4770,Milestone Completion of Task 99,2023-03-09,2023-03-09,Pending,TSK_477_99
PRJ_478,MLS_4771,Milestone Completion of Task 9,2023-02-10,2023-02-06,Pending,TSK_478_09
PRJ_478,MLS_4772,Milestone Completion of Task 19,2023-02-13,2023-02-18,Delayed,TSK_478_19
PRJ_478,MLS_4773,Milestone Completion of Task 29,2023-02-16,2023-02-18,Delayed,TSK_478_29
PRJ_478,MLS_4774,Milestone Completion of Task 39,2023-02-19,2023-02-15,Pending,TSK_478_39
PRJ_478,MLS_4775,Milestone Completion of Task 49,2023-02-22,2023-03-09,Delayed,TSK_478_49
PRJ_478,MLS_4776,Milestone Completion of Task 59,2023-02-25,2023-02-23,Pending,TSK_478_59
PRJ_478,MLS_4777,Milestone Completion of Task 69,2023-02-28,2023-03-10,Delayed,TSK_478_69
PRJ_478,MLS_4778,Milestone Completion of Task 79,2023-03-03,2023-02-27,Pending,TSK_478_79
PRJ_478,MLS_4779,Milestone Completion of Task 89,2023-03-06,2023-03-21,Delayed,TSK_478_89
PRJ_478,MLS_4780,Milestone Completion of Task 99,2023-03-09,2023-03-05,Pending,TSK_478_99
PRJ_479,MLS_4781,Milestone Completion of Task 9,2023-02-10,2023-02-06,Pending,TSK_479_09
PRJ_479,MLS_4782,Milestone Completion of Task 19,2023-02-13,2023-02-13,Pending,TSK_479_19
PRJ_479,MLS_4783,Milestone Completion of Task 29,2023-02-16,2023-03-03,Delayed,TSK_479_29
PRJ_479,MLS_4784,Milestone Completion of Task 39,2023-02-19,2023-03-06,Delayed,TSK_479_39
PRJ_479,MLS_4785,Milestone Completion of Task 49,2023-02-22,2023-03-08,Delayed,TSK_479_49
PRJ_479,MLS_4786,Milestone Completion of Task 59,2023-02-25,2023-03-12,Delayed,TSK_479_59
PRJ_479,MLS_4787,Milestone Completion of Task 69,2023-02-28,2023-03-07,Delayed,TSK_479_69
PRJ_479,MLS_4788,Milestone Completion of Task 79,2023-03-03,2023-03-18,Delayed,TSK_479_79
PRJ_479,MLS_4789,Milestone Completion of Task 89,2023-03-06,2023-03-02,Pending,TSK_479_89
PRJ_479,MLS_4790,Milestone Completion of Task 99,2023-03-09,2023-03-24,Delayed,TSK_479_99
PRJ_480,MLS_4791,Milestone Completion of Task 9,2023-02-10,2023-02-25,Delayed,TSK_480_09
PRJ_480,MLS_4792,Milestone Completion of Task 19,2023-02-13,2023-02-09,Pending,TSK_480_19
PRJ_480,MLS_4793,Milestone Completion of Task 29,2023-02-16,2023-02-12,Pending,TSK_480_29
PRJ_480,MLS_4794,Milestone Completion of Task 39,2023-02-19,2023-03-06,Delayed,TSK_480_39
PRJ_480,MLS_4795,Milestone Completion of Task 49,2023-02-22,2023-02-27,Delayed,TSK_480_49
PRJ_480,MLS_4796,Milestone Completion of Task 59,2023-02-25,2023-02-21,Pending,TSK_480_59
PRJ_480,MLS_4797,Milestone Completion of Task 69,2023-02-28,2023-03-15,Delayed,TSK_480_69
PRJ_480,MLS_4798,Milestone Completion of Task 79,2023-03-03,2023-02-27,Pending,TSK_480_79
PRJ_480,MLS_4799,Milestone Completion of Task 89,2023-03-06,2023-03-21,Delayed,TSK_480_89
PRJ_480,MLS_4800,Milestone Completion of Task 99,2023-03-09,2023-03-14,Delayed,TSK_480_99
PRJ_481,MLS_4801,Milestone Completion of Task 9,2023-02-10,2023-02-06,Pending,TSK_481_09
PRJ_481,MLS_4802,Milestone Completion of Task 19,2023-02-13,2023-02-18,Delayed,TSK_481_19
PRJ_481,MLS_4803,Milestone Completion of Task 29,2023-02-16,2023-02-16,Pending,TSK_481_29
PRJ_481,MLS_4804,Milestone Completion of Task 39,2023-02-19,2023-02-15,Pending,TSK_481_39
PRJ_481,MLS_4805,Milestone Completion of Task 49,2023-02-22,2023-02-18,Pending,TSK_481_49
PRJ_481,MLS_4806,Milestone Completion of Task 59,2023-02-25,2023-02-25,Pending,TSK_481_59
PRJ_481,MLS_4807,Milestone Completion of Task 69,2023-02-28,2023-03-15,Delayed,TSK_481_69
PRJ_481,MLS_4808,Milestone Completion of Task 79,2023-03-03,2023-02-27,Pending,TSK_481_79
PRJ_481,MLS_4809,Milestone Completion of Task 89,2023-03-06,2023-03-02,Pending,TSK_481_89
PRJ_481,MLS_4810,Milestone Completion of Task 99,2023-03-09,2023-03-05,Pending,TSK_481_99
PRJ_482,MLS_4811,Milestone Completion of Task 9,2023-02-10,2023-02-10,Pending,TSK_482_09
PRJ_482,MLS_4812,Milestone Completion of Task 19,2023-02-13,2023-02-09,Pending,TSK_482_19
PRJ_482,MLS_4813,Milestone Completion of Task 29,2023-02-16,2023-02-12,Pending,TSK_482_29
PRJ_482,MLS_4814,Milestone Completion of Task 39,2023-02-19,2023-03-06,Delayed,TSK_482_39
PRJ_482,MLS_4815,Milestone Completion of Task 49,2023-02-22,2023-03-08,Delayed,TSK_482_49
PRJ_482,MLS_4816,Milestone Completion of Task 59,2023-02-25,2023-02-27,Delayed,TSK_482_59
PRJ_482,MLS_4817,Milestone Completion of Task 69,2023-02-28,2023-03-15,Delayed,TSK_482_69
PRJ_482,MLS_4818,Milestone Completion of Task 79,2023-03-03,2023-03-03,Pending,TSK_482_79
PRJ_482,MLS_4819,Milestone Completion of Task 89,2023-03-06,2023-03-02,Pending,TSK_482_89
PRJ_482,MLS_4820,Milestone Completion of Task 99,2023-03-09,2023-03-09,Pending,TSK_482_99
PRJ_483,MLS_4821,Milestone Completion of Task 9,2023-02-10,2023-02-06,Pending,TSK_483_09
PRJ_483,MLS_4822,Milestone Completion of Task 19,2023-02-13,2023-02-20,Delayed,TSK_483_19
PRJ_483,MLS_4823,Milestone Completion of Task 29,2023-02-16,2023-02-23,Delayed,TSK_483_29
PRJ_483,MLS_4824,Milestone Completion of Task 39,2023-02-19,2023-02-15,Pending,TSK_483_39
PRJ_483,MLS_4825,Milestone Completion of Task 49,2023-02-22,2023-02-18,Pending,TSK_483_49
PRJ_483,MLS_4826,Milestone Completion of Task 59,2023-02-25,2023-02-21,Pending,TSK_483_59
PRJ_483,MLS_4827,Milestone Completion of Task 69,2023-02-28,2023-02-24,Pending,TSK_483_69
PRJ_483,MLS_4828,Milestone Completion of Task 79,2023-03-03,2023-02-27,Pending,TSK_483_79
PRJ_483,MLS_4829,Milestone Completion of Task 89,2023-03-06,2023-03-02,Pending,TSK_483_89
PRJ_483,MLS_4830,Milestone Completion of Task 99,2023-03-09,2023-03-16,Delayed,TSK_483_99
PRJ_484,MLS_4831,Milestone Completion of Task 9,2023-02-10,2023-02-06,Pending,TSK_484_09
PRJ_484,MLS_4832,Milestone Completion of Task 19,2023-02-13,2023-02-09,Pending,TSK_484_19
PRJ_484,MLS_4833,Milestone Completion of Task 29,2023-02-16,2023-02-16,Pending,TSK_484_29
PRJ_484,MLS_4834,Milestone Completion of Task 39,2023-02-19,2023-02-15,Pending,TSK_484_39
PRJ_484,MLS_4835,Milestone Completion of Task 49,2023-02-22,2023-02-27,Delayed,TSK_484_49
PRJ_484,MLS_4836,Milestone Completion of Task 59,2023-02-25,2023-02-24,Pending,TSK_484_59
PRJ_484,MLS_4837,Milestone Completion of Task 69,2023-02-28,2023-03-01,Delayed,TSK_484_69
PRJ_484,MLS_4838,Milestone Completion of Task 79,2023-03-03,2023-02-27,Pending,TSK_484_79
PRJ_484,MLS_4839,Milestone Completion of Task 89,2023-03-06,2023-03-08,Delayed,TSK_484_89
PRJ_484,MLS_4840,Milestone Completion of Task 99,2023-03-09,2023-03-05,Pending,TSK_484_99
PRJ_485,MLS_4841,Milestone Completion of Task 9,2023-02-10,2023-02-06,Pending,TSK_485_09
PRJ_485,MLS_4842,Milestone Completion of Task 19,2023-02-13,2023-02-28,Delayed,TSK_485_19
PRJ_485,MLS_4843,Milestone Completion of Task 29,2023-02-16,2023-03-03,Delayed,TSK_485_29
PRJ_485,MLS_4844,Milestone Completion of Task 39,2023-02-19,2023-02-15,Pending,TSK_485_39
PRJ_485,MLS_4845,Milestone Completion of Task 49,2023-02-22,2023-02-22,Pending,TSK_485_49
PRJ_485,MLS_4846,Milestone Completion of Task 59,2023-02-25,2023-02-21,Pending,TSK_485_59
PRJ_485,MLS_4847,Milestone Completion of Task 69,2023-02-28,2023-03-15,Delayed,TSK_485_69
PRJ_485,MLS_4848,Milestone Completion of Task 79,2023-03-03,2023-02-27,Pending,TSK_485_79
PRJ_485,MLS_4849,Milestone Completion of Task 89,2023-03-06,2023-03-02,Pending,TSK_485_89
PRJ_485,MLS_4850,Milestone Completion of Task 99,2023-03-09,2023-03-09,Pending,TSK_485_99
PRJ_486,MLS_4851,Milestone Completion of Task 9,2023-02-10,2023-02-25,Delayed,TSK_486_09
PRJ_486,MLS_4852,Milestone Completion of Task 19,2023-02-13,2023-02-18,Delayed,TSK_486_19
PRJ_486,MLS_4853,Milestone Completion of Task 29,2023-02-16,2023-03-03,Delayed,TSK_486_29
PRJ_486,MLS_4854,Milestone Completion of Task 39,2023-02-19,2023-02-15,Pending,TSK_486_39
PRJ_486,MLS_4855,Milestone Completion of Task 49,2023-02-22,2023-02-22,Pending,TSK_486_49
PRJ_486,MLS_4856,Milestone Completion of Task 59,2023-02-25,2023-02-21,Pending,TSK_486_59
PRJ_486,MLS_4857,Milestone Completion of Task 69,2023-02-28,2023-02-26,Pending,TSK_486_69
PRJ_486,MLS_4858,Milestone Completion of Task 79,2023-03-03,2023-03-10,Delayed,TSK_486_79
PRJ_486,MLS_4859,Milestone Completion of Task 89,2023-03-06,2023-03-16,Delayed,TSK_486_89
PRJ_486,MLS_4860,Milestone Completion of Task 99,2023-03-09,2023-03-09,Pending,TSK_486_99
PRJ_487,MLS_4861,Milestone Completion of Task 9,2023-02-10,2023-02-07,Pending,TSK_487_09
PRJ_487,MLS_4862,Milestone Completion of Task 19,2023-02-13,2023-02-18,Delayed,TSK_487_19
PRJ_487,MLS_4863,Milestone Completion of Task 29,2023-02-16,2023-03-03,Delayed,TSK_487_29
PRJ_487,MLS_4864,Milestone Completion of Task 39,2023-02-19,2023-02-16,Pending,TSK_487_39
PRJ_487,MLS_4865,Milestone Completion of Task 49,2023-02-22,2023-03-09,Delayed,TSK_487_49
PRJ_487,MLS_4866,Milestone Completion of Task 59,2023-02-25,2023-02-25,Pending,TSK_487_59
PRJ_487,MLS_4867,Milestone Completion of Task 69,2023-02-28,2023-02-24,Pending,TSK_487_69
PRJ_487,MLS_4868,Milestone Completion of Task 79,2023-03-03,2023-02-27,Pending,TSK_487_79
PRJ_487,MLS_4869,Milestone Completion of Task 89,2023-03-06,2023-03-03,Pending,TSK_487_89
PRJ_487,MLS_4870,Milestone Completion of Task 99,2023-03-09,2023-03-12,Delayed,TSK_487_99
PRJ_488,MLS_4871,Milestone Completion of Task 9,2023-02-10,2023-02-10,Pending,TSK_488_09
PRJ_488,MLS_4872,Milestone Completion of Task 19,2023-02-13,2023-02-17,Delayed,TSK_488_19
PRJ_488,MLS_4873,Milestone Completion of Task 29,2023-02-16,2023-02-12,Pending,TSK_488_29
PRJ_488,MLS_4874,Milestone Completion of Task 39,2023-02-19,2023-02-15,Pending,TSK_488_39
PRJ_488,MLS_4875,Milestone Completion of Task 49,2023-02-22,2023-02-22,Pending,TSK_488_49
PRJ_488,MLS_4876,Milestone Completion of Task 59,2023-02-25,2023-03-04,Delayed,TSK_488_59
PRJ_488,MLS_4877,Milestone Completion of Task 69,2023-02-28,2023-02-24,Pending,TSK_488_69
PRJ_488,MLS_4878,Milestone Completion of Task 79,2023-03-03,2023-02-27,Pending,TSK_488_79
PRJ_488,MLS_4879,Milestone Completion of Task 89,2023-03-06,2023-03-04,Pending,TSK_488_89
PRJ_488,MLS_4880,Milestone Completion of Task 99,2023-03-09,2023-03-16,Delayed,TSK_488_99
PRJ_489,MLS_4881,Milestone Completion of Task 9,2023-02-10,2023-02-15,Delayed,TSK_489_09
PRJ_489,MLS_4882,Milestone Completion of Task 19,2023-02-13,2023-02-13,Pending,TSK_489_19
PRJ_489,MLS_4883,Milestone Completion of Task 29,2023-02-16,2023-02-12,Pending,TSK_489_29
PRJ_489,MLS_4884,Milestone Completion of Task 39,2023-02-19,2023-03-06,Delayed,TSK_489_39
PRJ_489,MLS_4885,Milestone Completion of Task 49,2023-02-22,2023-02-22,Pending,TSK_489_49
PRJ_489,MLS_4886,Milestone Completion of Task 59,2023-02-25,2023-02-25,Pending,TSK_489_59
PRJ_489,MLS_4887,Milestone Completion of Task 69,2023-02-28,2023-02-24,Pending,TSK_489_69
PRJ_489,MLS_4888,Milestone Completion of Task 79,2023-03-03,2023-02-27,Pending,TSK_489_79
PRJ_489,MLS_4889,Milestone Completion of Task 89,2023-03-06,2023-03-02,Pending,TSK_489_89
PRJ_489,MLS_4890,Milestone Completion of Task 99,2023-03-09,2023-03-24,Delayed,TSK_489_99
PRJ_490,MLS_4891,Milestone Completion of Task 9,2023-02-10,2023-02-12,Delayed,TSK_490_09
PRJ_490,MLS_4892,Milestone Completion of Task 19,2023-02-13,2023-02-18,Delayed,TSK_490_19
PRJ_490,MLS_4893,Milestone Completion of Task 29,2023-02-16,2023-02-12,Pending,TSK_490_29
PRJ_490,MLS_4894,Milestone Completion of Task 39,2023-02-19,2023-02-15,Pending,TSK_490_39
PRJ_490,MLS_4895,Milestone Completion of Task 49,2023-02-22,2023-02-18,Pending,TSK_490_49
PRJ_490,MLS_4896,Milestone Completion of Task 59,2023-02-25,2023-03-12,Delayed,TSK_490_59
PRJ_490,MLS_4897,Milestone Completion of Task 69,2023-02-28,2023-02-24,Pending,TSK_490_69
PRJ_490,MLS_4898,Milestone Completion of Task 79,2023-03-03,2023-03-03,Pending,TSK_490_79
PRJ_490,MLS_4899,Milestone Completion of Task 89,2023-03-06,2023-03-02,Pending,TSK_490_89
PRJ_490,MLS_4900,Milestone Completion of Task 99,2023-03-09,2023-03-05,Pending,TSK_490_99
PRJ_491,MLS_4901,Milestone Completion of Task 9,2023-02-11,2023-02-26,Delayed,TSK_491_09
PRJ_491,MLS_4902,Milestone Completion of Task 19,2023-02-14,2023-02-10,Pending,TSK_491_19
PRJ_491,MLS_4903,Milestone Completion of Task 29,2023-02-17,2023-03-04,Delayed,TSK_491_29
PRJ_491,MLS_4904,Milestone Completion of Task 39,2023-02-20,2023-02-16,Pending,TSK_491_39
PRJ_491,MLS_4905,Milestone Completion of Task 49,2023-02-23,2023-03-08,Delayed,TSK_491_49
PRJ_491,MLS_4906,Milestone Completion of Task 59,2023-02-26,2023-02-22,Pending,TSK_491_59
PRJ_491,MLS_4907,Milestone Completion of Task 69,2023-03-01,2023-03-16,Delayed,TSK_491_69
PRJ_491,MLS_4908,Milestone Completion of Task 79,2023-03-04,2023-03-19,Delayed,TSK_491_79
PRJ_491,MLS_4909,Milestone Completion of Task 89,2023-03-07,2023-03-03,Pending,TSK_491_89
PRJ_491,MLS_4910,Milestone Completion of Task 99,2023-03-10,2023-03-25,Delayed,TSK_491_99
PRJ_492,MLS_4911,Milestone Completion of Task 9,2023-02-11,2023-02-08,Pending,TSK_492_09
PRJ_492,MLS_4912,Milestone Completion of Task 19,2023-02-14,2023-02-10,Pending,TSK_492_19
PRJ_492,MLS_4913,Milestone Completion of Task 29,2023-02-17,2023-02-13,Pending,TSK_492_29
PRJ_492,MLS_4914,Milestone Completion of Task 39,2023-02-20,2023-02-25,Delayed,TSK_492_39
PRJ_492,MLS_4915,Milestone Completion of Task 49,2023-02-23,2023-03-05,Delayed,TSK_492_49
PRJ_492,MLS_4916,Milestone Completion of Task 59,2023-02-26,2023-02-22,Pending,TSK_492_59
PRJ_492,MLS_4917,Milestone Completion of Task 69,2023-03-01,2023-02-25,Pending,TSK_492_69
PRJ_492,MLS_4918,Milestone Completion of Task 79,2023-03-04,2023-02-28,Pending,TSK_492_79
PRJ_492,MLS_4919,Milestone Completion of Task 89,2023-03-07,2023-03-03,Pending,TSK_492_89
PRJ_492,MLS_4920,Milestone Completion of Task 99,2023-03-10,2023-03-06,Pending,TSK_492_99
PRJ_493,MLS_4921,Milestone Completion of Task 9,2023-02-11,2023-02-26,Delayed,TSK_493_09
PRJ_493,MLS_4922,Milestone Completion of Task 19,2023-02-14,2023-02-10,Pending,TSK_493_19
PRJ_493,MLS_4923,Milestone Completion of Task 29,2023-02-17,2023-02-13,Pending,TSK_493_29
PRJ_493,MLS_4924,Milestone Completion of Task 39,2023-02-20,2023-02-16,Pending,TSK_493_39
PRJ_493,MLS_4925,Milestone Completion of Task 49,2023-02-23,2023-02-19,Pending,TSK_493_49
PRJ_493,MLS_4926,Milestone Completion of Task 59,2023-02-26,2023-03-13,Delayed,TSK_493_59
PRJ_493,MLS_4927,Milestone Completion of Task 69,2023-03-01,2023-02-25,Pending,TSK_493_69
PRJ_493,MLS_4928,Milestone Completion of Task 79,2023-03-04,2023-03-19,Delayed,TSK_493_79
PRJ_493,MLS_4929,Milestone Completion of Task 89,2023-03-07,2023-03-03,Pending,TSK_493_89
PRJ_493,MLS_4930,Milestone Completion of Task 99,2023-03-10,2023-03-16,Delayed,TSK_493_99
PRJ_494,MLS_4931,Milestone Completion of Task 9,2023-02-11,2023-02-07,Pending,TSK_494_09
PRJ_494,MLS_4932,Milestone Completion of Task 19,2023-02-14,2023-02-21,Delayed,TSK_494_19
PRJ_494,MLS_4933,Milestone Completion of Task 29,2023-02-17,2023-02-13,Pending,TSK_494_29
PRJ_494,MLS_4934,Milestone Completion of Task 39,2023-02-20,2023-02-16,Pending,TSK_494_39
PRJ_494,MLS_4935,Milestone Completion of Task 49,2023-02-23,2023-02-19,Pending,TSK_494_49
PRJ_494,MLS_4936,Milestone Completion of Task 59,2023-02-26,2023-03-13,Delayed,TSK_494_59
PRJ_494,MLS_4937,Milestone Completion of Task 69,2023-03-01,2023-02-27,Pending,TSK_494_69
PRJ_494,MLS_4938,Milestone Completion of Task 79,2023-03-04,2023-02-28,Pending,TSK_494_79
PRJ_494,MLS_4939,Milestone Completion of Task 89,2023-03-07,2023-03-07,Pending,TSK_494_89
PRJ_494,MLS_4940,Milestone Completion of Task 99,2023-03-10,2023-03-10,Pending,TSK_494_99
PRJ_495,MLS_4941,Milestone Completion of Task 9,2023-02-11,2023-02-11,Pending,TSK_495_09
PRJ_495,MLS_4942,Milestone Completion of Task 19,2023-02-14,2023-02-14,Pending,TSK_495_19
PRJ_495,MLS_4943,Milestone Completion of Task 29,2023-02-17,2023-02-24,Delayed,TSK_495_29
PRJ_495,MLS_4944,Milestone Completion of Task 39,2023-02-20,2023-02-16,Pending,TSK_495_39
PRJ_495,MLS_4945,Milestone Completion of Task 49,2023-02-23,2023-02-19,Pending,TSK_495_49
PRJ_495,MLS_4946,Milestone Completion of Task 59,2023-02-26,2023-02-22,Pending,TSK_495_59
PRJ_495,MLS_4947,Milestone Completion of Task 69,2023-03-01,2023-03-16,Delayed,TSK_495_69
PRJ_495,MLS_4948,Milestone Completion of Task 79,2023-03-04,2023-03-09,Delayed,TSK_495_79
PRJ_495,MLS_4949,Milestone Completion of Task 89,2023-03-07,2023-03-07,Pending,TSK_495_89
PRJ_495,MLS_4950,Milestone Completion of Task 99,2023-03-10,2023-03-06,Pending,TSK_495_99
PRJ_496,MLS_4951,Milestone Completion of Task 9,2023-02-11,2023-02-23,Delayed,TSK_496_09
PRJ_496,MLS_4952,Milestone Completion of Task 19,2023-02-14,2023-02-10,Pending,TSK_496_19
PRJ_496,MLS_4953,Milestone Completion of Task 29,2023-02-17,2023-02-25,Delayed,TSK_496_29
PRJ_496,MLS_4954,Milestone Completion of Task 39,2023-02-20,2023-02-20,Pending,TSK_496_39
PRJ_496,MLS_4955,Milestone Completion of Task 49,2023-02-23,2023-02-19,Pending,TSK_496_49
PRJ_496,MLS_4956,Milestone Completion of Task 59,2023-02-26,2023-02-24,Pending,TSK_496_59
PRJ_496,MLS_4957,Milestone Completion of Task 69,2023-03-01,2023-03-08,Delayed,TSK_496_69
PRJ_496,MLS_4958,Milestone Completion of Task 79,2023-03-04,2023-03-15,Delayed,TSK_496_79
PRJ_496,MLS_4959,Milestone Completion of Task 89,2023-03-07,2023-03-07,Pending,TSK_496_89
PRJ_496,MLS_4960,Milestone Completion of Task 99,2023-03-10,2023-03-10,Pending,TSK_496_99
PRJ_497,MLS_4961,Milestone Completion of Task 9,2023-02-11,2023-02-07,Pending,TSK_497_09
PRJ_497,MLS_4962,Milestone Completion of Task 19,2023-02-14,2023-03-01,Delayed,TSK_497_19
PRJ_497,MLS_4963,Milestone Completion of Task 29,2023-02-17,2023-03-04,Delayed,TSK_497_29
PRJ_497,MLS_4964,Milestone Completion of Task 39,2023-02-20,2023-02-16,Pending,TSK_497_39
PRJ_497,MLS_4965,Milestone Completion of Task 49,2023-02-23,2023-02-19,Pending,TSK_497_49
PRJ_497,MLS_4966,Milestone Completion of Task 59,2023-02-26,2023-03-13,Delayed,TSK_497_59
PRJ_497,MLS_4967,Milestone Completion of Task 69,2023-03-01,2023-03-16,Delayed,TSK_497_69
PRJ_497,MLS_4968,Milestone Completion of Task 79,2023-03-04,2023-02-28,Pending,TSK_497_79
PRJ_497,MLS_4969,Milestone Completion of Task 89,2023-03-07,2023-03-22,Delayed,TSK_497_89
PRJ_497,MLS_4970,Milestone Completion of Task 99,2023-03-10,2023-03-25,Delayed,TSK_497_99
PRJ_498,MLS_4971,Milestone Completion of Task 9,2023-02-11,2023-02-07,Pending,TSK_498_09
PRJ_498,MLS_4972,Milestone Completion of Task 19,2023-02-14,2023-02-10,Pending,TSK_498_19
PRJ_498,MLS_4973,Milestone Completion of Task 29,2023-02-17,2023-02-17,Pending,TSK_498_29
PRJ_498,MLS_4974,Milestone Completion of Task 39,2023-02-20,2023-02-16,Pending,TSK_498_39
PRJ_498,MLS_4975,Milestone Completion of Task 49,2023-02-23,2023-02-19,Pending,TSK_498_49
PRJ_498,MLS_4976,Milestone Completion of Task 59,2023-02-26,2023-03-13,Delayed,TSK_498_59
PRJ_498,MLS_4977,Milestone Completion of Task 69,2023-03-01,2023-03-16,Delayed,TSK_498_69
PRJ_498,MLS_4978,Milestone Completion of Task 79,2023-03-04,2023-03-19,Delayed,TSK_498_79
PRJ_498,MLS_4979,Milestone Completion of Task 89,2023-03-07,2023-03-03,Pending,TSK_498_89
PRJ_498,MLS_4980,Milestone Completion of Task 99,2023-03-10,2023-03-25,Delayed,TSK_498_99
PRJ_499,MLS_4981,Milestone Completion of Task 9,2023-02-11,2023-02-26,Delayed,TSK_499_09
PRJ_499,MLS_4982,Milestone Completion of Task 19,2023-02-14,2023-02-10,Pending,TSK_499_19
PRJ_499,MLS_4983,Milestone Completion of Task 29,2023-02-17,2023-03-04,Delayed,TSK_499_29
PRJ_499,MLS_4984,Milestone Completion of Task 39,2023-02-20,2023-02-20,Pending,TSK_499_39
PRJ_499,MLS_4985,Milestone Completion of Task 49,2023-02-23,2023-02-19,Pending,TSK_499_49
PRJ_499,MLS_4986,Milestone Completion of Task 59,2023-02-26,2023-02-22,Pending,TSK_499_59
PRJ_499,MLS_4987,Milestone Completion of Task 69,2023-03-01,2023-03-01,Pending,TSK_499_69
PRJ_499,MLS_4988,Milestone Completion of Task 79,2023-03-04,2023-02-28,Pending,TSK_499_79
PRJ_499,MLS_4989,Milestone Completion of Task 89,2023-03-07,2023-03-22,Delayed,TSK_499_89
PRJ_499,MLS_4990,Milestone Completion of Task 99,2023-03-10,2023-03-06,Pending,TSK_499_99
PRJ_500,MLS_4991,Milestone Completion of Task 9,2023-02-11,2023-02-18,Delayed,TSK_500_09
PRJ_500,MLS_4992,Milestone Completion of Task 19,2023-02-14,2023-02-26,Delayed,TSK_500_19
PRJ_500,MLS_4993,Milestone Completion of Task 29,2023-02-17,2023-03-01,Delayed,TSK_500_29
PRJ_500,MLS_4994,Milestone Completion of Task 39,2023-02-20,2023-02-16,Pending,TSK_500_39
PRJ_500,MLS_4995,Milestone Completion of Task 49,2023-02-23,2023-02-19,Pending,TSK_500_49
PRJ_500,MLS_4996,Milestone Completion of Task 59,2023-02-26,2023-02-22,Pending,TSK_500_59
PRJ_500,MLS_4997,Milestone Completion of Task 69,2023-03-01,2023-02-25,Pending,TSK_500_69
PRJ_500,MLS_4998,Milestone Completion of Task 79,2023-03-04,2023-03-19,Delayed,TSK_500_79
PRJ_500,MLS_4999,Milestone Completion of Task 89,2023-03-07,2023-03-07,Pending,TSK_500_89
PRJ_500,MLS_5000,Milestone Completion of Task 99,2023-03-10,2023-03-06,Pending,TSK_500_99
